bonferroni_p_value,bootstrap_lower,bootstrap_upper,data_source,economic_result_basis,execution_cost_block,family,largest_contribution,losses,matched_events,matched_matches,mean_pnl,net_pnl,numeric_provenance,object,pnl_without_largest,q_value,raw_p_value,reject_reason,rule_id,sample_count,selection_eligible,time_interval,unit,wins
1.0,-52.299612499999995,21.491512499999974,ResearchRun,GROSS_REFERENCE_PROXY,BLOCK_DATA_FEE_SLIPPAGE_LIQUIDITY,path_behavior,-0.915,563,1686,1686,-0.00904982206405693,-15.257999999999985,OBSERVED_VALUE,all_training_conditions,-14.343,0.9720775371442447,0.7975202479752025,FDR_NOT_SIGNIFICANT,absolute_change_ge_-0.0025,1,False,UNKNOWN,record,1123
1.0,-22.779449999999986,50.09428750000001,ResearchRun,GROSS_REFERENCE_PROXY,BLOCK_DATA_FEE_SLIPPAGE_LIQUIDITY,pairwise,-0.925,710,1684,1684,0.007727137767220904,13.012500000000003,OBSERVED_VALUE,all_training_conditions,13.937500000000007,0.9720775371442447,0.2460753924607539,FDR_NOT_SIGNIFICANT,absolute_change_ge_-0.0025__and__elapsed_seconds_ge_-23,1,False,UNKNOWN,record,974
1.0,-19.862637499999963,53.40233749999999,ResearchRun,GROSS_REFERENCE_PROXY,BLOCK_DATA_FEE_SLIPPAGE_LIQUIDITY,pairwise,-0.925,699,1684,1684,0.010059679334916876,16.940500000000018,OBSERVED_VALUE,all_training_conditions,17.865500000000004,0.9720775371442447,0.17628237176282371,FDR_NOT_SIGNIFICANT,absolute_change_ge_-0.0025__and__elapsed_seconds_ge_-38,1,False,UNKNOWN,record,985
1.0,-52.80764999999999,20.901812499999988,ResearchRun,GROSS_REFERENCE_PROXY,BLOCK_DATA_FEE_SLIPPAGE_LIQUIDITY,pairwise,-0.915,563,1686,1686,-0.00904982206405693,-15.257999999999985,OBSERVED_VALUE,all_training_conditions,-14.343,0.9720775371442447,0.789021097890211,FDR_NOT_SIGNIFICANT,absolute_change_ge_-0.0025__and__elapsed_seconds_ge_-4388,1,False,UNKNOWN,record,1123
1.0,-21.539262500000003,51.34404999999998,ResearchRun,GROSS_REFERENCE_PROXY,BLOCK_DATA_FEE_SLIPPAGE_LIQUIDITY,pairwise,-0.925,671,1686,1686,0.008685646500593133,14.644000000000023,OBSERVED_VALUE,all_training_conditions,15.569000000000006,0.9720775371442447,0.21287871212878712,FDR_NOT_SIGNIFICANT,absolute_change_ge_-0.0025__and__elapsed_seconds_ge_-52,1,False,UNKNOWN,record,1015
1.0,-22.217062499999987,50.314462499999976,ResearchRun,GROSS_REFERENCE_PROXY,BLOCK_DATA_FEE_SLIPPAGE_LIQUIDITY,pairwise,-0.925,712,1684,1684,0.008659441805225649,14.582499999999992,OBSERVED_VALUE,all_training_conditions,15.507500000000007,0.9720775371442447,0.21827817218278173,FDR_NOT_SIGNIFICANT,absolute_change_ge_-0.0025__and__elapsed_seconds_ge_300,1,False,UNKNOWN,record,972
1.0,-49.725974999999984,21.423587499999993,ResearchRun,GROSS_REFERENCE_PROXY,BLOCK_DATA_FEE_SLIPPAGE_LIQUIDITY,pairwise,-0.915,551,1652,1652,-0.008779055690072634,-14.50299999999999,OBSERVED_VALUE,all_training_conditions,-13.587999999999997,0.9720775371442447,0.7808219178082192,FDR_NOT_SIGNIFICANT,absolute_change_ge_-0.0025__and__elapsed_seconds_lt_-23,1,False,UNKNOWN,record,1101
1.0,-50.16978750000001,21.65893749999994,ResearchRun,GROSS_REFERENCE_PROXY,BLOCK_DATA_FEE_SLIPPAGE_LIQUIDITY,pairwise,-0.915,528,1585,1585,-0.008734384858044156,-13.843999999999987,OBSERVED_VALUE,all_training_conditions,-12.928999999999998,0.9720775371442447,0.7741225877412259,FDR_NOT_SIGNIFICANT,absolute_change_ge_-0.0025__and__elapsed_seconds_lt_-38,1,False,UNKNOWN,record,1057
1.0,-44.04501249999999,22.311537499999996,ResearchRun,GROSS_REFERENCE_PROXY,BLOCK_DATA_FEE_SLIPPAGE_LIQUIDITY,pairwise,-0.915,443,1330,1330,-0.007730451127819553,-10.281500000000005,OBSERVED_VALUE,all_training_conditions,-9.366499999999998,0.9720775371442447,0.7227277272272773,FDR_NOT_SIGNIFICANT,absolute_change_ge_-0.0025__and__elapsed_seconds_lt_-52,1,False,UNKNOWN,record,887
1.0,-52.04934999999999,19.633487499999998,ResearchRun,GROSS_REFERENCE_PROXY,BLOCK_DATA_FEE_SLIPPAGE_LIQUIDITY,pairwise,-0.915,563,1686,1686,-0.00904982206405693,-15.257999999999985,OBSERVED_VALUE,all_training_conditions,-14.343,0.9720775371442447,0.7944205579442056,FDR_NOT_SIGNIFICANT,absolute_change_ge_-0.0025__and__elapsed_seconds_lt_300,1,False,UNKNOWN,record,1123
1.0,-39.817562499999994,17.58142499999999,ResearchRun,GROSS_REFERENCE_PROXY,BLOCK_DATA_FEE_SLIPPAGE_LIQUIDITY,pairwise,-0.905,348,1031,1031,-0.010561105722599412,-10.888499999999993,OBSERVED_VALUE,all_training_conditions,-9.983499999999998,0.9720775371442447,0.7668233176682332,FDR_NOT_SIGNIFICANT,absolute_change_ge_-0.0025__and__level_eq_ATP,1,False,UNKNOWN,record,683
1.0,-26.731125000000002,17.649624999999993,ResearchRun,GROSS_REFERENCE_PROXY,BLOCK_DATA_FEE_SLIPPAGE_LIQUIDITY,pairwise,-0.915,215,655,655,-0.00667099236641222,-4.369500000000004,OBSERVED_VALUE,all_training_conditions,-3.4545000000000003,0.9720775371442447,0.6545345465453455,FDR_NOT_SIGNIFICANT,absolute_change_ge_-0.0025__and__level_eq_WTA,1,False,UNKNOWN,record,440
1.0,-52.99606249999998,20.4109125,ResearchRun,GROSS_REFERENCE_PROXY,BLOCK_DATA_FEE_SLIPPAGE_LIQUIDITY,path_behavior,-0.915,563,1686,1686,-0.00904982206405693,-15.257999999999985,OBSERVED_VALUE,all_training_conditions,-14.343,0.9720775371442447,0.797920207979202,FDR_NOT_SIGNIFICANT,absolute_change_ge_-0.055,1,False,UNKNOWN,record,1123
1.0,-32.28821249999998,40.176099999999984,ResearchRun,GROSS_REFERENCE_PROXY,BLOCK_DATA_FEE_SLIPPAGE_LIQUIDITY,pairwise,-0.925,564,1684,1684,0.0024593230403800277,4.141499999999967,OBSERVED_VALUE,all_training_conditions,5.0665000000000004,0.9720775371442447,0.41625837416258377,FDR_NOT_SIGNIFICANT,absolute_change_ge_-0.055__and__elapsed_seconds_ge_-23,1,False,UNKNOWN,record,1120
1.0,-32.769875000000006,39.57671249999998,ResearchRun,GROSS_REFERENCE_PROXY,BLOCK_DATA_FEE_SLIPPAGE_LIQUIDITY,pairwise,-0.925,563,1684,1684,0.002649346793349159,4.461499999999983,OBSERVED_VALUE,all_training_conditions,5.386500000000001,0.9720775371442447,0.40405959404059594,FDR_NOT_SIGNIFICANT,absolute_change_ge_-0.055__and__elapsed_seconds_ge_-38,1,False,UNKNOWN,record,1121
1.0,-52.67492499999998,21.17557499999999,ResearchRun,GROSS_REFERENCE_PROXY,BLOCK_DATA_FEE_SLIPPAGE_LIQUIDITY,pairwise,-0.915,563,1686,1686,-0.00904982206405693,-15.257999999999985,OBSERVED_VALUE,all_training_conditions,-14.343,0.9720775371442447,0.7898210178982101,FDR_NOT_SIGNIFICANT,absolute_change_ge_-0.055__and__elapsed_seconds_ge_-4388,1,False,UNKNOWN,record,1123
1.0,-37.092824999999976,35.4641125,ResearchRun,GROSS_REFERENCE_PROXY,BLOCK_DATA_FEE_SLIPPAGE_LIQUIDITY,pairwise,-0.925,565,1686,1686,-0.0005011862396204189,-0.8450000000000263,OBSERVED_VALUE,all_training_conditions,0.08000000000000473,0.9720775371442447,0.5113488651134886,FDR_NOT_SIGNIFICANT,absolute_change_ge_-0.055__and__elapsed_seconds_ge_-52,1,False,UNKNOWN,record,1121
1.0,-32.00432499999999,40.96082499999995,ResearchRun,GROSS_REFERENCE_PROXY,BLOCK_DATA_FEE_SLIPPAGE_LIQUIDITY,pairwise,-0.925,563,1684,1684,0.0030650237529691177,5.161499999999994,OBSERVED_VALUE,all_training_conditions,6.0865,0.9720775371442447,0.40115988401159886,FDR_NOT_SIGNIFICANT,absolute_change_ge_-0.055__and__elapsed_seconds_ge_300,1,False,UNKNOWN,record,1121
1.0,-50.327087500000005,22.412049999999986,ResearchRun,GROSS_REFERENCE_PROXY,BLOCK_DATA_FEE_SLIPPAGE_LIQUIDITY,pairwise,-0.915,551,1652,1652,-0.008779055690072634,-14.50299999999999,OBSERVED_VALUE,all_training_conditions,-13.587999999999997,0.9720775371442447,0.7842215778422158,FDR_NOT_SIGNIFICANT,absolute_change_ge_-0.055__and__elapsed_seconds_lt_-23,1,False,UNKNOWN,record,1101
1.0,-50.6341375,21.24992499999996,ResearchRun,GROSS_REFERENCE_PROXY,BLOCK_DATA_FEE_SLIPPAGE_LIQUIDITY,pairwise,-0.915,528,1585,1585,-0.008734384858044156,-13.843999999999987,OBSERVED_VALUE,all_training_conditions,-12.928999999999998,0.9720775371442447,0.7754224577542246,FDR_NOT_SIGNIFICANT,absolute_change_ge_-0.055__and__elapsed_seconds_lt_-38,1,False,UNKNOWN,record,1057
1.0,-42.14337499999999,21.882099999999976,ResearchRun,GROSS_REFERENCE_PROXY,BLOCK_DATA_FEE_SLIPPAGE_LIQUIDITY,pairwise,-0.915,443,1330,1330,-0.007730451127819553,-10.281500000000005,OBSERVED_VALUE,all_training_conditions,-9.366499999999998,0.9720775371442447,0.7235276472352765,FDR_NOT_SIGNIFICANT,absolute_change_ge_-0.055__and__elapsed_seconds_lt_-52,1,False,UNKNOWN,record,887
1.0,-52.17174999999999,20.893549999999994,ResearchRun,GROSS_REFERENCE_PROXY,BLOCK_DATA_FEE_SLIPPAGE_LIQUIDITY,pairwise,-0.915,563,1686,1686,-0.00904982206405693,-15.257999999999985,OBSERVED_VALUE,all_training_conditions,-14.343,0.9720775371442447,0.796020397960204,FDR_NOT_SIGNIFICANT,absolute_change_ge_-0.055__and__elapsed_seconds_lt_300,1,False,UNKNOWN,record,1123
1.0,-39.3220625,17.591774999999995,ResearchRun,GROSS_REFERENCE_PROXY,BLOCK_DATA_FEE_SLIPPAGE_LIQUIDITY,pairwise,-0.905,348,1031,1031,-0.010561105722599412,-10.888499999999993,OBSERVED_VALUE,all_training_conditions,-9.983499999999998,0.9720775371442447,0.7712228777122287,FDR_NOT_SIGNIFICANT,absolute_change_ge_-0.055__and__level_eq_ATP,1,False,UNKNOWN,record,683
1.0,-26.749112500000003,18.419112499999994,ResearchRun,GROSS_REFERENCE_PROXY,BLOCK_DATA_FEE_SLIPPAGE_LIQUIDITY,pairwise,-0.915,215,655,655,-0.00667099236641222,-4.369500000000004,OBSERVED_VALUE,all_training_conditions,-3.4545000000000003,0.9720775371442447,0.6488351164883511,FDR_NOT_SIGNIFICANT,absolute_change_ge_-0.055__and__level_eq_WTA,1,False,UNKNOWN,record,440
1.0,-52.469174999999986,21.13148749999999,ResearchRun,GROSS_REFERENCE_PROXY,BLOCK_DATA_FEE_SLIPPAGE_LIQUIDITY,path_behavior,-0.915,563,1686,1686,-0.00904982206405693,-15.257999999999985,OBSERVED_VALUE,all_training_conditions,-14.343,0.9720775371442447,0.7922207779222078,FDR_NOT_SIGNIFICANT,absolute_change_ge_-0.455,1,False,UNKNOWN,record,1123
1.0,-46.24337500000001,24.920049999999996,ResearchRun,GROSS_REFERENCE_PROXY,BLOCK_DATA_FEE_SLIPPAGE_LIQUIDITY,pairwise,-0.925,554,1684,1684,-0.006807304038004746,-11.463499999999993,OBSERVED_VALUE,all_training_conditions,-10.538499999999996,0.9720775371442447,0.7314268573142686,FDR_NOT_SIGNIFICANT,absolute_change_ge_-0.455__and__elapsed_seconds_ge_-23,1,False,UNKNOWN,record,1130
1.0,-47.69767499999999,24.663824999999985,ResearchRun,GROSS_REFERENCE_PROXY,BLOCK_DATA_FEE_SLIPPAGE_LIQUIDITY,pairwise,-0.925,554,1684,1684,-0.006801365795724462,-11.453499999999995,OBSERVED_VALUE,all_training_conditions,-10.528499999999998,0.9720775371442447,0.7331266873312668,FDR_NOT_SIGNIFICANT,absolute_change_ge_-0.455__and__elapsed_seconds_ge_-38,1,False,UNKNOWN,record,1130
1.0,-52.268137499999995,21.380749999999992,ResearchRun,GROSS_REFERENCE_PROXY,BLOCK_DATA_FEE_SLIPPAGE_LIQUIDITY,pairwise,-0.915,563,1686,1686,-0.00904982206405693,-15.257999999999985,OBSERVED_VALUE,all_training_conditions,-14.343,0.9720775371442447,0.7875212478752125,FDR_NOT_SIGNIFICANT,absolute_change_ge_-0.455__and__elapsed_seconds_ge_-4388,1,False,UNKNOWN,record,1123
1.0,-44.636874999999996,28.52067499999998,ResearchRun,GROSS_REFERENCE_PROXY,BLOCK_DATA_FEE_SLIPPAGE_LIQUIDITY,pairwise,-0.925,551,1686,1686,-0.004629300118623972,-7.8050000000000175,OBSERVED_VALUE,all_training_conditions,-6.88,0.9720775371442447,0.6695330466953304,FDR_NOT_SIGNIFICANT,absolute_change_ge_-0.455__and__elapsed_seconds_ge_-52,1,False,UNKNOWN,record,1135
1.0,-48.085112499999994,24.444599999999998,ResearchRun,GROSS_REFERENCE_PROXY,BLOCK_DATA_FEE_SLIPPAGE_LIQUIDITY,pairwise,-0.925,554,1684,1684,-0.007044833729216149,-11.863499999999995,OBSERVED_VALUE,all_training_conditions,-10.938499999999998,0.9720775371442447,0.7382261773822618,FDR_NOT_SIGNIFICANT,absolute_change_ge_-0.455__and__elapsed_seconds_ge_300,1,False,UNKNOWN,record,1130
1.0,-50.6016625,22.003699999999984,ResearchRun,GROSS_REFERENCE_PROXY,BLOCK_DATA_FEE_SLIPPAGE_LIQUIDITY,pairwise,-0.915,551,1652,1652,-0.008779055690072634,-14.50299999999999,OBSERVED_VALUE,all_training_conditions,-13.587999999999997,0.9720775371442447,0.7813218678132187,FDR_NOT_SIGNIFICANT,absolute_change_ge_-0.455__and__elapsed_seconds_lt_-23,1,False,UNKNOWN,record,1101
1.0,-48.647099999999995,20.94091249999999,ResearchRun,GROSS_REFERENCE_PROXY,BLOCK_DATA_FEE_SLIPPAGE_LIQUIDITY,pairwise,-0.915,528,1585,1585,-0.008734384858044156,-13.843999999999987,OBSERVED_VALUE,all_training_conditions,-12.928999999999998,0.9720775371442447,0.7769223077692231,FDR_NOT_SIGNIFICANT,absolute_change_ge_-0.455__and__elapsed_seconds_lt_-38,1,False,UNKNOWN,record,1057
1.0,-43.35511249999999,21.934524999999976,ResearchRun,GROSS_REFERENCE_PROXY,BLOCK_DATA_FEE_SLIPPAGE_LIQUIDITY,pairwise,-0.915,443,1330,1330,-0.007730451127819553,-10.281500000000005,OBSERVED_VALUE,all_training_conditions,-9.366499999999998,0.9720775371442447,0.7311268873112688,FDR_NOT_SIGNIFICANT,absolute_change_ge_-0.455__and__elapsed_seconds_lt_-52,1,False,UNKNOWN,record,887
1.0,-51.63259999999999,21.863049999999998,ResearchRun,GROSS_REFERENCE_PROXY,BLOCK_DATA_FEE_SLIPPAGE_LIQUIDITY,pairwise,-0.915,563,1686,1686,-0.00904982206405693,-15.257999999999985,OBSERVED_VALUE,all_training_conditions,-14.343,0.9720775371442447,0.7894210578942106,FDR_NOT_SIGNIFICANT,absolute_change_ge_-0.455__and__elapsed_seconds_lt_300,1,False,UNKNOWN,record,1123
1.0,-39.164225,17.905862499999994,ResearchRun,GROSS_REFERENCE_PROXY,BLOCK_DATA_FEE_SLIPPAGE_LIQUIDITY,pairwise,-0.905,348,1031,1031,-0.010561105722599412,-10.888499999999993,OBSERVED_VALUE,all_training_conditions,-9.983499999999998,0.9720775371442447,0.7729227077292271,FDR_NOT_SIGNIFICANT,absolute_change_ge_-0.455__and__level_eq_ATP,1,False,UNKNOWN,record,683
1.0,-26.975262499999996,17.924774999999993,ResearchRun,GROSS_REFERENCE_PROXY,BLOCK_DATA_FEE_SLIPPAGE_LIQUIDITY,pairwise,-0.915,215,655,655,-0.00667099236641222,-4.369500000000004,OBSERVED_VALUE,all_training_conditions,-3.4545000000000003,0.9720775371442447,0.6545345465453455,FDR_NOT_SIGNIFICANT,absolute_change_ge_-0.455__and__level_eq_WTA,1,False,UNKNOWN,record,440
1.0,-12.210687499999999,22.8711625,ResearchRun,GROSS_REFERENCE_PROXY,BLOCK_DATA_FEE_SLIPPAGE_LIQUIDITY,path_behavior,-0.881,147,361,361,0.014106648199446004,5.092500000000007,OBSERVED_VALUE,all_training_conditions,5.9735,0.9720775371442447,0.2836716328367163,FDR_NOT_SIGNIFICANT,absolute_change_ge_0.05,1,False,UNKNOWN,record,214
1.0,-12.31771249999999,22.683237499999986,ResearchRun,GROSS_REFERENCE_PROXY,BLOCK_DATA_FEE_SLIPPAGE_LIQUIDITY,pairwise,-0.881,147,361,361,0.014106648199446004,5.092500000000007,OBSERVED_VALUE,all_training_conditions,5.9735,0.9720775371442447,0.27757224277572246,FDR_NOT_SIGNIFICANT,absolute_change_ge_0.05__and__elapsed_seconds_ge_-23,1,False,UNKNOWN,record,214
1.0,-12.215787499999996,22.549587499999998,ResearchRun,GROSS_REFERENCE_PROXY,BLOCK_DATA_FEE_SLIPPAGE_LIQUIDITY,pairwise,-0.881,147,361,361,0.014106648199446004,5.092500000000007,OBSERVED_VALUE,all_training_conditions,5.9735,0.9720775371442447,0.2903709629037096,FDR_NOT_SIGNIFICANT,absolute_change_ge_0.05__and__elapsed_seconds_ge_-38,1,False,UNKNOWN,record,214
1.0,-12.476562499999998,22.776424999999996,ResearchRun,GROSS_REFERENCE_PROXY,BLOCK_DATA_FEE_SLIPPAGE_LIQUIDITY,pairwise,-0.881,147,361,361,0.014106648199446004,5.092500000000007,OBSERVED_VALUE,all_training_conditions,5.9735,0.9720775371442447,0.2872712728727127,FDR_NOT_SIGNIFICANT,absolute_change_ge_0.05__and__elapsed_seconds_ge_-4388,1,False,UNKNOWN,record,214
1.0,-12.738074999999995,22.6825125,ResearchRun,GROSS_REFERENCE_PROXY,BLOCK_DATA_FEE_SLIPPAGE_LIQUIDITY,pairwise,-0.881,147,361,361,0.014106648199446004,5.092500000000007,OBSERVED_VALUE,all_training_conditions,5.9735,0.9720775371442447,0.28547145285471454,FDR_NOT_SIGNIFICANT,absolute_change_ge_0.05__and__elapsed_seconds_ge_-52,1,False,UNKNOWN,record,214
1.0,-12.358187499999994,22.826487499999992,ResearchRun,GROSS_REFERENCE_PROXY,BLOCK_DATA_FEE_SLIPPAGE_LIQUIDITY,pairwise,-0.881,147,361,361,0.014106648199446004,5.092500000000007,OBSERVED_VALUE,all_training_conditions,5.9735,0.9720775371442447,0.28247175282471754,FDR_NOT_SIGNIFICANT,absolute_change_ge_0.05__and__elapsed_seconds_ge_300,1,False,UNKNOWN,record,214
,,,ResearchRun,GROSS_REFERENCE_PROXY,BLOCK_DATA_FEE_SLIPPAGE_LIQUIDITY,pairwise,,0,0,0,,0.0,OBSERVED_VALUE,all_training_conditions,0.0,,,ZERO_MATCHES,absolute_change_ge_0.05__and__elapsed_seconds_lt_-23,1,False,UNKNOWN,record,0
,,,ResearchRun,GROSS_REFERENCE_PROXY,BLOCK_DATA_FEE_SLIPPAGE_LIQUIDITY,pairwise,,0,0,0,,0.0,OBSERVED_VALUE,all_training_conditions,0.0,,,ZERO_MATCHES,absolute_change_ge_0.05__and__elapsed_seconds_lt_-38,1,False,UNKNOWN,record,0
,,,ResearchRun,GROSS_REFERENCE_PROXY,BLOCK_DATA_FEE_SLIPPAGE_LIQUIDITY,pairwise,,0,0,0,,0.0,OBSERVED_VALUE,all_training_conditions,0.0,,,ZERO_MATCHES,absolute_change_ge_0.05__and__elapsed_seconds_lt_-52,1,False,UNKNOWN,record,0
,,,ResearchRun,GROSS_REFERENCE_PROXY,BLOCK_DATA_FEE_SLIPPAGE_LIQUIDITY,pairwise,,0,0,0,,0.0,OBSERVED_VALUE,all_training_conditions,0.0,,,ZERO_MATCHES,absolute_change_ge_0.05__and__elapsed_seconds_lt_300,1,False,UNKNOWN,record,0
1.0,-12.121712499999997,13.122449999999994,ResearchRun,GROSS_REFERENCE_PROXY,BLOCK_DATA_FEE_SLIPPAGE_LIQUIDITY,pairwise,-0.881,75,188,188,0.0026170212765957435,0.49199999999999977,OBSERVED_VALUE,all_training_conditions,1.3729999999999998,0.9720775371442447,0.47625237476252374,FDR_NOT_SIGNIFICANT,absolute_change_ge_0.05__and__level_eq_ATP,1,False,UNKNOWN,record,113
1.0,-7.342762499999994,16.4886125,ResearchRun,GROSS_REFERENCE_PROXY,BLOCK_DATA_FEE_SLIPPAGE_LIQUIDITY,pairwise,0.855,72,173,173,0.02659248554913296,4.600500000000002,OBSERVED_VALUE,all_training_conditions,3.7455000000000003,0.9720775371442447,0.22367763223677634,FDR_NOT_SIGNIFICANT,absolute_change_ge_0.05__and__level_eq_WTA,1,False,UNKNOWN,record,101
1.0,0.22499999999999998,0.22499999999999998,ResearchRun,GROSS_REFERENCE_PROXY,BLOCK_DATA_FEE_SLIPPAGE_LIQUIDITY,path_behavior,0.22499999999999998,0,1,1,0.22499999999999998,0.22499999999999998,OBSERVED_VALUE,all_training_conditions,0.0,0.9720775371442447,0.49945005499450057,FDR_NOT_SIGNIFICANT,absolute_change_ge_0.455,1,False,UNKNOWN,record,1
1.0,0.22499999999999998,0.22499999999999998,ResearchRun,GROSS_REFERENCE_PROXY,BLOCK_DATA_FEE_SLIPPAGE_LIQUIDITY,pairwise,0.22499999999999998,0,1,1,0.22499999999999998,0.22499999999999998,OBSERVED_VALUE,all_training_conditions,0.0,0.9720775371442447,0.5026497350264973,FDR_NOT_SIGNIFICANT,absolute_change_ge_0.455__and__elapsed_seconds_ge_-23,1,False,UNKNOWN,record,1
1.0,0.22499999999999998,0.22499999999999998,ResearchRun,GROSS_REFERENCE_PROXY,BLOCK_DATA_FEE_SLIPPAGE_LIQUIDITY,pairwise,0.22499999999999998,0,1,1,0.22499999999999998,0.22499999999999998,OBSERVED_VALUE,all_training_conditions,0.0,0.9720775371442447,0.4931506849315068,FDR_NOT_SIGNIFICANT,absolute_change_ge_0.455__and__elapsed_seconds_ge_-38,1,False,UNKNOWN,record,1
1.0,0.22499999999999998,0.22499999999999998,ResearchRun,GROSS_REFERENCE_PROXY,BLOCK_DATA_FEE_SLIPPAGE_LIQUIDITY,pairwise,0.22499999999999998,0,1,1,0.22499999999999998,0.22499999999999998,OBSERVED_VALUE,all_training_conditions,0.0,0.9720775371442447,0.5003499650034996,FDR_NOT_SIGNIFICANT,absolute_change_ge_0.455__and__elapsed_seconds_ge_-4388,1,False,UNKNOWN,record,1
1.0,0.22499999999999998,0.22499999999999998,ResearchRun,GROSS_REFERENCE_PROXY,BLOCK_DATA_FEE_SLIPPAGE_LIQUIDITY,pairwise,0.22499999999999998,0,1,1,0.22499999999999998,0.22499999999999998,OBSERVED_VALUE,all_training_conditions,0.0,0.9720775371442447,0.4988501149885011,FDR_NOT_SIGNIFICANT,absolute_change_ge_0.455__and__elapsed_seconds_ge_-52,1,False,UNKNOWN,record,1
1.0,0.22499999999999998,0.22499999999999998,ResearchRun,GROSS_REFERENCE_PROXY,BLOCK_DATA_FEE_SLIPPAGE_LIQUIDITY,pairwise,0.22499999999999998,0,1,1,0.22499999999999998,0.22499999999999998,OBSERVED_VALUE,all_training_conditions,0.0,0.9720775371442447,0.49255074492550743,FDR_NOT_SIGNIFICANT,absolute_change_ge_0.455__and__elapsed_seconds_ge_300,1,False,UNKNOWN,record,1
,,,ResearchRun,GROSS_REFERENCE_PROXY,BLOCK_DATA_FEE_SLIPPAGE_LIQUIDITY,pairwise,,0,0,0,,0.0,OBSERVED_VALUE,all_training_conditions,0.0,,,ZERO_MATCHES,absolute_change_ge_0.455__and__elapsed_seconds_lt_-23,1,False,UNKNOWN,record,0
,,,ResearchRun,GROSS_REFERENCE_PROXY,BLOCK_DATA_FEE_SLIPPAGE_LIQUIDITY,pairwise,,0,0,0,,0.0,OBSERVED_VALUE,all_training_conditions,0.0,,,ZERO_MATCHES,absolute_change_ge_0.455__and__elapsed_seconds_lt_-38,1,False,UNKNOWN,record,0
,,,ResearchRun,GROSS_REFERENCE_PROXY,BLOCK_DATA_FEE_SLIPPAGE_LIQUIDITY,pairwise,,0,0,0,,0.0,OBSERVED_VALUE,all_training_conditions,0.0,,,ZERO_MATCHES,absolute_change_ge_0.455__and__elapsed_seconds_lt_-52,1,False,UNKNOWN,record,0
,,,ResearchRun,GROSS_REFERENCE_PROXY,BLOCK_DATA_FEE_SLIPPAGE_LIQUIDITY,pairwise,,0,0,0,,0.0,OBSERVED_VALUE,all_training_conditions,0.0,,,ZERO_MATCHES,absolute_change_ge_0.455__and__elapsed_seconds_lt_300,1,False,UNKNOWN,record,0
,,,ResearchRun,GROSS_REFERENCE_PROXY,BLOCK_DATA_FEE_SLIPPAGE_LIQUIDITY,pairwise,,0,0,0,,0.0,OBSERVED_VALUE,all_training_conditions,0.0,,,ZERO_MATCHES,absolute_change_ge_0.455__and__level_eq_ATP,1,False,UNKNOWN,record,0
1.0,0.22499999999999998,0.22499999999999998,ResearchRun,GROSS_REFERENCE_PROXY,BLOCK_DATA_FEE_SLIPPAGE_LIQUIDITY,pairwise,0.22499999999999998,0,1,1,0.22499999999999998,0.22499999999999998,OBSERVED_VALUE,all_training_conditions,0.0,0.9720775371442447,0.5003499650034996,FDR_NOT_SIGNIFICANT,absolute_change_ge_0.455__and__level_eq_WTA,1,False,UNKNOWN,record,1
1.0,-46.091912499999985,20.2440875,ResearchRun,GROSS_REFERENCE_PROXY,BLOCK_DATA_FEE_SLIPPAGE_LIQUIDITY,path_behavior,0.925,769,1388,1388,-0.009261887608069168,-12.855500000000005,OBSERVED_VALUE,all_training_conditions,-13.7805,0.9720775371442447,0.7793220677932207,FDR_NOT_SIGNIFICANT,absolute_change_lt_-0.0025,1,False,UNKNOWN,record,619
1.0,-46.12438749999999,19.85905,ResearchRun,GROSS_REFERENCE_PROXY,BLOCK_DATA_FEE_SLIPPAGE_LIQUIDITY,pairwise,0.925,769,1388,1388,-0.009261887608069168,-12.855500000000005,OBSERVED_VALUE,all_training_conditions,-13.7805,0.9720775371442447,0.7812218778122187,FDR_NOT_SIGNIFICANT,absolute_change_lt_-0.0025__and__elapsed_seconds_ge_-23,1,False,UNKNOWN,record,619
1.0,-45.345862499999974,19.95371249999999,ResearchRun,GROSS_REFERENCE_PROXY,BLOCK_DATA_FEE_SLIPPAGE_LIQUIDITY,pairwise,0.925,769,1388,1388,-0.009261887608069168,-12.855500000000005,OBSERVED_VALUE,all_training_conditions,-13.7805,0.9720775371442447,0.7786221377862214,FDR_NOT_SIGNIFICANT,absolute_change_lt_-0.0025__and__elapsed_seconds_ge_-38,1,False,UNKNOWN,record,619
1.0,-45.602875,20.733549999999997,ResearchRun,GROSS_REFERENCE_PROXY,BLOCK_DATA_FEE_SLIPPAGE_LIQUIDITY,pairwise,0.925,769,1388,1388,-0.009261887608069168,-12.855500000000005,OBSERVED_VALUE,all_training_conditions,-13.7805,0.9720775371442447,0.7766223377662234,FDR_NOT_SIGNIFICANT,absolute_change_lt_-0.0025__and__elapsed_seconds_ge_-4388,1,False,UNKNOWN,record,619
1.0,-45.1524375,20.627749999999992,ResearchRun,GROSS_REFERENCE_PROXY,BLOCK_DATA_FEE_SLIPPAGE_LIQUIDITY,pairwise,0.925,769,1388,1388,-0.009261887608069168,-12.855500000000005,OBSERVED_VALUE,all_training_conditions,-13.7805,0.9720775371442447,0.7771222877712228,FDR_NOT_SIGNIFICANT,absolute_change_lt_-0.0025__and__elapsed_seconds_ge_-52,1,False,UNKNOWN,record,619
1.0,-45.64634999999999,19.592112499999995,ResearchRun,GROSS_REFERENCE_PROXY,BLOCK_DATA_FEE_SLIPPAGE_LIQUIDITY,pairwise,0.925,769,1388,1388,-0.009261887608069168,-12.855500000000005,OBSERVED_VALUE,all_training_conditions,-13.7805,0.9720775371442447,0.7769223077692231,FDR_NOT_SIGNIFICANT,absolute_change_lt_-0.0025__and__elapsed_seconds_ge_300,1,False,UNKNOWN,record,619
,,,ResearchRun,GROSS_REFERENCE_PROXY,BLOCK_DATA_FEE_SLIPPAGE_LIQUIDITY,pairwise,,0,0,0,,0.0,OBSERVED_VALUE,all_training_conditions,0.0,,,ZERO_MATCHES,absolute_change_lt_-0.0025__and__elapsed_seconds_lt_-23,1,False,UNKNOWN,record,0
,,,ResearchRun,GROSS_REFERENCE_PROXY,BLOCK_DATA_FEE_SLIPPAGE_LIQUIDITY,pairwise,,0,0,0,,0.0,OBSERVED_VALUE,all_training_conditions,0.0,,,ZERO_MATCHES,absolute_change_lt_-0.0025__and__elapsed_seconds_lt_-38,1,False,UNKNOWN,record,0
,,,ResearchRun,GROSS_REFERENCE_PROXY,BLOCK_DATA_FEE_SLIPPAGE_LIQUIDITY,pairwise,,0,0,0,,0.0,OBSERVED_VALUE,all_training_conditions,0.0,,,ZERO_MATCHES,absolute_change_lt_-0.0025__and__elapsed_seconds_lt_-52,1,False,UNKNOWN,record,0
,,,ResearchRun,GROSS_REFERENCE_PROXY,BLOCK_DATA_FEE_SLIPPAGE_LIQUIDITY,pairwise,,0,0,0,,0.0,OBSERVED_VALUE,all_training_conditions,0.0,,,ZERO_MATCHES,absolute_change_lt_-0.0025__and__elapsed_seconds_lt_300,1,False,UNKNOWN,record,0
1.0,-40.8124375,10.209274999999995,ResearchRun,GROSS_REFERENCE_PROXY,BLOCK_DATA_FEE_SLIPPAGE_LIQUIDITY,pairwise,0.925,475,838,838,-0.018910501193317438,-15.847000000000012,OBSERVED_VALUE,all_training_conditions,-16.772,0.9799762880854771,0.8805119488051195,FDR_NOT_SIGNIFICANT,absolute_change_lt_-0.0025__and__level_eq_ATP,1,False,UNKNOWN,record,363
1.0,-17.711462499999993,23.322462499999997,ResearchRun,GROSS_REFERENCE_PROXY,BLOCK_DATA_FEE_SLIPPAGE_LIQUIDITY,pairwise,0.905,294,550,550,0.005439090909090923,2.991500000000008,OBSERVED_VALUE,all_training_conditions,2.0864999999999982,0.9720775371442447,0.3818618138186181,FDR_NOT_SIGNIFICANT,absolute_change_lt_-0.0025__and__level_eq_WTA,1,False,UNKNOWN,record,256
1.0,-25.1980375,6.6818999999999935,ResearchRun,GROSS_REFERENCE_PROXY,BLOCK_DATA_FEE_SLIPPAGE_LIQUIDITY,path_behavior,0.881,187,306,306,-0.029877450980392163,-9.142500000000002,OBSERVED_VALUE,all_training_conditions,-10.023500000000002,0.9799762880854771,0.8705129487051295,FDR_NOT_SIGNIFICANT,absolute_change_lt_-0.055,1,False,UNKNOWN,record,119
1.0,-24.7130875,7.112249999999996,ResearchRun,GROSS_REFERENCE_PROXY,BLOCK_DATA_FEE_SLIPPAGE_LIQUIDITY,pairwise,0.881,187,306,306,-0.029877450980392163,-9.142500000000002,OBSERVED_VALUE,all_training_conditions,-10.023500000000002,0.9799762880854771,0.8696130386961304,FDR_NOT_SIGNIFICANT,absolute_change_lt_-0.055__and__elapsed_seconds_ge_-23,1,False,UNKNOWN,record,119
1.0,-25.078487499999994,7.306499999999998,ResearchRun,GROSS_REFERENCE_PROXY,BLOCK_DATA_FEE_SLIPPAGE_LIQUIDITY,pairwise,0.881,187,306,306,-0.029877450980392163,-9.142500000000002,OBSERVED_VALUE,all_training_conditions,-10.023500000000002,0.9799762880854771,0.8620137986201379,FDR_NOT_SIGNIFICANT,absolute_change_lt_-0.055__and__elapsed_seconds_ge_-38,1,False,UNKNOWN,record,119
1.0,-24.937074999999997,6.882174999999989,ResearchRun,GROSS_REFERENCE_PROXY,BLOCK_DATA_FEE_SLIPPAGE_LIQUIDITY,pairwise,0.881,187,306,306,-0.029877450980392163,-9.142500000000002,OBSERVED_VALUE,all_training_conditions,-10.023500000000002,0.9799762880854771,0.8685131486851315,FDR_NOT_SIGNIFICANT,absolute_change_lt_-0.055__and__elapsed_seconds_ge_-4388,1,False,UNKNOWN,record,119
1.0,-24.9305625,6.807499999999999,ResearchRun,GROSS_REFERENCE_PROXY,BLOCK_DATA_FEE_SLIPPAGE_LIQUIDITY,pairwise,0.881,187,306,306,-0.029877450980392163,-9.142500000000002,OBSERVED_VALUE,all_training_conditions,-10.023500000000002,0.9799762880854771,0.8726127387261274,FDR_NOT_SIGNIFICANT,absolute_change_lt_-0.055__and__elapsed_seconds_ge_-52,1,False,UNKNOWN,record,119
1.0,-25.00013749999999,6.705012499999999,ResearchRun,GROSS_REFERENCE_PROXY,BLOCK_DATA_FEE_SLIPPAGE_LIQUIDITY,pairwise,0.881,187,306,306,-0.029877450980392163,-9.142500000000002,OBSERVED_VALUE,all_training_conditions,-10.023500000000002,0.9799762880854771,0.8696130386961304,FDR_NOT_SIGNIFICANT,absolute_change_lt_-0.055__and__elapsed_seconds_ge_300,1,False,UNKNOWN,record,119
,,,ResearchRun,GROSS_REFERENCE_PROXY,BLOCK_DATA_FEE_SLIPPAGE_LIQUIDITY,pairwise,,0,0,0,,0.0,OBSERVED_VALUE,all_training_conditions,0.0,,,ZERO_MATCHES,absolute_change_lt_-0.055__and__elapsed_seconds_lt_-23,1,False,UNKNOWN,record,0
,,,ResearchRun,GROSS_REFERENCE_PROXY,BLOCK_DATA_FEE_SLIPPAGE_LIQUIDITY,pairwise,,0,0,0,,0.0,OBSERVED_VALUE,all_training_conditions,0.0,,,ZERO_MATCHES,absolute_change_lt_-0.055__and__elapsed_seconds_lt_-38,1,False,UNKNOWN,record,0
,,,ResearchRun,GROSS_REFERENCE_PROXY,BLOCK_DATA_FEE_SLIPPAGE_LIQUIDITY,pairwise,,0,0,0,,0.0,OBSERVED_VALUE,all_training_conditions,0.0,,,ZERO_MATCHES,absolute_change_lt_-0.055__and__elapsed_seconds_lt_-52,1,False,UNKNOWN,record,0
,,,ResearchRun,GROSS_REFERENCE_PROXY,BLOCK_DATA_FEE_SLIPPAGE_LIQUIDITY,pairwise,,0,0,0,,0.0,OBSERVED_VALUE,all_training_conditions,0.0,,,ZERO_MATCHES,absolute_change_lt_-0.055__and__elapsed_seconds_lt_300,1,False,UNKNOWN,record,0
1.0,-16.02875,7.0810249999999915,ResearchRun,GROSS_REFERENCE_PROXY,BLOCK_DATA_FEE_SLIPPAGE_LIQUIDITY,pairwise,0.881,99,156,156,-0.029342948717948694,-4.577499999999996,OBSERVED_VALUE,all_training_conditions,-5.458500000000003,0.9720775371442447,0.7848215178482152,FDR_NOT_SIGNIFICANT,absolute_change_lt_-0.055__and__level_eq_ATP,1,False,UNKNOWN,record,57
1.0,-15.7005625,6.66212499999999,ResearchRun,GROSS_REFERENCE_PROXY,BLOCK_DATA_FEE_SLIPPAGE_LIQUIDITY,pairwise,-0.855,88,150,150,-0.030433333333333354,-4.565000000000003,OBSERVED_VALUE,all_training_conditions,-3.7099999999999995,0.9720775371442447,0.7886211378862114,FDR_NOT_SIGNIFICANT,absolute_change_lt_-0.055__and__level_eq_WTA,1,False,UNKNOWN,record,62
,,,ResearchRun,GROSS_REFERENCE_PROXY,BLOCK_DATA_FEE_SLIPPAGE_LIQUIDITY,path_behavior,,0,0,0,,0.0,OBSERVED_VALUE,all_training_conditions,0.0,,,ZERO_MATCHES,absolute_change_lt_-0.455,1,False,UNKNOWN,record,0
1.0,-51.8323375,20.955637500000005,ResearchRun,GROSS_REFERENCE_PROXY,BLOCK_DATA_FEE_SLIPPAGE_LIQUIDITY,path_behavior,-0.915,563,1686,1686,-0.00904982206405693,-15.257999999999985,OBSERVED_VALUE,all_training_conditions,-14.343,0.9720775371442447,0.7926207379262074,FDR_NOT_SIGNIFICANT,absolute_change_lt_0.05,1,False,UNKNOWN,record,1123
1.0,-38.239037499999995,35.31061249999999,ResearchRun,GROSS_REFERENCE_PROXY,BLOCK_DATA_FEE_SLIPPAGE_LIQUIDITY,pairwise,-0.925,631,1684,1684,-0.0009284441805225686,-1.5635000000000057,OBSERVED_VALUE,all_training_conditions,-0.6385000000000012,0.9720775371442447,0.5384461553844615,FDR_NOT_SIGNIFICANT,absolute_change_lt_0.05__and__elapsed_seconds_ge_-23,1,False,UNKNOWN,record,1053
1.0,-34.70624999999999,38.1550125,ResearchRun,GROSS_REFERENCE_PROXY,BLOCK_DATA_FEE_SLIPPAGE_LIQUIDITY,pairwise,-0.925,624,1684,1684,0.0012568289786223286,2.116500000000001,OBSERVED_VALUE,all_training_conditions,3.0415,0.9720775371442447,0.45295470452954706,FDR_NOT_SIGNIFICANT,absolute_change_lt_0.05__and__elapsed_seconds_ge_-38,1,False,UNKNOWN,record,1060
1.0,-51.3892375,20.930274999999995,ResearchRun,GROSS_REFERENCE_PROXY,BLOCK_DATA_FEE_SLIPPAGE_LIQUIDITY,pairwise,-0.915,563,1686,1686,-0.00904982206405693,-15.257999999999985,OBSERVED_VALUE,all_training_conditions,-14.343,0.9720775371442447,0.7945205479452054,FDR_NOT_SIGNIFICANT,absolute_change_lt_0.05__and__elapsed_seconds_ge_-4388,1,False,UNKNOWN,record,1123
1.0,-43.722625,29.951887499999977,ResearchRun,GROSS_REFERENCE_PROXY,BLOCK_DATA_FEE_SLIPPAGE_LIQUIDITY,pairwise,-0.925,621,1686,1686,-0.004078588374851739,-6.876500000000032,OBSERVED_VALUE,all_training_conditions,-5.951499999999995,0.9720775371442447,0.6424357564243576,FDR_NOT_SIGNIFICANT,absolute_change_lt_0.05__and__elapsed_seconds_ge_-52,1,False,UNKNOWN,record,1065
1.0,-41.22022499999999,31.408962499999987,ResearchRun,GROSS_REFERENCE_PROXY,BLOCK_DATA_FEE_SLIPPAGE_LIQUIDITY,pairwise,-0.925,636,1684,1684,-0.002793052256532087,-4.703500000000035,OBSERVED_VALUE,all_training_conditions,-3.7784999999999984,0.9720775371442447,0.6065393460653935,FDR_NOT_SIGNIFICANT,absolute_change_lt_0.05__and__elapsed_seconds_ge_300,1,False,UNKNOWN,record,1048
1.0,-50.757349999999995,21.511325,ResearchRun,GROSS_REFERENCE_PROXY,BLOCK_DATA_FEE_SLIPPAGE_LIQUIDITY,pairwise,-0.915,551,1652,1652,-0.008779055690072634,-14.50299999999999,OBSERVED_VALUE,all_training_conditions,-13.587999999999997,0.9720775371442447,0.7817218278172183,FDR_NOT_SIGNIFICANT,absolute_change_lt_0.05__and__elapsed_seconds_lt_-23,1,False,UNKNOWN,record,1101
1.0,-48.65329999999999,20.973874999999964,ResearchRun,GROSS_REFERENCE_PROXY,BLOCK_DATA_FEE_SLIPPAGE_LIQUIDITY,pairwise,-0.915,528,1585,1585,-0.008734384858044156,-13.843999999999987,OBSERVED_VALUE,all_training_conditions,-12.928999999999998,0.9720775371442447,0.77992200779922,FDR_NOT_SIGNIFICANT,absolute_change_lt_0.05__and__elapsed_seconds_lt_-38,1,False,UNKNOWN,record,1057
1.0,-42.46376249999999,22.260324999999995,ResearchRun,GROSS_REFERENCE_PROXY,BLOCK_DATA_FEE_SLIPPAGE_LIQUIDITY,pairwise,-0.915,443,1330,1330,-0.007730451127819553,-10.281500000000005,OBSERVED_VALUE,all_training_conditions,-9.366499999999998,0.9720775371442447,0.7255274472552745,FDR_NOT_SIGNIFICANT,absolute_change_lt_0.05__and__elapsed_seconds_lt_-52,1,False,UNKNOWN,record,887
1.0,-51.677274999999995,20.8815375,ResearchRun,GROSS_REFERENCE_PROXY,BLOCK_DATA_FEE_SLIPPAGE_LIQUIDITY,pairwise,-0.915,563,1686,1686,-0.00904982206405693,-15.257999999999985,OBSERVED_VALUE,all_training_conditions,-14.343,0.9720775371442447,0.7881211878812119,FDR_NOT_SIGNIFICANT,absolute_change_lt_0.05__and__elapsed_seconds_lt_300,1,False,UNKNOWN,record,1123
1.0,-39.3271125,17.981449999999995,ResearchRun,GROSS_REFERENCE_PROXY,BLOCK_DATA_FEE_SLIPPAGE_LIQUIDITY,pairwise,-0.905,348,1031,1031,-0.010561105722599412,-10.888499999999993,OBSERVED_VALUE,all_training_conditions,-9.983499999999998,0.9720775371442447,0.7707229277072293,FDR_NOT_SIGNIFICANT,absolute_change_lt_0.05__and__level_eq_ATP,1,False,UNKNOWN,record,683
1.0,-27.437762499999987,17.874812499999997,ResearchRun,GROSS_REFERENCE_PROXY,BLOCK_DATA_FEE_SLIPPAGE_LIQUIDITY,pairwise,-0.915,215,655,655,-0.00667099236641222,-4.369500000000004,OBSERVED_VALUE,all_training_conditions,-3.4545000000000003,0.9720775371442447,0.6502349765023497,FDR_NOT_SIGNIFICANT,absolute_change_lt_0.05__and__level_eq_WTA,1,False,UNKNOWN,record,440
1.0,-52.082624999999986,21.326012499999987,ResearchRun,GROSS_REFERENCE_PROXY,BLOCK_DATA_FEE_SLIPPAGE_LIQUIDITY,path_behavior,-0.915,563,1686,1686,-0.00904982206405693,-15.257999999999985,OBSERVED_VALUE,all_training_conditions,-14.343,0.9720775371442447,0.7947205279472053,FDR_NOT_SIGNIFICANT,absolute_change_lt_0.455,1,False,UNKNOWN,record,1123
1.0,-48.5779125,23.482887499999993,ResearchRun,GROSS_REFERENCE_PROXY,BLOCK_DATA_FEE_SLIPPAGE_LIQUIDITY,pairwise,-0.925,555,1684,1684,-0.0070745249406175765,-11.913499999999999,OBSERVED_VALUE,all_training_conditions,-10.988499999999995,0.9720775371442447,0.7449255074492551,FDR_NOT_SIGNIFICANT,absolute_change_lt_0.455__and__elapsed_seconds_ge_-23,1,False,UNKNOWN,record,1129
1.0,-48.25301249999998,23.692124999999997,ResearchRun,GROSS_REFERENCE_PROXY,BLOCK_DATA_FEE_SLIPPAGE_LIQUIDITY,pairwise,-0.925,555,1684,1684,-0.007068586698337295,-11.903500000000005,OBSERVED_VALUE,all_training_conditions,-10.978499999999997,0.9720775371442447,0.7359264073592641,FDR_NOT_SIGNIFICANT,absolute_change_lt_0.455__and__elapsed_seconds_ge_-38,1,False,UNKNOWN,record,1129
1.0,-51.5937,21.176962499999995,ResearchRun,GROSS_REFERENCE_PROXY,BLOCK_DATA_FEE_SLIPPAGE_LIQUIDITY,pairwise,-0.915,563,1686,1686,-0.00904982206405693,-15.257999999999985,OBSERVED_VALUE,all_training_conditions,-14.343,0.9720775371442447,0.7952204779522047,FDR_NOT_SIGNIFICANT,absolute_change_lt_0.455__and__elapsed_seconds_ge_-4388,1,False,UNKNOWN,record,1123
1.0,-45.1926125,27.314562499999997,ResearchRun,GROSS_REFERENCE_PROXY,BLOCK_DATA_FEE_SLIPPAGE_LIQUIDITY,pairwise,-0.925,552,1686,1686,-0.004896204033214721,-8.25500000000002,OBSERVED_VALUE,all_training_conditions,-7.329999999999999,0.9720775371442447,0.6839316068393161,FDR_NOT_SIGNIFICANT,absolute_change_lt_0.455__and__elapsed_seconds_ge_-52,1,False,UNKNOWN,record,1134
1.0,-50.233925000000006,24.599037500000005,ResearchRun,GROSS_REFERENCE_PROXY,BLOCK_DATA_FEE_SLIPPAGE_LIQUIDITY,pairwise,-0.925,555,1684,1684,-0.007312054631828983,-12.313500000000008,OBSERVED_VALUE,all_training_conditions,-11.388499999999997,0.9720775371442447,0.7449255074492551,FDR_NOT_SIGNIFICANT,absolute_change_lt_0.455__and__elapsed_seconds_ge_300,1,False,UNKNOWN,record,1129
1.0,-50.3645625,21.218912499999956,ResearchRun,GROSS_REFERENCE_PROXY,BLOCK_DATA_FEE_SLIPPAGE_LIQUIDITY,pairwise,-0.915,551,1652,1652,-0.008779055690072634,-14.50299999999999,OBSERVED_VALUE,all_training_conditions,-13.587999999999997,0.9720775371442447,0.7804219578042195,FDR_NOT_SIGNIFICANT,absolute_change_lt_0.455__and__elapsed_seconds_lt_-23,1,False,UNKNOWN,record,1101
1.0,-49.0215375,20.888599999999993,ResearchRun,GROSS_REFERENCE_PROXY,BLOCK_DATA_FEE_SLIPPAGE_LIQUIDITY,pairwise,-0.915,528,1585,1585,-0.008734384858044156,-13.843999999999987,OBSERVED_VALUE,all_training_conditions,-12.928999999999998,0.9720775371442447,0.7752224777522247,FDR_NOT_SIGNIFICANT,absolute_change_lt_0.455__and__elapsed_seconds_lt_-38,1,False,UNKNOWN,record,1057
1.0,-43.32659999999999,22.055299999999974,ResearchRun,GROSS_REFERENCE_PROXY,BLOCK_DATA_FEE_SLIPPAGE_LIQUIDITY,pairwise,-0.915,443,1330,1330,-0.007730451127819553,-10.281500000000005,OBSERVED_VALUE,all_training_conditions,-9.366499999999998,0.9720775371442447,0.7270272972702729,FDR_NOT_SIGNIFICANT,absolute_change_lt_0.455__and__elapsed_seconds_lt_-52,1,False,UNKNOWN,record,887
1.0,-51.4490875,20.41129999999999,ResearchRun,GROSS_REFERENCE_PROXY,BLOCK_DATA_FEE_SLIPPAGE_LIQUIDITY,pairwise,-0.915,563,1686,1686,-0.00904982206405693,-15.257999999999985,OBSERVED_VALUE,all_training_conditions,-14.343,0.9720775371442447,0.7967203279672033,FDR_NOT_SIGNIFICANT,absolute_change_lt_0.455__and__elapsed_seconds_lt_300,1,False,UNKNOWN,record,1123
1.0,-40.2475125,17.51824999999999,ResearchRun,GROSS_REFERENCE_PROXY,BLOCK_DATA_FEE_SLIPPAGE_LIQUIDITY,pairwise,-0.905,348,1031,1031,-0.010561105722599412,-10.888499999999993,OBSERVED_VALUE,all_training_conditions,-9.983499999999998,0.9720775371442447,0.7713228677132287,FDR_NOT_SIGNIFICANT,absolute_change_lt_0.455__and__level_eq_ATP,1,False,UNKNOWN,record,683
1.0,-26.68464999999999,17.933462499999994,ResearchRun,GROSS_REFERENCE_PROXY,BLOCK_DATA_FEE_SLIPPAGE_LIQUIDITY,pairwise,-0.915,215,655,655,-0.00667099236641222,-4.369500000000004,OBSERVED_VALUE,all_training_conditions,-3.4545000000000003,0.9720775371442447,0.6473352664733527,FDR_NOT_SIGNIFICANT,absolute_change_lt_0.455__and__level_eq_WTA,1,False,UNKNOWN,record,440
1.0,-52.42544999999999,21.440912499999992,ResearchRun,GROSS_REFERENCE_PROXY,BLOCK_DATA_FEE_SLIPPAGE_LIQUIDITY,market_level,-0.915,563,1686,1686,-0.00904982206405693,-15.257999999999985,OBSERVED_VALUE,all_training_conditions,-14.343,0.9720775371442447,0.7905209479052094,FDR_NOT_SIGNIFICANT,current_price_ge_0.011,1,False,UNKNOWN,record,1123
1.0,-52.028699999999986,21.257874999999995,ResearchRun,GROSS_REFERENCE_PROXY,BLOCK_DATA_FEE_SLIPPAGE_LIQUIDITY,pairwise,-0.915,563,1686,1686,-0.00904982206405693,-15.257999999999985,OBSERVED_VALUE,all_training_conditions,-14.343,0.9720775371442447,0.7901209879012099,FDR_NOT_SIGNIFICANT,current_price_ge_0.011__and__absolute_change_ge_-0.0025,1,False,UNKNOWN,record,1123
1.0,-52.305837499999996,20.931075000000003,ResearchRun,GROSS_REFERENCE_PROXY,BLOCK_DATA_FEE_SLIPPAGE_LIQUIDITY,pairwise,-0.915,563,1686,1686,-0.00904982206405693,-15.257999999999985,OBSERVED_VALUE,all_training_conditions,-14.343,0.9720775371442447,0.7951204879512048,FDR_NOT_SIGNIFICANT,current_price_ge_0.011__and__absolute_change_ge_-0.055,1,False,UNKNOWN,record,1123
1.0,-50.36984999999999,22.033312499999997,ResearchRun,GROSS_REFERENCE_PROXY,BLOCK_DATA_FEE_SLIPPAGE_LIQUIDITY,pairwise,-0.915,563,1686,1686,-0.00904982206405693,-15.257999999999985,OBSERVED_VALUE,all_training_conditions,-14.343,0.9720775371442447,0.7907209279072093,FDR_NOT_SIGNIFICANT,current_price_ge_0.011__and__absolute_change_ge_-0.455,1,False,UNKNOWN,record,1123
1.0,-12.747012499999997,22.740249999999996,ResearchRun,GROSS_REFERENCE_PROXY,BLOCK_DATA_FEE_SLIPPAGE_LIQUIDITY,pairwise,-0.881,147,361,361,0.014106648199446004,5.092500000000007,OBSERVED_VALUE,all_training_conditions,5.9735,0.9720775371442447,0.27757224277572246,FDR_NOT_SIGNIFICANT,current_price_ge_0.011__and__absolute_change_ge_0.05,1,False,UNKNOWN,record,214
1.0,0.22499999999999998,0.22499999999999998,ResearchRun,GROSS_REFERENCE_PROXY,BLOCK_DATA_FEE_SLIPPAGE_LIQUIDITY,pairwise,0.22499999999999998,0,1,1,0.22499999999999998,0.22499999999999998,OBSERVED_VALUE,all_training_conditions,0.0,0.9720775371442447,0.4998500149985001,FDR_NOT_SIGNIFICANT,current_price_ge_0.011__and__absolute_change_ge_0.455,1,False,UNKNOWN,record,1
1.0,-46.069875,20.499662499999996,ResearchRun,GROSS_REFERENCE_PROXY,BLOCK_DATA_FEE_SLIPPAGE_LIQUIDITY,pairwise,0.925,769,1388,1388,-0.009261887608069168,-12.855500000000005,OBSERVED_VALUE,all_training_conditions,-13.7805,0.9720775371442447,0.7753224677532247,FDR_NOT_SIGNIFICANT,current_price_ge_0.011__and__absolute_change_lt_-0.0025,1,False,UNKNOWN,record,619
1.0,-25.413862499999993,6.587087499999991,ResearchRun,GROSS_REFERENCE_PROXY,BLOCK_DATA_FEE_SLIPPAGE_LIQUIDITY,pairwise,0.881,187,306,306,-0.029877450980392163,-9.142500000000002,OBSERVED_VALUE,all_training_conditions,-10.023500000000002,0.9799762880854771,0.865013498650135,FDR_NOT_SIGNIFICANT,current_price_ge_0.011__and__absolute_change_lt_-0.055,1,False,UNKNOWN,record,119
1.0,-51.627599999999994,21.19008749999997,ResearchRun,GROSS_REFERENCE_PROXY,BLOCK_DATA_FEE_SLIPPAGE_LIQUIDITY,pairwise,-0.915,563,1686,1686,-0.00904982206405693,-15.257999999999985,OBSERVED_VALUE,all_training_conditions,-14.343,0.9720775371442447,0.7972202779722027,FDR_NOT_SIGNIFICANT,current_price_ge_0.011__and__absolute_change_lt_0.05,1,False,UNKNOWN,record,1123
1.0,-51.41903749999999,21.215037499999976,ResearchRun,GROSS_REFERENCE_PROXY,BLOCK_DATA_FEE_SLIPPAGE_LIQUIDITY,pairwise,-0.915,563,1686,1686,-0.00904982206405693,-15.257999999999985,OBSERVED_VALUE,all_training_conditions,-14.343,0.9720775371442447,0.7946205379462054,FDR_NOT_SIGNIFICANT,current_price_ge_0.011__and__absolute_change_lt_0.455,1,False,UNKNOWN,record,1123
1.0,-47.78354999999998,23.77385,ResearchRun,GROSS_REFERENCE_PROXY,BLOCK_DATA_FEE_SLIPPAGE_LIQUIDITY,pairwise,-0.925,554,1684,1684,-0.006807304038004746,-11.463499999999993,OBSERVED_VALUE,all_training_conditions,-10.538499999999996,0.9720775371442447,0.7229277072292771,FDR_NOT_SIGNIFICANT,current_price_ge_0.011__and__elapsed_seconds_ge_-23,1,False,UNKNOWN,record,1130
1.0,-48.245562499999984,24.94057499999999,ResearchRun,GROSS_REFERENCE_PROXY,BLOCK_DATA_FEE_SLIPPAGE_LIQUIDITY,pairwise,-0.925,554,1684,1684,-0.006801365795724462,-11.453499999999995,OBSERVED_VALUE,all_training_conditions,-10.528499999999998,0.9720775371442447,0.7295270472952705,FDR_NOT_SIGNIFICANT,current_price_ge_0.011__and__elapsed_seconds_ge_-38,1,False,UNKNOWN,record,1130
1.0,-52.48599999999994,21.534112499999996,ResearchRun,GROSS_REFERENCE_PROXY,BLOCK_DATA_FEE_SLIPPAGE_LIQUIDITY,pairwise,-0.915,563,1686,1686,-0.00904982206405693,-15.257999999999985,OBSERVED_VALUE,all_training_conditions,-14.343,0.9720775371442447,0.7994200579942006,FDR_NOT_SIGNIFICANT,current_price_ge_0.011__and__elapsed_seconds_ge_-4388,1,False,UNKNOWN,record,1123
1.0,-43.82998749999998,28.63908749999999,ResearchRun,GROSS_REFERENCE_PROXY,BLOCK_DATA_FEE_SLIPPAGE_LIQUIDITY,pairwise,-0.925,551,1686,1686,-0.004629300118623972,-7.8050000000000175,OBSERVED_VALUE,all_training_conditions,-6.88,0.9720775371442447,0.6561343865613438,FDR_NOT_SIGNIFICANT,current_price_ge_0.011__and__elapsed_seconds_ge_-52,1,False,UNKNOWN,record,1135
1.0,-47.14197499999999,25.415024999999982,ResearchRun,GROSS_REFERENCE_PROXY,BLOCK_DATA_FEE_SLIPPAGE_LIQUIDITY,pairwise,-0.925,554,1684,1684,-0.007044833729216149,-11.863499999999995,OBSERVED_VALUE,all_training_conditions,-10.938499999999998,0.9720775371442447,0.7376262373762624,FDR_NOT_SIGNIFICANT,current_price_ge_0.011__and__elapsed_seconds_ge_300,1,False,UNKNOWN,record,1130
1.0,-51.432812499999976,21.48032499999999,ResearchRun,GROSS_REFERENCE_PROXY,BLOCK_DATA_FEE_SLIPPAGE_LIQUIDITY,pairwise,-0.915,551,1652,1652,-0.008779055690072634,-14.50299999999999,OBSERVED_VALUE,all_training_conditions,-13.587999999999997,0.9720775371442447,0.7821217878212179,FDR_NOT_SIGNIFICANT,current_price_ge_0.011__and__elapsed_seconds_lt_-23,1,False,UNKNOWN,record,1101
1.0,-49.744624999999985,20.725712499999975,ResearchRun,GROSS_REFERENCE_PROXY,BLOCK_DATA_FEE_SLIPPAGE_LIQUIDITY,pairwise,-0.915,528,1585,1585,-0.008734384858044156,-13.843999999999987,OBSERVED_VALUE,all_training_conditions,-12.928999999999998,0.9720775371442447,0.78002199780022,FDR_NOT_SIGNIFICANT,current_price_ge_0.011__and__elapsed_seconds_lt_-38,1,False,UNKNOWN,record,1057
1.0,-42.27719999999999,21.54412499999999,ResearchRun,GROSS_REFERENCE_PROXY,BLOCK_DATA_FEE_SLIPPAGE_LIQUIDITY,pairwise,-0.915,443,1330,1330,-0.007730451127819553,-10.281500000000005,OBSERVED_VALUE,all_training_conditions,-9.366499999999998,0.9720775371442447,0.7315268473152685,FDR_NOT_SIGNIFICANT,current_price_ge_0.011__and__elapsed_seconds_lt_-52,1,False,UNKNOWN,record,887
1.0,-52.00254999999999,21.710437499999994,ResearchRun,GROSS_REFERENCE_PROXY,BLOCK_DATA_FEE_SLIPPAGE_LIQUIDITY,pairwise,-0.915,563,1686,1686,-0.00904982206405693,-15.257999999999985,OBSERVED_VALUE,all_training_conditions,-14.343,0.9720775371442447,0.7891210878912108,FDR_NOT_SIGNIFICANT,current_price_ge_0.011__and__elapsed_seconds_lt_300,1,False,UNKNOWN,record,1123
1.0,-39.16384999999999,17.764537499999978,ResearchRun,GROSS_REFERENCE_PROXY,BLOCK_DATA_FEE_SLIPPAGE_LIQUIDITY,pairwise,-0.905,348,1031,1031,-0.010561105722599412,-10.888499999999993,OBSERVED_VALUE,all_training_conditions,-9.983499999999998,0.9720775371442447,0.7756224377562244,FDR_NOT_SIGNIFICANT,current_price_ge_0.011__and__level_eq_ATP,1,False,UNKNOWN,record,683
1.0,-27.362462499999996,18.118774999999992,ResearchRun,GROSS_REFERENCE_PROXY,BLOCK_DATA_FEE_SLIPPAGE_LIQUIDITY,pairwise,-0.915,215,655,655,-0.00667099236641222,-4.369500000000004,OBSERVED_VALUE,all_training_conditions,-3.4545000000000003,0.9720775371442447,0.6393360663933607,FDR_NOT_SIGNIFICANT,current_price_ge_0.011__and__level_eq_WTA,1,False,UNKNOWN,record,440
1.0,-52.54059999999998,20.823062499999995,ResearchRun,GROSS_REFERENCE_PROXY,BLOCK_DATA_FEE_SLIPPAGE_LIQUIDITY,pairwise,-0.915,563,1686,1686,-0.00904982206405693,-15.257999999999985,OBSERVED_VALUE,all_training_conditions,-14.343,0.9720775371442447,0.7924207579242076,FDR_NOT_SIGNIFICANT,current_price_ge_0.011__and__path_high_ge_0.0125,1,False,UNKNOWN,record,1123
1.0,-52.069837499999984,21.863312499999992,ResearchRun,GROSS_REFERENCE_PROXY,BLOCK_DATA_FEE_SLIPPAGE_LIQUIDITY,pairwise,-0.915,563,1686,1686,-0.00904982206405693,-15.257999999999985,OBSERVED_VALUE,all_training_conditions,-14.343,0.9720775371442447,0.7908209179082092,FDR_NOT_SIGNIFICANT,current_price_ge_0.011__and__path_high_ge_0.2905,1,False,UNKNOWN,record,1123
1.0,-54.32939999999998,19.880199999999984,ResearchRun,GROSS_REFERENCE_PROXY,BLOCK_DATA_FEE_SLIPPAGE_LIQUIDITY,pairwise,-0.915,560,1679,1679,-0.009957415128052427,-16.718500000000024,OBSERVED_VALUE,all_training_conditions,-15.803499999999996,0.9799762880854771,0.8161183881611839,FDR_NOT_SIGNIFICANT,current_price_ge_0.011__and__path_high_ge_0.51,1,False,UNKNOWN,record,1119
1.0,-9.404050000000003,27.279524999999996,ResearchRun,GROSS_REFERENCE_PROXY,BLOCK_DATA_FEE_SLIPPAGE_LIQUIDITY,pairwise,-0.915,111,615,615,0.014755284552845555,9.074500000000016,OBSERVED_VALUE,all_training_conditions,9.9895,0.9720775371442447,0.16878312168783122,FDR_NOT_SIGNIFICANT,current_price_ge_0.011__and__path_high_ge_0.7315,1,False,UNKNOWN,record,504
1.0,0.01100000000000001,0.01100000000000001,ResearchRun,GROSS_REFERENCE_PROXY,BLOCK_DATA_FEE_SLIPPAGE_LIQUIDITY,pairwise,0.01100000000000001,0,1,1,0.01100000000000001,0.01100000000000001,OBSERVED_VALUE,all_training_conditions,0.0,0.9720775371442447,0.5014498550144986,FDR_NOT_SIGNIFICANT,current_price_ge_0.011__and__path_high_ge_0.989,1,False,UNKNOWN,record,1
1.0,-24.440250000000002,12.693012499999998,ResearchRun,GROSS_REFERENCE_PROXY,BLOCK_DATA_FEE_SLIPPAGE_LIQUIDITY,pairwise,0.915,492,605,605,-0.01059090909090911,-6.407500000000011,OBSERVED_VALUE,all_training_conditions,-7.3225,0.9720775371442447,0.7494250574942506,FDR_NOT_SIGNIFICANT,current_price_ge_0.011__and__path_high_lt_0.2905,1,False,UNKNOWN,record,113
1.0,-21.145237499999993,51.7778625,ResearchRun,GROSS_REFERENCE_PROXY,BLOCK_DATA_FEE_SLIPPAGE_LIQUIDITY,pairwise,0.915,1123,1686,1686,0.008871886120996444,14.958000000000006,OBSERVED_VALUE,all_training_conditions,14.043,0.9720775371442447,0.21077892210778923,FDR_NOT_SIGNIFICANT,current_price_ge_0.011__and__path_high_lt_0.51,1,False,UNKNOWN,record,563
1.0,-63.10288749999998,9.988512499999985,ResearchRun,GROSS_REFERENCE_PROXY,BLOCK_DATA_FEE_SLIPPAGE_LIQUIDITY,pairwise,0.915,896,1686,1686,-0.016078291814946643,-27.10800000000004,OBSERVED_VALUE,all_training_conditions,-28.02299999999999,0.9830077598300776,0.9262073792620737,FDR_NOT_SIGNIFICANT,current_price_ge_0.011__and__path_high_lt_0.7315,1,False,UNKNOWN,record,790
1.0,-51.881825,20.617449999999998,ResearchRun,GROSS_REFERENCE_PROXY,BLOCK_DATA_FEE_SLIPPAGE_LIQUIDITY,pairwise,-0.915,563,1686,1686,-0.00904982206405693,-15.257999999999985,OBSERVED_VALUE,all_training_conditions,-14.343,0.9720775371442447,0.7913208679132087,FDR_NOT_SIGNIFICANT,current_price_ge_0.011__and__path_high_lt_0.989,1,False,UNKNOWN,record,1123
1.0,-51.743975,21.6518875,ResearchRun,GROSS_REFERENCE_PROXY,BLOCK_DATA_FEE_SLIPPAGE_LIQUIDITY,pairwise,-0.915,563,1686,1686,-0.00904982206405693,-15.257999999999985,OBSERVED_VALUE,all_training_conditions,-14.343,0.9720775371442447,0.7923207679232077,FDR_NOT_SIGNIFICANT,current_price_ge_0.011__and__path_low_ge_0.011,1,False,UNKNOWN,record,1123
1.0,-52.414525000000005,21.343424999999996,ResearchRun,GROSS_REFERENCE_PROXY,BLOCK_DATA_FEE_SLIPPAGE_LIQUIDITY,pairwise,-0.915,563,1686,1686,-0.00904982206405693,-15.257999999999985,OBSERVED_VALUE,all_training_conditions,-14.343,0.9720775371442447,0.7978202179782021,FDR_NOT_SIGNIFICANT,current_price_ge_0.011__and__path_low_ge_0.2665,1,False,UNKNOWN,record,1123
1.0,-51.251974999999995,20.642174999999998,ResearchRun,GROSS_REFERENCE_PROXY,BLOCK_DATA_FEE_SLIPPAGE_LIQUIDITY,pairwise,-0.915,563,1686,1686,-0.00904982206405693,-15.257999999999985,OBSERVED_VALUE,all_training_conditions,-14.343,0.9720775371442447,0.7936206379362064,FDR_NOT_SIGNIFICANT,current_price_ge_0.011__and__path_low_ge_0.49,1,False,UNKNOWN,record,1123
1.0,-12.1666,25.11511249999999,ResearchRun,GROSS_REFERENCE_PROXY,BLOCK_DATA_FEE_SLIPPAGE_LIQUIDITY,pairwise,-0.915,113,606,606,0.011052805280528096,6.698000000000026,OBSERVED_VALUE,all_training_conditions,7.6129999999999995,0.9720775371442447,0.23727627237276272,FDR_NOT_SIGNIFICANT,current_price_ge_0.011__and__path_low_ge_0.7095,1,False,UNKNOWN,record,493
1.0,0.012499999999999956,0.012499999999999956,ResearchRun,GROSS_REFERENCE_PROXY,BLOCK_DATA_FEE_SLIPPAGE_LIQUIDITY,pairwise,0.012499999999999956,0,1,1,0.012499999999999956,0.012499999999999956,OBSERVED_VALUE,all_training_conditions,0.0,0.9720775371442447,0.49225077492250774,FDR_NOT_SIGNIFICANT,current_price_ge_0.011__and__path_low_ge_0.9875,1,False,UNKNOWN,record,1
1.0,-27.614324999999997,9.073,ResearchRun,GROSS_REFERENCE_PROXY,BLOCK_DATA_FEE_SLIPPAGE_LIQUIDITY,pairwise,0.915,501,610,610,-0.0154114754098361,-9.401000000000021,OBSERVED_VALUE,all_training_conditions,-10.315999999999999,0.9799762880854771,0.8464153584641536,FDR_NOT_SIGNIFICANT,current_price_ge_0.011__and__path_low_lt_0.2665,1,False,UNKNOWN,record,109
1.0,-23.976112499999996,49.45264999999997,ResearchRun,GROSS_REFERENCE_PROXY,BLOCK_DATA_FEE_SLIPPAGE_LIQUIDITY,pairwise,0.915,1121,1676,1676,0.007591587112171836,12.723499999999998,OBSERVED_VALUE,all_training_conditions,11.808499999999999,0.9720775371442447,0.2532746725327467,FDR_NOT_SIGNIFICANT,current_price_ge_0.011__and__path_low_lt_0.49,1,False,UNKNOWN,record,555
1.0,-65.8847625,8.481899999999971,ResearchRun,GROSS_REFERENCE_PROXY,BLOCK_DATA_FEE_SLIPPAGE_LIQUIDITY,pairwise,0.915,941,1686,1686,-0.017469750889679697,-29.453999999999972,OBSERVED_VALUE,all_training_conditions,-30.368999999999993,0.9830077598300776,0.944905509449055,FDR_NOT_SIGNIFICANT,current_price_ge_0.011__and__path_low_lt_0.7095,1,False,UNKNOWN,record,745
1.0,-51.863524999999996,21.536049999999978,ResearchRun,GROSS_REFERENCE_PROXY,BLOCK_DATA_FEE_SLIPPAGE_LIQUIDITY,pairwise,-0.915,564,1686,1686,-0.009064650059311976,-15.28299999999999,OBSERVED_VALUE,all_training_conditions,-14.367999999999999,0.9720775371442447,0.7937206279372063,FDR_NOT_SIGNIFICANT,current_price_ge_0.011__and__path_low_lt_0.9875,1,False,UNKNOWN,record,1122
1.0,-49.47551249999999,22.98021249999999,ResearchRun,GROSS_REFERENCE_PROXY,BLOCK_DATA_FEE_SLIPPAGE_LIQUIDITY,pairwise,-0.925,553,1678,1678,-0.007606376638855783,-12.763500000000004,OBSERVED_VALUE,all_training_conditions,-11.838499999999996,0.9720775371442447,0.7533246675332467,FDR_NOT_SIGNIFICANT,current_price_ge_0.011__and__realized_volatility_ge_0,1,False,UNKNOWN,record,1125
1.0,-57.84805000000001,5.033624999999994,ResearchRun,GROSS_REFERENCE_PROXY,BLOCK_DATA_FEE_SLIPPAGE_LIQUIDITY,pairwise,-0.925,607,1276,1276,-0.02089694357366768,-26.66449999999996,OBSERVED_VALUE,all_training_conditions,-25.7395,0.9830077598300776,0.9555044495550445,FDR_NOT_SIGNIFICANT,current_price_ge_0.011__and__realized_volatility_ge_0.0138682417455,1,False,UNKNOWN,record,669
1.0,-36.169025,17.599224999999997,ResearchRun,GROSS_REFERENCE_PROXY,BLOCK_DATA_FEE_SLIPPAGE_LIQUIDITY,pairwise,0.925,524,936,936,-0.009852029914529931,-9.221500000000015,OBSERVED_VALUE,all_training_conditions,-10.146500000000003,0.9720775371442447,0.7515248475152485,FDR_NOT_SIGNIFICANT,current_price_ge_0.011__and__realized_volatility_ge_0.0332983334177,1,False,UNKNOWN,record,412
1.0,-17.673499999999997,23.042549999999995,ResearchRun,GROSS_REFERENCE_PROXY,BLOCK_DATA_FEE_SLIPPAGE_LIQUIDITY,pairwise,0.925,382,583,583,0.004589193825042877,2.6754999999999973,OBSERVED_VALUE,all_training_conditions,1.7505000000000013,0.9720775371442447,0.40445955404459555,FDR_NOT_SIGNIFICANT,current_price_ge_0.011__and__realized_volatility_ge_0.0694710322181,1,False,UNKNOWN,record,201
1.0,-0.0795,-0.0795,ResearchRun,GROSS_REFERENCE_PROXY,BLOCK_DATA_FEE_SLIPPAGE_LIQUIDITY,pairwise,-0.0795,1,1,1,-0.0795,-0.0795,OBSERVED_VALUE,all_training_conditions,0.0,1.0,1.0,FDR_NOT_SIGNIFICANT,current_price_ge_0.011__and__realized_volatility_ge_2.32041788338,1,False,UNKNOWN,record,0
1.0,-13.734387499999999,34.2515875,ResearchRun,GROSS_REFERENCE_PROXY,BLOCK_DATA_FEE_SLIPPAGE_LIQUIDITY,pairwise,-0.91,223,762,762,0.014198818897637801,10.819500000000005,OBSERVED_VALUE,all_training_conditions,11.729499999999998,0.9720775371442447,0.1867813218678132,FDR_NOT_SIGNIFICANT,current_price_ge_0.011__and__realized_volatility_lt_0.0138682417455,1,False,UNKNOWN,record,539
1.0,-27.695674999999998,31.030637499999994,ResearchRun,GROSS_REFERENCE_PROXY,BLOCK_DATA_FEE_SLIPPAGE_LIQUIDITY,pairwise,-0.925,358,1172,1172,0.0010213310580204666,1.1969999999999867,OBSERVED_VALUE,all_training_conditions,2.121999999999999,0.9720775371442447,0.47065293470652936,FDR_NOT_SIGNIFICANT,current_price_ge_0.011__and__realized_volatility_lt_0.0332983334177,1,False,UNKNOWN,record,814
1.0,-48.16101249999999,20.942762499999986,ResearchRun,GROSS_REFERENCE_PROXY,BLOCK_DATA_FEE_SLIPPAGE_LIQUIDITY,pairwise,-0.925,504,1542,1542,-0.009284695201037585,-14.316999999999956,OBSERVED_VALUE,all_training_conditions,-13.392000000000007,0.9720775371442447,0.7869213078692131,FDR_NOT_SIGNIFICANT,current_price_ge_0.011__and__realized_volatility_lt_0.0694710322181,1,False,UNKNOWN,record,1038
1.0,-49.80705,24.992525000000004,ResearchRun,GROSS_REFERENCE_PROXY,BLOCK_DATA_FEE_SLIPPAGE_LIQUIDITY,pairwise,-0.925,553,1678,1678,-0.007606376638855783,-12.763500000000004,OBSERVED_VALUE,all_training_conditions,-11.838499999999996,0.9720775371442447,0.7499250074992501,FDR_NOT_SIGNIFICANT,current_price_ge_0.011__and__realized_volatility_lt_2.32041788338,1,False,UNKNOWN,record,1125
1.0,-52.29403749999999,20.921062499999987,ResearchRun,GROSS_REFERENCE_PROXY,BLOCK_DATA_FEE_SLIPPAGE_LIQUIDITY,pairwise,-0.915,563,1686,1686,-0.00904982206405693,-15.257999999999985,OBSERVED_VALUE,all_training_conditions,-14.343,0.9720775371442447,0.7945205479452054,FDR_NOT_SIGNIFICANT,current_price_ge_0.011__and__relative_change_ge_-0.00186219739292,1,False,UNKNOWN,record,1123
1.0,-52.61856249999999,21.26709999999998,ResearchRun,GROSS_REFERENCE_PROXY,BLOCK_DATA_FEE_SLIPPAGE_LIQUIDITY,pairwise,-0.915,563,1686,1686,-0.00904982206405693,-15.257999999999985,OBSERVED_VALUE,all_training_conditions,-14.343,0.9720775371442447,0.7877212278772123,FDR_NOT_SIGNIFICANT,current_price_ge_0.011__and__relative_change_ge_-0.0747663551402,1,False,UNKNOWN,record,1123
1.0,-51.73146249999999,20.709374999999987,ResearchRun,GROSS_REFERENCE_PROXY,BLOCK_DATA_FEE_SLIPPAGE_LIQUIDITY,pairwise,-0.915,563,1686,1686,-0.00904982206405693,-15.257999999999985,OBSERVED_VALUE,all_training_conditions,-14.343,0.9720775371442447,0.7934206579342066,FDR_NOT_SIGNIFICANT,current_price_ge_0.011__and__relative_change_ge_-0.708333333333,1,False,UNKNOWN,record,1123
1.0,-20.023799999999994,21.711724999999998,ResearchRun,GROSS_REFERENCE_PROXY,BLOCK_DATA_FEE_SLIPPAGE_LIQUIDITY,pairwise,0.895,265,533,533,0.00208067542213884,1.1090000000000018,OBSERVED_VALUE,all_training_conditions,0.21400000000000086,0.9720775371442447,0.45985401459854014,FDR_NOT_SIGNIFICANT,current_price_ge_0.011__and__relative_change_ge_0.0633802816901,1,False,UNKNOWN,record,268
1.0,-0.038,-0.038,ResearchRun,GROSS_REFERENCE_PROXY,BLOCK_DATA_FEE_SLIPPAGE_LIQUIDITY,pairwise,-0.038,1,1,1,-0.038,-0.038,OBSERVED_VALUE,all_training_conditions,0.0,1.0,1.0,FDR_NOT_SIGNIFICANT,current_price_ge_0.011__and__relative_change_ge_1.81481481481,1,False,UNKNOWN,record,0
1.0,-44.849124999999994,21.392825000000002,ResearchRun,GROSS_REFERENCE_PROXY,BLOCK_DATA_FEE_SLIPPAGE_LIQUIDITY,pairwise,0.925,772,1394,1394,-0.008766140602582502,-12.220000000000008,OBSERVED_VALUE,all_training_conditions,-13.145000000000005,0.9720775371442447,0.7703229677032297,FDR_NOT_SIGNIFICANT,current_price_ge_0.011__and__relative_change_lt_-0.00186219739292,1,False,UNKNOWN,record,622
1.0,-20.6966625,18.981799999999993,ResearchRun,GROSS_REFERENCE_PROXY,BLOCK_DATA_FEE_SLIPPAGE_LIQUIDITY,pairwise,0.925,348,532,532,-0.001390977443609018,-0.7399999999999977,OBSERVED_VALUE,all_training_conditions,-1.665000000000002,0.9720775371442447,0.5249475052494751,FDR_NOT_SIGNIFICANT,current_price_ge_0.011__and__relative_change_lt_-0.0747663551402,1,False,UNKNOWN,record,184
1.0,-51.47048749999999,21.26121249999999,ResearchRun,GROSS_REFERENCE_PROXY,BLOCK_DATA_FEE_SLIPPAGE_LIQUIDITY,pairwise,-0.915,563,1686,1686,-0.00904982206405693,-15.257999999999985,OBSERVED_VALUE,all_training_conditions,-14.343,0.9720775371442447,0.7903209679032097,FDR_NOT_SIGNIFICANT,current_price_ge_0.011__and__relative_change_lt_0.0633802816901,1,False,UNKNOWN,record,1123
1.0,-51.914875,20.929762499999967,ResearchRun,GROSS_REFERENCE_PROXY,BLOCK_DATA_FEE_SLIPPAGE_LIQUIDITY,pairwise,-0.915,563,1686,1686,-0.00904982206405693,-15.257999999999985,OBSERVED_VALUE,all_training_conditions,-14.343,0.9720775371442447,0.78992100789921,FDR_NOT_SIGNIFICANT,current_price_ge_0.011__and__relative_change_lt_1.81481481481,1,False,UNKNOWN,record,1123
1.0,-51.965525,22.032274999999984,ResearchRun,GROSS_REFERENCE_PROXY,BLOCK_DATA_FEE_SLIPPAGE_LIQUIDITY,market_level,-0.915,563,1686,1686,-0.00904982206405693,-15.257999999999985,OBSERVED_VALUE,all_training_conditions,-14.343,0.9720775371442447,0.7909209079092091,FDR_NOT_SIGNIFICANT,current_price_ge_0.27,1,False,UNKNOWN,record,1123
1.0,-51.76058749999999,21.0171875,ResearchRun,GROSS_REFERENCE_PROXY,BLOCK_DATA_FEE_SLIPPAGE_LIQUIDITY,pairwise,-0.915,563,1686,1686,-0.00904982206405693,-15.257999999999985,OBSERVED_VALUE,all_training_conditions,-14.343,0.9720775371442447,0.7945205479452054,FDR_NOT_SIGNIFICANT,current_price_ge_0.27__and__absolute_change_ge_-0.0025,1,False,UNKNOWN,record,1123
1.0,-52.3733,21.229974999999992,ResearchRun,GROSS_REFERENCE_PROXY,BLOCK_DATA_FEE_SLIPPAGE_LIQUIDITY,pairwise,-0.915,563,1686,1686,-0.00904982206405693,-15.257999999999985,OBSERVED_VALUE,all_training_conditions,-14.343,0.9720775371442447,0.7962203779622038,FDR_NOT_SIGNIFICANT,current_price_ge_0.27__and__absolute_change_ge_-0.055,1,False,UNKNOWN,record,1123
1.0,-52.174199999999985,21.555962499999968,ResearchRun,GROSS_REFERENCE_PROXY,BLOCK_DATA_FEE_SLIPPAGE_LIQUIDITY,pairwise,-0.915,563,1686,1686,-0.00904982206405693,-15.257999999999985,OBSERVED_VALUE,all_training_conditions,-14.343,0.9720775371442447,0.7965203479652034,FDR_NOT_SIGNIFICANT,current_price_ge_0.27__and__absolute_change_ge_-0.455,1,False,UNKNOWN,record,1123
1.0,-14.862699999999995,18.93326249999999,ResearchRun,GROSS_REFERENCE_PROXY,BLOCK_DATA_FEE_SLIPPAGE_LIQUIDITY,pairwise,-0.881,135,342,342,0.0064108187134502975,2.1925000000000017,OBSERVED_VALUE,all_training_conditions,3.073500000000001,0.9720775371442447,0.396960303969603,FDR_NOT_SIGNIFICANT,current_price_ge_0.27__and__absolute_change_ge_0.05,1,False,UNKNOWN,record,207
1.0,0.22499999999999998,0.22499999999999998,ResearchRun,GROSS_REFERENCE_PROXY,BLOCK_DATA_FEE_SLIPPAGE_LIQUIDITY,pairwise,0.22499999999999998,0,1,1,0.22499999999999998,0.22499999999999998,OBSERVED_VALUE,all_training_conditions,0.0,0.9720775371442447,0.5002499750024998,FDR_NOT_SIGNIFICANT,current_price_ge_0.27__and__absolute_change_ge_0.455,1,False,UNKNOWN,record,1
1.0,-35.56614999999999,25.971162499999956,ResearchRun,GROSS_REFERENCE_PROXY,BLOCK_DATA_FEE_SLIPPAGE_LIQUIDITY,pairwise,-0.895,515,1090,1090,-0.004292660550458719,-4.679000000000004,OBSERVED_VALUE,all_training_conditions,-3.783999999999995,0.9720775371442447,0.6175382461753824,FDR_NOT_SIGNIFICANT,current_price_ge_0.27__and__absolute_change_lt_-0.0025,1,False,UNKNOWN,record,575
1.0,-23.752062499999994,5.451287499999995,ResearchRun,GROSS_REFERENCE_PROXY,BLOCK_DATA_FEE_SLIPPAGE_LIQUIDITY,pairwise,-0.855,121,225,225,-0.040391111111111114,-9.088000000000001,OBSERVED_VALUE,all_training_conditions,-8.233,0.9799762880854771,0.888011198880112,FDR_NOT_SIGNIFICANT,current_price_ge_0.27__and__absolute_change_lt_-0.055,1,False,UNKNOWN,record,104
1.0,-52.356499999999976,20.568299999999994,ResearchRun,GROSS_REFERENCE_PROXY,BLOCK_DATA_FEE_SLIPPAGE_LIQUIDITY,pairwise,-0.915,563,1686,1686,-0.00904982206405693,-15.257999999999985,OBSERVED_VALUE,all_training_conditions,-14.343,0.9720775371442447,0.7884211578842116,FDR_NOT_SIGNIFICANT,current_price_ge_0.27__and__absolute_change_lt_0.05,1,False,UNKNOWN,record,1123
1.0,-52.58117499999999,21.293175,ResearchRun,GROSS_REFERENCE_PROXY,BLOCK_DATA_FEE_SLIPPAGE_LIQUIDITY,pairwise,-0.915,563,1686,1686,-0.00904982206405693,-15.257999999999985,OBSERVED_VALUE,all_training_conditions,-14.343,0.9720775371442447,0.7947205279472053,FDR_NOT_SIGNIFICANT,current_price_ge_0.27__and__absolute_change_lt_0.455,1,False,UNKNOWN,record,1123
1.0,-48.10553749999999,25.43837499999998,ResearchRun,GROSS_REFERENCE_PROXY,BLOCK_DATA_FEE_SLIPPAGE_LIQUIDITY,pairwise,-0.925,554,1684,1684,-0.006807304038004746,-11.463499999999993,OBSERVED_VALUE,all_training_conditions,-10.538499999999996,0.9720775371442447,0.7256274372562743,FDR_NOT_SIGNIFICANT,current_price_ge_0.27__and__elapsed_seconds_ge_-23,1,False,UNKNOWN,record,1130
1.0,-47.670524999999984,25.362787499999996,ResearchRun,GROSS_REFERENCE_PROXY,BLOCK_DATA_FEE_SLIPPAGE_LIQUIDITY,pairwise,-0.925,554,1684,1684,-0.006801365795724462,-11.453499999999995,OBSERVED_VALUE,all_training_conditions,-10.528499999999998,0.9720775371442447,0.7254274572542746,FDR_NOT_SIGNIFICANT,current_price_ge_0.27__and__elapsed_seconds_ge_-38,1,False,UNKNOWN,record,1130
1.0,-51.209849999999996,21.991500000000002,ResearchRun,GROSS_REFERENCE_PROXY,BLOCK_DATA_FEE_SLIPPAGE_LIQUIDITY,pairwise,-0.915,563,1686,1686,-0.00904982206405693,-15.257999999999985,OBSERVED_VALUE,all_training_conditions,-14.343,0.9720775371442447,0.7957204279572043,FDR_NOT_SIGNIFICANT,current_price_ge_0.27__and__elapsed_seconds_ge_-4388,1,False,UNKNOWN,record,1123
1.0,-44.31255,29.42967499999999,ResearchRun,GROSS_REFERENCE_PROXY,BLOCK_DATA_FEE_SLIPPAGE_LIQUIDITY,pairwise,-0.925,551,1686,1686,-0.004629300118623972,-7.8050000000000175,OBSERVED_VALUE,all_training_conditions,-6.88,0.9720775371442447,0.6746325367463254,FDR_NOT_SIGNIFICANT,current_price_ge_0.27__and__elapsed_seconds_ge_-52,1,False,UNKNOWN,record,1135
1.0,-48.602499999999985,24.632075,ResearchRun,GROSS_REFERENCE_PROXY,BLOCK_DATA_FEE_SLIPPAGE_LIQUIDITY,pairwise,-0.925,554,1684,1684,-0.007044833729216149,-11.863499999999995,OBSERVED_VALUE,all_training_conditions,-10.938499999999998,0.9720775371442447,0.7411258874112588,FDR_NOT_SIGNIFICANT,current_price_ge_0.27__and__elapsed_seconds_ge_300,1,False,UNKNOWN,record,1130
1.0,-51.168074999999995,22.083499999999972,ResearchRun,GROSS_REFERENCE_PROXY,BLOCK_DATA_FEE_SLIPPAGE_LIQUIDITY,pairwise,-0.915,551,1652,1652,-0.008779055690072634,-14.50299999999999,OBSERVED_VALUE,all_training_conditions,-13.587999999999997,0.9720775371442447,0.7848215178482152,FDR_NOT_SIGNIFICANT,current_price_ge_0.27__and__elapsed_seconds_lt_-23,1,False,UNKNOWN,record,1101
1.0,-49.249062499999965,21.65906249999997,ResearchRun,GROSS_REFERENCE_PROXY,BLOCK_DATA_FEE_SLIPPAGE_LIQUIDITY,pairwise,-0.915,528,1585,1585,-0.008734384858044156,-13.843999999999987,OBSERVED_VALUE,all_training_conditions,-12.928999999999998,0.9720775371442447,0.7743225677432257,FDR_NOT_SIGNIFICANT,current_price_ge_0.27__and__elapsed_seconds_lt_-38,1,False,UNKNOWN,record,1057
1.0,-42.72632499999997,21.65251250000001,ResearchRun,GROSS_REFERENCE_PROXY,BLOCK_DATA_FEE_SLIPPAGE_LIQUIDITY,pairwise,-0.915,443,1330,1330,-0.007730451127819553,-10.281500000000005,OBSERVED_VALUE,all_training_conditions,-9.366499999999998,0.9720775371442447,0.7288271172882712,FDR_NOT_SIGNIFICANT,current_price_ge_0.27__and__elapsed_seconds_lt_-52,1,False,UNKNOWN,record,887
1.0,-51.8315875,21.201112499999997,ResearchRun,GROSS_REFERENCE_PROXY,BLOCK_DATA_FEE_SLIPPAGE_LIQUIDITY,pairwise,-0.915,563,1686,1686,-0.00904982206405693,-15.257999999999985,OBSERVED_VALUE,all_training_conditions,-14.343,0.9720775371442447,0.7944205579442056,FDR_NOT_SIGNIFICANT,current_price_ge_0.27__and__elapsed_seconds_lt_300,1,False,UNKNOWN,record,1123
1.0,-39.302962499999985,17.779087499999992,ResearchRun,GROSS_REFERENCE_PROXY,BLOCK_DATA_FEE_SLIPPAGE_LIQUIDITY,pairwise,-0.905,348,1031,1031,-0.010561105722599412,-10.888499999999993,OBSERVED_VALUE,all_training_conditions,-9.983499999999998,0.9720775371442447,0.7686231376862314,FDR_NOT_SIGNIFICANT,current_price_ge_0.27__and__level_eq_ATP,1,False,UNKNOWN,record,683
1.0,-26.88606249999998,17.786224999999995,ResearchRun,GROSS_REFERENCE_PROXY,BLOCK_DATA_FEE_SLIPPAGE_LIQUIDITY,pairwise,-0.915,215,655,655,-0.00667099236641222,-4.369500000000004,OBSERVED_VALUE,all_training_conditions,-3.4545000000000003,0.9720775371442447,0.6439356064393561,FDR_NOT_SIGNIFICANT,current_price_ge_0.27__and__level_eq_WTA,1,False,UNKNOWN,record,440
1.0,-51.82528749999999,21.52347499999999,ResearchRun,GROSS_REFERENCE_PROXY,BLOCK_DATA_FEE_SLIPPAGE_LIQUIDITY,pairwise,-0.915,563,1686,1686,-0.00904982206405693,-15.257999999999985,OBSERVED_VALUE,all_training_conditions,-14.343,0.9720775371442447,0.7908209179082092,FDR_NOT_SIGNIFICANT,current_price_ge_0.27__and__path_high_ge_0.0125,1,False,UNKNOWN,record,1123
1.0,-52.150062499999954,21.135849999999994,ResearchRun,GROSS_REFERENCE_PROXY,BLOCK_DATA_FEE_SLIPPAGE_LIQUIDITY,pairwise,-0.915,563,1686,1686,-0.00904982206405693,-15.257999999999985,OBSERVED_VALUE,all_training_conditions,-14.343,0.9720775371442447,0.7943205679432057,FDR_NOT_SIGNIFICANT,current_price_ge_0.27__and__path_high_ge_0.2905,1,False,UNKNOWN,record,1123
1.0,-53.68224999999998,19.9306625,ResearchRun,GROSS_REFERENCE_PROXY,BLOCK_DATA_FEE_SLIPPAGE_LIQUIDITY,pairwise,-0.915,560,1679,1679,-0.009957415128052427,-16.718500000000024,OBSERVED_VALUE,all_training_conditions,-15.803499999999996,0.979364088907565,0.8124187581241876,FDR_NOT_SIGNIFICANT,current_price_ge_0.27__and__path_high_ge_0.51,1,False,UNKNOWN,record,1119
1.0,-9.673224999999997,26.931024999999995,ResearchRun,GROSS_REFERENCE_PROXY,BLOCK_DATA_FEE_SLIPPAGE_LIQUIDITY,pairwise,-0.915,111,615,615,0.014755284552845555,9.074500000000016,OBSERVED_VALUE,all_training_conditions,9.9895,0.9720775371442447,0.16818318168183183,FDR_NOT_SIGNIFICANT,current_price_ge_0.27__and__path_high_ge_0.7315,1,False,UNKNOWN,record,504
1.0,0.01100000000000001,0.01100000000000001,ResearchRun,GROSS_REFERENCE_PROXY,BLOCK_DATA_FEE_SLIPPAGE_LIQUIDITY,pairwise,0.01100000000000001,0,1,1,0.01100000000000001,0.01100000000000001,OBSERVED_VALUE,all_training_conditions,0.0,0.9720775371442447,0.49645035496450357,FDR_NOT_SIGNIFICANT,current_price_ge_0.27__and__path_high_ge_0.989,1,False,UNKNOWN,record,1
1.0,-6.8475,12.282025,ResearchRun,GROSS_REFERENCE_PROXY,BLOCK_DATA_FEE_SLIPPAGE_LIQUIDITY,pairwise,0.73,82,117,117,0.01946581196581197,2.2775000000000007,OBSERVED_VALUE,all_training_conditions,1.5474999999999968,0.9720775371442447,0.3243675632436756,FDR_NOT_SIGNIFICANT,current_price_ge_0.27__and__path_high_lt_0.2905,1,False,UNKNOWN,record,35
1.0,-8.572799999999985,57.389912499999994,ResearchRun,GROSS_REFERENCE_PROXY,BLOCK_DATA_FEE_SLIPPAGE_LIQUIDITY,pairwise,0.73,734,1230,1230,0.019823577235772383,24.38300000000003,OBSERVED_VALUE,all_training_conditions,23.653000000000002,0.9720775371442447,0.0755924407559244,FDR_NOT_SIGNIFICANT,current_price_ge_0.27__and__path_high_lt_0.51,1,False,UNKNOWN,record,496
1.0,-46.916937499999996,19.016812499999997,ResearchRun,GROSS_REFERENCE_PROXY,BLOCK_DATA_FEE_SLIPPAGE_LIQUIDITY,pairwise,0.73,502,1231,1231,-0.011444354183590567,-14.087999999999987,OBSERVED_VALUE,all_training_conditions,-14.817999999999994,0.9720775371442447,0.7994200579942006,FDR_NOT_SIGNIFICANT,current_price_ge_0.27__and__path_high_lt_0.7315,1,False,UNKNOWN,record,729
1.0,-52.0405625,21.0867125,ResearchRun,GROSS_REFERENCE_PROXY,BLOCK_DATA_FEE_SLIPPAGE_LIQUIDITY,pairwise,-0.915,563,1686,1686,-0.00904982206405693,-15.257999999999985,OBSERVED_VALUE,all_training_conditions,-14.343,0.9720775371442447,0.7944205579442056,FDR_NOT_SIGNIFICANT,current_price_ge_0.27__and__path_high_lt_0.989,1,False,UNKNOWN,record,1123
1.0,-51.47804999999998,21.41176249999999,ResearchRun,GROSS_REFERENCE_PROXY,BLOCK_DATA_FEE_SLIPPAGE_LIQUIDITY,pairwise,-0.915,563,1686,1686,-0.00904982206405693,-15.257999999999985,OBSERVED_VALUE,all_training_conditions,-14.343,0.9720775371442447,0.8016198380161984,FDR_NOT_SIGNIFICANT,current_price_ge_0.27__and__path_low_ge_0.011,1,False,UNKNOWN,record,1123
1.0,-51.86518749999999,21.44797499999999,ResearchRun,GROSS_REFERENCE_PROXY,BLOCK_DATA_FEE_SLIPPAGE_LIQUIDITY,pairwise,-0.915,563,1686,1686,-0.00904982206405693,-15.257999999999985,OBSERVED_VALUE,all_training_conditions,-14.343,0.9720775371442447,0.7857214278572143,FDR_NOT_SIGNIFICANT,current_price_ge_0.27__and__path_low_ge_0.2665,1,False,UNKNOWN,record,1123
1.0,-51.98861250000001,20.983899999999984,ResearchRun,GROSS_REFERENCE_PROXY,BLOCK_DATA_FEE_SLIPPAGE_LIQUIDITY,pairwise,-0.915,563,1686,1686,-0.00904982206405693,-15.257999999999985,OBSERVED_VALUE,all_training_conditions,-14.343,0.9720775371442447,0.7947205279472053,FDR_NOT_SIGNIFICANT,current_price_ge_0.27__and__path_low_ge_0.49,1,False,UNKNOWN,record,1123
1.0,-12.188449999999985,25.1051125,ResearchRun,GROSS_REFERENCE_PROXY,BLOCK_DATA_FEE_SLIPPAGE_LIQUIDITY,pairwise,-0.915,113,606,606,0.011052805280528096,6.698000000000026,OBSERVED_VALUE,all_training_conditions,7.6129999999999995,0.9720775371442447,0.23997600239976002,FDR_NOT_SIGNIFICANT,current_price_ge_0.27__and__path_low_ge_0.7095,1,False,UNKNOWN,record,493
1.0,0.012499999999999956,0.012499999999999956,ResearchRun,GROSS_REFERENCE_PROXY,BLOCK_DATA_FEE_SLIPPAGE_LIQUIDITY,pairwise,0.012499999999999956,0,1,1,0.012499999999999956,0.012499999999999956,OBSERVED_VALUE,all_training_conditions,0.0,0.9720775371442447,0.5065493450654934,FDR_NOT_SIGNIFICANT,current_price_ge_0.27__and__path_low_ge_0.9875,1,False,UNKNOWN,record,1
1.0,-1.65,14.775249999999996,ResearchRun,GROSS_REFERENCE_PROXY,BLOCK_DATA_FEE_SLIPPAGE_LIQUIDITY,pairwise,0.73,45,74,74,0.08756756756756749,6.479999999999994,OBSERVED_VALUE,all_training_conditions,5.75,0.9720775371442447,0.06129387061293871,FDR_NOT_SIGNIFICANT,current_price_ge_0.27__and__path_low_lt_0.2665,1,False,UNKNOWN,record,29
1.0,-11.34139999999999,55.81224999999999,ResearchRun,GROSS_REFERENCE_PROXY,BLOCK_DATA_FEE_SLIPPAGE_LIQUIDITY,pairwise,0.73,732,1222,1222,0.018304828150572806,22.36849999999997,OBSERVED_VALUE,all_training_conditions,21.638499999999997,0.9720775371442447,0.09299070092990701,FDR_NOT_SIGNIFICANT,current_price_ge_0.27__and__path_low_lt_0.49,1,False,UNKNOWN,record,490
1.0,-52.763062500000004,14.104674999999995,ResearchRun,GROSS_REFERENCE_PROXY,BLOCK_DATA_FEE_SLIPPAGE_LIQUIDITY,pairwise,-0.74,544,1241,1241,-0.015740934730056323,-19.5344999999999,OBSERVED_VALUE,all_training_conditions,-18.794499999999996,0.9799762880854771,0.8705129487051295,FDR_NOT_SIGNIFICANT,current_price_ge_0.27__and__path_low_lt_0.7095,1,False,UNKNOWN,record,697
1.0,-52.1795375,20.578799999999983,ResearchRun,GROSS_REFERENCE_PROXY,BLOCK_DATA_FEE_SLIPPAGE_LIQUIDITY,pairwise,-0.915,563,1685,1685,-0.009062611275964385,-15.270499999999988,OBSERVED_VALUE,all_training_conditions,-14.355499999999996,0.9720775371442447,0.7944205579442056,FDR_NOT_SIGNIFICANT,current_price_ge_0.27__and__path_low_lt_0.9875,1,False,UNKNOWN,record,1122
1.0,-48.784162499999994,23.379025,ResearchRun,GROSS_REFERENCE_PROXY,BLOCK_DATA_FEE_SLIPPAGE_LIQUIDITY,pairwise,-0.925,553,1678,1678,-0.007606376638855783,-12.763500000000004,OBSERVED_VALUE,all_training_conditions,-11.838499999999996,0.9720775371442447,0.7542245775422458,FDR_NOT_SIGNIFICANT,current_price_ge_0.27__and__realized_volatility_ge_0,1,False,UNKNOWN,record,1125
1.0,-50.232762499999986,9.674087499999983,ResearchRun,GROSS_REFERENCE_PROXY,BLOCK_DATA_FEE_SLIPPAGE_LIQUIDITY,pairwise,-0.925,424,1066,1066,-0.019362570356472788,-20.640499999999992,OBSERVED_VALUE,all_training_conditions,-19.715499999999995,0.9830077598300776,0.9106089391060894,FDR_NOT_SIGNIFICANT,current_price_ge_0.27__and__realized_volatility_ge_0.0138682417455,1,False,UNKNOWN,record,642
1.0,-23.244187499999992,25.264712499999984,ResearchRun,GROSS_REFERENCE_PROXY,BLOCK_DATA_FEE_SLIPPAGE_LIQUIDITY,pairwise,-0.905,281,660,660,0.0014424242424242338,0.9519999999999943,OBSERVED_VALUE,all_training_conditions,1.8570000000000004,0.9720775371442447,0.46785321467853214,FDR_NOT_SIGNIFICANT,current_price_ge_0.27__and__realized_volatility_ge_0.0332983334177,1,False,UNKNOWN,record,379
1.0,-9.221587499999998,24.9095375,ResearchRun,GROSS_REFERENCE_PROXY,BLOCK_DATA_FEE_SLIPPAGE_LIQUIDITY,pairwise,-0.81,172,338,338,0.022724852071005903,7.680999999999995,OBSERVED_VALUE,all_training_conditions,8.491,0.9720775371442447,0.1982801719828017,FDR_NOT_SIGNIFICANT,current_price_ge_0.27__and__realized_volatility_ge_0.0694710322181,1,False,UNKNOWN,record,166
,,,ResearchRun,GROSS_REFERENCE_PROXY,BLOCK_DATA_FEE_SLIPPAGE_LIQUIDITY,pairwise,,0,0,0,,0.0,OBSERVED_VALUE,all_training_conditions,0.0,,,ZERO_MATCHES,current_price_ge_0.27__and__realized_volatility_ge_2.32041788338,1,False,UNKNOWN,record,0
1.0,-13.146675000000002,34.488749999999996,ResearchRun,GROSS_REFERENCE_PROXY,BLOCK_DATA_FEE_SLIPPAGE_LIQUIDITY,pairwise,-0.91,223,762,762,0.014198818897637801,10.819500000000005,OBSERVED_VALUE,all_training_conditions,11.729499999999998,0.9720775371442447,0.18588141185881413,FDR_NOT_SIGNIFICANT,current_price_ge_0.27__and__realized_volatility_lt_0.0138682417455,1,False,UNKNOWN,record,539
1.0,-28.61839999999999,30.644487499999997,ResearchRun,GROSS_REFERENCE_PROXY,BLOCK_DATA_FEE_SLIPPAGE_LIQUIDITY,pairwise,-0.925,358,1172,1172,0.0010213310580204666,1.1969999999999867,OBSERVED_VALUE,all_training_conditions,2.121999999999999,0.9720775371442447,0.46085391460853914,FDR_NOT_SIGNIFICANT,current_price_ge_0.27__and__realized_volatility_lt_0.0332983334177,1,False,UNKNOWN,record,814
1.0,-48.961,20.66499999999999,ResearchRun,GROSS_REFERENCE_PROXY,BLOCK_DATA_FEE_SLIPPAGE_LIQUIDITY,pairwise,-0.925,504,1542,1542,-0.009284695201037585,-14.316999999999956,OBSERVED_VALUE,all_training_conditions,-13.392000000000007,0.9720775371442447,0.793020697930207,FDR_NOT_SIGNIFICANT,current_price_ge_0.27__and__realized_volatility_lt_0.0694710322181,1,False,UNKNOWN,record,1038
1.0,-48.987437499999984,23.70639999999999,ResearchRun,GROSS_REFERENCE_PROXY,BLOCK_DATA_FEE_SLIPPAGE_LIQUIDITY,pairwise,-0.925,553,1678,1678,-0.007606376638855783,-12.763500000000004,OBSERVED_VALUE,all_training_conditions,-11.838499999999996,0.9720775371442447,0.7564243575642435,FDR_NOT_SIGNIFICANT,current_price_ge_0.27__and__realized_volatility_lt_2.32041788338,1,False,UNKNOWN,record,1125
1.0,-51.453575,21.362862500000006,ResearchRun,GROSS_REFERENCE_PROXY,BLOCK_DATA_FEE_SLIPPAGE_LIQUIDITY,pairwise,-0.915,563,1686,1686,-0.00904982206405693,-15.257999999999985,OBSERVED_VALUE,all_training_conditions,-14.343,0.9720775371442447,0.7945205479452054,FDR_NOT_SIGNIFICANT,current_price_ge_0.27__and__relative_change_ge_-0.00186219739292,1,False,UNKNOWN,record,1123
1.0,-51.5853,20.446224999999995,ResearchRun,GROSS_REFERENCE_PROXY,BLOCK_DATA_FEE_SLIPPAGE_LIQUIDITY,pairwise,-0.915,563,1686,1686,-0.00904982206405693,-15.257999999999985,OBSERVED_VALUE,all_training_conditions,-14.343,0.9720775371442447,0.7996200379962004,FDR_NOT_SIGNIFICANT,current_price_ge_0.27__and__relative_change_ge_-0.0747663551402,1,False,UNKNOWN,record,1123
1.0,-51.263699999999986,20.58411249999995,ResearchRun,GROSS_REFERENCE_PROXY,BLOCK_DATA_FEE_SLIPPAGE_LIQUIDITY,pairwise,-0.915,563,1686,1686,-0.00904982206405693,-15.257999999999985,OBSERVED_VALUE,all_training_conditions,-14.343,0.9720775371442447,0.7867213278672133,FDR_NOT_SIGNIFICANT,current_price_ge_0.27__and__relative_change_ge_-0.708333333333,1,False,UNKNOWN,record,1123
1.0,-17.735199999999992,22.016274999999993,ResearchRun,GROSS_REFERENCE_PROXY,BLOCK_DATA_FEE_SLIPPAGE_LIQUIDITY,pairwise,-0.881,197,452,452,0.0050099557522124,2.264500000000005,OBSERVED_VALUE,all_training_conditions,3.1454999999999984,0.9720775371442447,0.42395760423957607,FDR_NOT_SIGNIFICANT,current_price_ge_0.27__and__relative_change_ge_0.0633802816901,1,False,UNKNOWN,record,255
,,,ResearchRun,GROSS_REFERENCE_PROXY,BLOCK_DATA_FEE_SLIPPAGE_LIQUIDITY,pairwise,,0,0,0,,0.0,OBSERVED_VALUE,all_training_conditions,0.0,,,ZERO_MATCHES,current_price_ge_0.27__and__relative_change_ge_1.81481481481,1,False,UNKNOWN,record,0
1.0,-34.3322,27.068124999999995,ResearchRun,GROSS_REFERENCE_PROXY,BLOCK_DATA_FEE_SLIPPAGE_LIQUIDITY,pairwise,-0.895,515,1093,1093,-0.0033568161024702683,-3.669000000000003,OBSERVED_VALUE,all_training_conditions,-2.7739999999999934,0.9720775371442447,0.601939806019398,FDR_NOT_SIGNIFICANT,current_price_ge_0.27__and__relative_change_lt_-0.00186219739292,1,False,UNKNOWN,record,578
1.0,-12.958324999999991,21.542987499999988,ResearchRun,GROSS_REFERENCE_PROXY,BLOCK_DATA_FEE_SLIPPAGE_LIQUIDITY,pairwise,-0.805,169,324,324,0.013845679012345711,4.48600000000001,OBSERVED_VALUE,all_training_conditions,5.290999999999999,0.9720775371442447,0.3144685531446855,FDR_NOT_SIGNIFICANT,current_price_ge_0.27__and__relative_change_lt_-0.0747663551402,1,False,UNKNOWN,record,155
1.0,-51.90516250000001,22.013149999999982,ResearchRun,GROSS_REFERENCE_PROXY,BLOCK_DATA_FEE_SLIPPAGE_LIQUIDITY,pairwise,-0.915,563,1686,1686,-0.00904982206405693,-15.257999999999985,OBSERVED_VALUE,all_training_conditions,-14.343,0.9720775371442447,0.7964203579642036,FDR_NOT_SIGNIFICANT,current_price_ge_0.27__and__relative_change_lt_0.0633802816901,1,False,UNKNOWN,record,1123
1.0,-52.20727499999998,21.088274999999967,ResearchRun,GROSS_REFERENCE_PROXY,BLOCK_DATA_FEE_SLIPPAGE_LIQUIDITY,pairwise,-0.915,563,1686,1686,-0.00904982206405693,-15.257999999999985,OBSERVED_VALUE,all_training_conditions,-14.343,0.9720775371442447,0.7974202579742026,FDR_NOT_SIGNIFICANT,current_price_ge_0.27__and__relative_change_lt_1.81481481481,1,False,UNKNOWN,record,1123
1.0,-52.42547499999999,21.27306249999999,ResearchRun,GROSS_REFERENCE_PROXY,BLOCK_DATA_FEE_SLIPPAGE_LIQUIDITY,market_level,-0.915,563,1686,1686,-0.00904982206405693,-15.257999999999985,OBSERVED_VALUE,all_training_conditions,-14.343,0.9720775371442447,0.797020297970203,FDR_NOT_SIGNIFICANT,current_price_ge_0.5,1,False,UNKNOWN,record,1123
1.0,-51.831675,21.313224999999996,ResearchRun,GROSS_REFERENCE_PROXY,BLOCK_DATA_FEE_SLIPPAGE_LIQUIDITY,pairwise,-0.915,563,1686,1686,-0.00904982206405693,-15.257999999999985,OBSERVED_VALUE,all_training_conditions,-14.343,0.9720775371442447,0.7935206479352065,FDR_NOT_SIGNIFICANT,current_price_ge_0.5__and__absolute_change_ge_-0.0025,1,False,UNKNOWN,record,1123
1.0,-52.089325,21.967974999999967,ResearchRun,GROSS_REFERENCE_PROXY,BLOCK_DATA_FEE_SLIPPAGE_LIQUIDITY,pairwise,-0.915,563,1686,1686,-0.00904982206405693,-15.257999999999985,OBSERVED_VALUE,all_training_conditions,-14.343,0.9720775371442447,0.8012198780121987,FDR_NOT_SIGNIFICANT,current_price_ge_0.5__and__absolute_change_ge_-0.055,1,False,UNKNOWN,record,1123
1.0,-51.58116250000001,21.591587499999957,ResearchRun,GROSS_REFERENCE_PROXY,BLOCK_DATA_FEE_SLIPPAGE_LIQUIDITY,pairwise,-0.915,563,1686,1686,-0.00904982206405693,-15.257999999999985,OBSERVED_VALUE,all_training_conditions,-14.343,0.9720775371442447,0.7945205479452054,FDR_NOT_SIGNIFICANT,current_price_ge_0.5__and__absolute_change_ge_-0.455,1,False,UNKNOWN,record,1123
1.0,-17.4707,8.830149999999996,ResearchRun,GROSS_REFERENCE_PROXY,BLOCK_DATA_FEE_SLIPPAGE_LIQUIDITY,pairwise,-0.881,74,229,229,-0.017849344978165933,-4.087499999999999,OBSERVED_VALUE,all_training_conditions,-3.206500000000001,0.9720775371442447,0.7284271572842715,FDR_NOT_SIGNIFICANT,current_price_ge_0.5__and__absolute_change_ge_0.05,1,False,UNKNOWN,record,155
1.0,0.22499999999999998,0.22499999999999998,ResearchRun,GROSS_REFERENCE_PROXY,BLOCK_DATA_FEE_SLIPPAGE_LIQUIDITY,pairwise,0.22499999999999998,0,1,1,0.22499999999999998,0.22499999999999998,OBSERVED_VALUE,all_training_conditions,0.0,0.9720775371442447,0.49525047495250474,FDR_NOT_SIGNIFICANT,current_price_ge_0.5__and__absolute_change_ge_0.455,1,False,UNKNOWN,record,1
1.0,-37.112562499999996,7.549324999999995,ResearchRun,GROSS_REFERENCE_PROXY,BLOCK_DATA_FEE_SLIPPAGE_LIQUIDITY,pairwise,-0.895,225,605,605,-0.024285950413223158,-14.69300000000001,OBSERVED_VALUE,all_training_conditions,-13.797999999999998,0.9799762880854771,0.8909109089091091,FDR_NOT_SIGNIFICANT,current_price_ge_0.5__and__absolute_change_lt_-0.0025,1,False,UNKNOWN,record,380
1.0,-18.700512500000002,1.497549999999999,ResearchRun,GROSS_REFERENCE_PROXY,BLOCK_DATA_FEE_SLIPPAGE_LIQUIDITY,pairwise,-0.855,52,113,113,-0.07513274336283186,-8.49,OBSERVED_VALUE,all_training_conditions,-7.635,0.9830077598300776,0.9447055294470553,FDR_NOT_SIGNIFICANT,current_price_ge_0.5__and__absolute_change_lt_-0.055,1,False,UNKNOWN,record,61
1.0,-52.0084,20.7422625,ResearchRun,GROSS_REFERENCE_PROXY,BLOCK_DATA_FEE_SLIPPAGE_LIQUIDITY,pairwise,-0.915,563,1686,1686,-0.00904982206405693,-15.257999999999985,OBSERVED_VALUE,all_training_conditions,-14.343,0.9720775371442447,0.7942205779422058,FDR_NOT_SIGNIFICANT,current_price_ge_0.5__and__absolute_change_lt_0.05,1,False,UNKNOWN,record,1123
1.0,-52.619737499999985,21.825712499999995,ResearchRun,GROSS_REFERENCE_PROXY,BLOCK_DATA_FEE_SLIPPAGE_LIQUIDITY,pairwise,-0.915,563,1686,1686,-0.00904982206405693,-15.257999999999985,OBSERVED_VALUE,all_training_conditions,-14.343,0.9720775371442447,0.7946205379462054,FDR_NOT_SIGNIFICANT,current_price_ge_0.5__and__absolute_change_lt_0.455,1,False,UNKNOWN,record,1123
1.0,-47.858687499999995,24.02373749999997,ResearchRun,GROSS_REFERENCE_PROXY,BLOCK_DATA_FEE_SLIPPAGE_LIQUIDITY,pairwise,-0.925,554,1684,1684,-0.006807304038004746,-11.463499999999993,OBSERVED_VALUE,all_training_conditions,-10.538499999999996,0.9720775371442447,0.7354264573542646,FDR_NOT_SIGNIFICANT,current_price_ge_0.5__and__elapsed_seconds_ge_-23,1,False,UNKNOWN,record,1130
1.0,-47.76597499999999,24.5363,ResearchRun,GROSS_REFERENCE_PROXY,BLOCK_DATA_FEE_SLIPPAGE_LIQUIDITY,pairwise,-0.925,554,1684,1684,-0.006801365795724462,-11.453499999999995,OBSERVED_VALUE,all_training_conditions,-10.528499999999998,0.9720775371442447,0.7327267273272673,FDR_NOT_SIGNIFICANT,current_price_ge_0.5__and__elapsed_seconds_ge_-38,1,False,UNKNOWN,record,1130
1.0,-52.0909125,21.49214999999997,ResearchRun,GROSS_REFERENCE_PROXY,BLOCK_DATA_FEE_SLIPPAGE_LIQUIDITY,pairwise,-0.915,563,1686,1686,-0.00904982206405693,-15.257999999999985,OBSERVED_VALUE,all_training_conditions,-14.343,0.9720775371442447,0.7986201379862014,FDR_NOT_SIGNIFICANT,current_price_ge_0.5__and__elapsed_seconds_ge_-4388,1,False,UNKNOWN,record,1123
1.0,-43.95415,28.201175000000006,ResearchRun,GROSS_REFERENCE_PROXY,BLOCK_DATA_FEE_SLIPPAGE_LIQUIDITY,pairwise,-0.925,551,1686,1686,-0.004629300118623972,-7.8050000000000175,OBSERVED_VALUE,all_training_conditions,-6.88,0.9720775371442447,0.662933706629337,FDR_NOT_SIGNIFICANT,current_price_ge_0.5__and__elapsed_seconds_ge_-52,1,False,UNKNOWN,record,1135
1.0,-47.9525,24.731550000000002,ResearchRun,GROSS_REFERENCE_PROXY,BLOCK_DATA_FEE_SLIPPAGE_LIQUIDITY,pairwise,-0.925,554,1684,1684,-0.007044833729216149,-11.863499999999995,OBSERVED_VALUE,all_training_conditions,-10.938499999999998,0.9720775371442447,0.7433256674332567,FDR_NOT_SIGNIFICANT,current_price_ge_0.5__and__elapsed_seconds_ge_300,1,False,UNKNOWN,record,1130
1.0,-50.5646125,21.14078749999999,ResearchRun,GROSS_REFERENCE_PROXY,BLOCK_DATA_FEE_SLIPPAGE_LIQUIDITY,pairwise,-0.915,551,1652,1652,-0.008779055690072634,-14.50299999999999,OBSERVED_VALUE,all_training_conditions,-13.587999999999997,0.9720775371442447,0.7831216878312168,FDR_NOT_SIGNIFICANT,current_price_ge_0.5__and__elapsed_seconds_lt_-23,1,False,UNKNOWN,record,1101
1.0,-49.74671249999999,20.39525,ResearchRun,GROSS_REFERENCE_PROXY,BLOCK_DATA_FEE_SLIPPAGE_LIQUIDITY,pairwise,-0.915,528,1585,1585,-0.008734384858044156,-13.843999999999987,OBSERVED_VALUE,all_training_conditions,-12.928999999999998,0.9720775371442447,0.7871212878712128,FDR_NOT_SIGNIFICANT,current_price_ge_0.5__and__elapsed_seconds_lt_-38,1,False,UNKNOWN,record,1057
1.0,-42.998937500000004,22.0731,ResearchRun,GROSS_REFERENCE_PROXY,BLOCK_DATA_FEE_SLIPPAGE_LIQUIDITY,pairwise,-0.915,443,1330,1330,-0.007730451127819553,-10.281500000000005,OBSERVED_VALUE,all_training_conditions,-9.366499999999998,0.9720775371442447,0.7342265773422658,FDR_NOT_SIGNIFICANT,current_price_ge_0.5__and__elapsed_seconds_lt_-52,1,False,UNKNOWN,record,887
1.0,-51.441325,21.51482499999997,ResearchRun,GROSS_REFERENCE_PROXY,BLOCK_DATA_FEE_SLIPPAGE_LIQUIDITY,pairwise,-0.915,563,1686,1686,-0.00904982206405693,-15.257999999999985,OBSERVED_VALUE,all_training_conditions,-14.343,0.9720775371442447,0.7877212278772123,FDR_NOT_SIGNIFICANT,current_price_ge_0.5__and__elapsed_seconds_lt_300,1,False,UNKNOWN,record,1123
1.0,-39.185375,18.13405,ResearchRun,GROSS_REFERENCE_PROXY,BLOCK_DATA_FEE_SLIPPAGE_LIQUIDITY,pairwise,-0.905,348,1031,1031,-0.010561105722599412,-10.888499999999993,OBSERVED_VALUE,all_training_conditions,-9.983499999999998,0.9720775371442447,0.7728227177282272,FDR_NOT_SIGNIFICANT,current_price_ge_0.5__and__level_eq_ATP,1,False,UNKNOWN,record,683
1.0,-27.163575,18.045674999999992,ResearchRun,GROSS_REFERENCE_PROXY,BLOCK_DATA_FEE_SLIPPAGE_LIQUIDITY,pairwise,-0.915,215,655,655,-0.00667099236641222,-4.369500000000004,OBSERVED_VALUE,all_training_conditions,-3.4545000000000003,0.9720775371442447,0.6581341865813418,FDR_NOT_SIGNIFICANT,current_price_ge_0.5__and__level_eq_WTA,1,False,UNKNOWN,record,440
1.0,-52.55303749999998,21.972350000000002,ResearchRun,GROSS_REFERENCE_PROXY,BLOCK_DATA_FEE_SLIPPAGE_LIQUIDITY,pairwise,-0.915,563,1686,1686,-0.00904982206405693,-15.257999999999985,OBSERVED_VALUE,all_training_conditions,-14.343,0.9720775371442447,0.7922207779222078,FDR_NOT_SIGNIFICANT,current_price_ge_0.5__and__path_high_ge_0.0125,1,False,UNKNOWN,record,1123
1.0,-52.43034999999998,20.91008749999994,ResearchRun,GROSS_REFERENCE_PROXY,BLOCK_DATA_FEE_SLIPPAGE_LIQUIDITY,pairwise,-0.915,563,1686,1686,-0.00904982206405693,-15.257999999999985,OBSERVED_VALUE,all_training_conditions,-14.343,0.9720775371442447,0.7933206679332067,FDR_NOT_SIGNIFICANT,current_price_ge_0.5__and__path_high_ge_0.2905,1,False,UNKNOWN,record,1123
1.0,-53.08546249999999,19.36868749999999,ResearchRun,GROSS_REFERENCE_PROXY,BLOCK_DATA_FEE_SLIPPAGE_LIQUIDITY,pairwise,-0.915,560,1678,1678,-0.010267282479141836,-17.2285,OBSERVED_VALUE,all_training_conditions,-16.313499999999998,0.9799762880854771,0.826017398260174,FDR_NOT_SIGNIFICANT,current_price_ge_0.5__and__path_high_ge_0.51,1,False,UNKNOWN,record,1118
1.0,-9.2861125,26.924412499999992,ResearchRun,GROSS_REFERENCE_PROXY,BLOCK_DATA_FEE_SLIPPAGE_LIQUIDITY,pairwise,-0.915,111,615,615,0.014755284552845555,9.074500000000016,OBSERVED_VALUE,all_training_conditions,9.9895,0.9720775371442447,0.1708829117088291,FDR_NOT_SIGNIFICANT,current_price_ge_0.5__and__path_high_ge_0.7315,1,False,UNKNOWN,record,504
1.0,0.01100000000000001,0.01100000000000001,ResearchRun,GROSS_REFERENCE_PROXY,BLOCK_DATA_FEE_SLIPPAGE_LIQUIDITY,pairwise,0.01100000000000001,0,1,1,0.01100000000000001,0.01100000000000001,OBSERVED_VALUE,all_training_conditions,0.0,0.9720775371442447,0.49645035496450357,FDR_NOT_SIGNIFICANT,current_price_ge_0.5__and__path_high_ge_0.989,1,False,UNKNOWN,record,1
,,,ResearchRun,GROSS_REFERENCE_PROXY,BLOCK_DATA_FEE_SLIPPAGE_LIQUIDITY,pairwise,,0,0,0,,0.0,OBSERVED_VALUE,all_training_conditions,0.0,,,ZERO_MATCHES,current_price_ge_0.5__and__path_high_lt_0.2905,1,False,UNKNOWN,record,0
1.0,-3.1875,10.805,ResearchRun,GROSS_REFERENCE_PROXY,BLOCK_DATA_FEE_SLIPPAGE_LIQUIDITY,pairwise,-0.505,20,48,48,0.0794791666666667,3.8150000000000013,OBSERVED_VALUE,all_training_conditions,4.32,0.9720775371442447,0.15358464153584642,FDR_NOT_SIGNIFICANT,current_price_ge_0.5__and__path_high_lt_0.51,1,False,UNKNOWN,record,28
1.0,-51.67486249999999,14.655799999999962,ResearchRun,GROSS_REFERENCE_PROXY,BLOCK_DATA_FEE_SLIPPAGE_LIQUIDITY,pairwise,-0.73,478,1190,1190,-0.015699999999999985,-18.682999999999982,OBSERVED_VALUE,all_training_conditions,-17.953,0.9799762880854771,0.8695130486951305,FDR_NOT_SIGNIFICANT,current_price_ge_0.5__and__path_high_lt_0.7315,1,False,UNKNOWN,record,712
1.0,-52.11202499999999,21.792424999999984,ResearchRun,GROSS_REFERENCE_PROXY,BLOCK_DATA_FEE_SLIPPAGE_LIQUIDITY,pairwise,-0.915,563,1686,1686,-0.00904982206405693,-15.257999999999985,OBSERVED_VALUE,all_training_conditions,-14.343,0.9720775371442447,0.7914208579142086,FDR_NOT_SIGNIFICANT,current_price_ge_0.5__and__path_high_lt_0.989,1,False,UNKNOWN,record,1123
1.0,-51.07597499999999,22.01413749999999,ResearchRun,GROSS_REFERENCE_PROXY,BLOCK_DATA_FEE_SLIPPAGE_LIQUIDITY,pairwise,-0.915,563,1686,1686,-0.00904982206405693,-15.257999999999985,OBSERVED_VALUE,all_training_conditions,-14.343,0.9720775371442447,0.7889211078892111,FDR_NOT_SIGNIFICANT,current_price_ge_0.5__and__path_low_ge_0.011,1,False,UNKNOWN,record,1123
1.0,-51.98822499999999,20.108499999999978,ResearchRun,GROSS_REFERENCE_PROXY,BLOCK_DATA_FEE_SLIPPAGE_LIQUIDITY,pairwise,-0.915,563,1686,1686,-0.00904982206405693,-15.257999999999985,OBSERVED_VALUE,all_training_conditions,-14.343,0.9720775371442447,0.7947205279472053,FDR_NOT_SIGNIFICANT,current_price_ge_0.5__and__path_low_ge_0.2665,1,False,UNKNOWN,record,1123
1.0,-52.5473375,20.234212500000005,ResearchRun,GROSS_REFERENCE_PROXY,BLOCK_DATA_FEE_SLIPPAGE_LIQUIDITY,pairwise,-0.915,563,1686,1686,-0.00904982206405693,-15.257999999999985,OBSERVED_VALUE,all_training_conditions,-14.343,0.9720775371442447,0.8015198480151985,FDR_NOT_SIGNIFICANT,current_price_ge_0.5__and__path_low_ge_0.49,1,False,UNKNOWN,record,1123
1.0,-12.555587499999994,24.80196249999999,ResearchRun,GROSS_REFERENCE_PROXY,BLOCK_DATA_FEE_SLIPPAGE_LIQUIDITY,pairwise,-0.915,113,606,606,0.011052805280528096,6.698000000000026,OBSERVED_VALUE,all_training_conditions,7.6129999999999995,0.9720775371442447,0.24087591240875914,FDR_NOT_SIGNIFICANT,current_price_ge_0.5__and__path_low_ge_0.7095,1,False,UNKNOWN,record,493
1.0,0.012499999999999956,0.012499999999999956,ResearchRun,GROSS_REFERENCE_PROXY,BLOCK_DATA_FEE_SLIPPAGE_LIQUIDITY,pairwise,0.012499999999999956,0,1,1,0.012499999999999956,0.012499999999999956,OBSERVED_VALUE,all_training_conditions,0.0,0.9720775371442447,0.5082491750824918,FDR_NOT_SIGNIFICANT,current_price_ge_0.5__and__path_low_ge_0.9875,1,False,UNKNOWN,record,1
,,,ResearchRun,GROSS_REFERENCE_PROXY,BLOCK_DATA_FEE_SLIPPAGE_LIQUIDITY,pairwise,,0,0,0,,0.0,OBSERVED_VALUE,all_training_conditions,0.0,,,ZERO_MATCHES,current_price_ge_0.5__and__path_low_lt_0.2665,1,False,UNKNOWN,record,0
1.0,-3.9219124999999964,12.490374999999995,ResearchRun,GROSS_REFERENCE_PROXY,BLOCK_DATA_FEE_SLIPPAGE_LIQUIDITY,pairwise,-0.635,31,81,81,0.053376543209876545,4.3235,OBSERVED_VALUE,all_training_conditions,4.958499999999999,0.9720775371442447,0.15278472152784722,FDR_NOT_SIGNIFICANT,current_price_ge_0.5__and__path_low_lt_0.49,1,False,UNKNOWN,record,50
1.0,-52.25635,13.984712499999997,ResearchRun,GROSS_REFERENCE_PROXY,BLOCK_DATA_FEE_SLIPPAGE_LIQUIDITY,pairwise,-0.74,471,1162,1162,-0.016167814113597183,-18.786999999999928,OBSERVED_VALUE,all_training_conditions,-18.047,0.9799762880854771,0.8778122187781222,FDR_NOT_SIGNIFICANT,current_price_ge_0.5__and__path_low_lt_0.7095,1,False,UNKNOWN,record,691
1.0,-51.853874999999995,21.13035,ResearchRun,GROSS_REFERENCE_PROXY,BLOCK_DATA_FEE_SLIPPAGE_LIQUIDITY,pairwise,-0.915,563,1685,1685,-0.009062611275964385,-15.270499999999988,OBSERVED_VALUE,all_training_conditions,-14.355499999999996,0.9720775371442447,0.789021097890211,FDR_NOT_SIGNIFICANT,current_price_ge_0.5__and__path_low_lt_0.9875,1,False,UNKNOWN,record,1122
1.0,-49.42113750000001,22.919174999999992,ResearchRun,GROSS_REFERENCE_PROXY,BLOCK_DATA_FEE_SLIPPAGE_LIQUIDITY,pairwise,-0.925,553,1678,1678,-0.007606376638855783,-12.763500000000004,OBSERVED_VALUE,all_training_conditions,-11.838499999999996,0.9720775371442447,0.7543245675432457,FDR_NOT_SIGNIFICANT,current_price_ge_0.5__and__realized_volatility_ge_0,1,False,UNKNOWN,record,1125
1.0,-48.242749999999994,6.455399999999991,ResearchRun,GROSS_REFERENCE_PROXY,BLOCK_DATA_FEE_SLIPPAGE_LIQUIDITY,pairwise,-0.925,330,920,920,-0.023008695652173883,-21.167999999999974,OBSERVED_VALUE,all_training_conditions,-20.243,0.9830077598300776,0.9341065893410659,FDR_NOT_SIGNIFICANT,current_price_ge_0.5__and__realized_volatility_ge_0.0138682417455,1,False,UNKNOWN,record,590
1.0,-33.655525000000004,7.684149999999997,ResearchRun,GROSS_REFERENCE_PROXY,BLOCK_DATA_FEE_SLIPPAGE_LIQUIDITY,pairwise,-0.905,196,509,509,-0.025668958742632635,-13.06550000000001,OBSERVED_VALUE,all_training_conditions,-12.1605,0.9799762880854771,0.8926107389261074,FDR_NOT_SIGNIFICANT,current_price_ge_0.5__and__realized_volatility_ge_0.0332983334177,1,False,UNKNOWN,record,313
1.0,-9.105675000000002,13.112862499999995,ResearchRun,GROSS_REFERENCE_PROXY,BLOCK_DATA_FEE_SLIPPAGE_LIQUIDITY,pairwise,-0.81,52,142,142,0.015200704225352095,2.1584999999999974,OBSERVED_VALUE,all_training_conditions,2.9684999999999993,0.9720775371442447,0.34406559344065596,FDR_NOT_SIGNIFICANT,current_price_ge_0.5__and__realized_volatility_ge_0.0694710322181,1,False,UNKNOWN,record,90
,,,ResearchRun,GROSS_REFERENCE_PROXY,BLOCK_DATA_FEE_SLIPPAGE_LIQUIDITY,pairwise,,0,0,0,,0.0,OBSERVED_VALUE,all_training_conditions,0.0,,,ZERO_MATCHES,current_price_ge_0.5__and__realized_volatility_ge_2.32041788338,1,False,UNKNOWN,record,0
1.0,-16.0897125,31.753962499999997,ResearchRun,GROSS_REFERENCE_PROXY,BLOCK_DATA_FEE_SLIPPAGE_LIQUIDITY,pairwise,-0.91,223,758,758,0.011087730870712397,8.404499999999997,OBSERVED_VALUE,all_training_conditions,9.314500000000002,0.9720775371442447,0.24517548245175483,FDR_NOT_SIGNIFICANT,current_price_ge_0.5__and__realized_volatility_lt_0.0138682417455,1,False,UNKNOWN,record,535
1.0,-27.97691249999999,30.040949999999967,ResearchRun,GROSS_REFERENCE_PROXY,BLOCK_DATA_FEE_SLIPPAGE_LIQUIDITY,pairwise,-0.925,357,1169,1169,0.00025834046193326857,0.30199999999999094,OBSERVED_VALUE,all_training_conditions,1.2269999999999996,0.9720775371442447,0.49375062493750627,FDR_NOT_SIGNIFICANT,current_price_ge_0.5__and__realized_volatility_lt_0.0332983334177,1,False,UNKNOWN,record,812
1.0,-49.89017499999999,19.30331249999997,ResearchRun,GROSS_REFERENCE_PROXY,BLOCK_DATA_FEE_SLIPPAGE_LIQUIDITY,pairwise,-0.925,501,1536,1536,-0.009714843749999974,-14.92199999999996,OBSERVED_VALUE,all_training_conditions,-13.997000000000005,0.9720775371442447,0.7978202179782021,FDR_NOT_SIGNIFICANT,current_price_ge_0.5__and__realized_volatility_lt_0.0694710322181,1,False,UNKNOWN,record,1035
1.0,-49.20354999999997,23.229624999999956,ResearchRun,GROSS_REFERENCE_PROXY,BLOCK_DATA_FEE_SLIPPAGE_LIQUIDITY,pairwise,-0.925,553,1678,1678,-0.007606376638855783,-12.763500000000004,OBSERVED_VALUE,all_training_conditions,-11.838499999999996,0.9720775371442447,0.752024797520248,FDR_NOT_SIGNIFICANT,current_price_ge_0.5__and__realized_volatility_lt_2.32041788338,1,False,UNKNOWN,record,1125
1.0,-51.785,21.545699999999993,ResearchRun,GROSS_REFERENCE_PROXY,BLOCK_DATA_FEE_SLIPPAGE_LIQUIDITY,pairwise,-0.915,563,1686,1686,-0.00904982206405693,-15.257999999999985,OBSERVED_VALUE,all_training_conditions,-14.343,0.9720775371442447,0.7963203679632037,FDR_NOT_SIGNIFICANT,current_price_ge_0.5__and__relative_change_ge_-0.00186219739292,1,False,UNKNOWN,record,1123
1.0,-51.79971249999999,20.47984999999996,ResearchRun,GROSS_REFERENCE_PROXY,BLOCK_DATA_FEE_SLIPPAGE_LIQUIDITY,pairwise,-0.915,563,1686,1686,-0.00904982206405693,-15.257999999999985,OBSERVED_VALUE,all_training_conditions,-14.343,0.9720775371442447,0.7972202779722027,FDR_NOT_SIGNIFICANT,current_price_ge_0.5__and__relative_change_ge_-0.0747663551402,1,False,UNKNOWN,record,1123
1.0,-52.90168749999999,21.48093749999999,ResearchRun,GROSS_REFERENCE_PROXY,BLOCK_DATA_FEE_SLIPPAGE_LIQUIDITY,pairwise,-0.915,563,1686,1686,-0.00904982206405693,-15.257999999999985,OBSERVED_VALUE,all_training_conditions,-14.343,0.9720775371442447,0.7994200579942006,FDR_NOT_SIGNIFICANT,current_price_ge_0.5__and__relative_change_ge_-0.708333333333,1,False,UNKNOWN,record,1123
1.0,-21.144212499999995,7.550525,ResearchRun,GROSS_REFERENCE_PROXY,BLOCK_DATA_FEE_SLIPPAGE_LIQUIDITY,pairwise,-0.881,91,262,262,-0.025688931297709917,-6.730499999999998,OBSERVED_VALUE,all_training_conditions,-5.849500000000001,0.9799762880854771,0.817918208179182,FDR_NOT_SIGNIFICANT,current_price_ge_0.5__and__relative_change_ge_0.0633802816901,1,False,UNKNOWN,record,171
,,,ResearchRun,GROSS_REFERENCE_PROXY,BLOCK_DATA_FEE_SLIPPAGE_LIQUIDITY,pairwise,,0,0,0,,0.0,OBSERVED_VALUE,all_training_conditions,0.0,,,ZERO_MATCHES,current_price_ge_0.5__and__relative_change_ge_1.81481481481,1,False,UNKNOWN,record,0
1.0,-37.16261249999999,8.16976249999999,ResearchRun,GROSS_REFERENCE_PROXY,BLOCK_DATA_FEE_SLIPPAGE_LIQUIDITY,pairwise,-0.895,225,607,607,-0.023406919275123575,-14.20800000000001,OBSERVED_VALUE,all_training_conditions,-13.312999999999999,0.9799762880854771,0.8949105089491051,FDR_NOT_SIGNIFICANT,current_price_ge_0.5__and__relative_change_lt_-0.00186219739292,1,False,UNKNOWN,record,382
1.0,-16.79099999999999,4.829100000000001,ResearchRun,GROSS_REFERENCE_PROXY,BLOCK_DATA_FEE_SLIPPAGE_LIQUIDITY,pairwise,-0.805,56,126,126,-0.04623015873015874,-5.825000000000001,OBSERVED_VALUE,all_training_conditions,-5.020000000000001,0.9799762880854771,0.8593140685931406,FDR_NOT_SIGNIFICANT,current_price_ge_0.5__and__relative_change_lt_-0.0747663551402,1,False,UNKNOWN,record,70
1.0,-51.986,20.973037499999997,ResearchRun,GROSS_REFERENCE_PROXY,BLOCK_DATA_FEE_SLIPPAGE_LIQUIDITY,pairwise,-0.915,563,1686,1686,-0.00904982206405693,-15.257999999999985,OBSERVED_VALUE,all_training_conditions,-14.343,0.9720775371442447,0.791920807919208,FDR_NOT_SIGNIFICANT,current_price_ge_0.5__and__relative_change_lt_0.0633802816901,1,False,UNKNOWN,record,1123
1.0,-51.59151249999999,21.684012500000005,ResearchRun,GROSS_REFERENCE_PROXY,BLOCK_DATA_FEE_SLIPPAGE_LIQUIDITY,pairwise,-0.915,563,1686,1686,-0.00904982206405693,-15.257999999999985,OBSERVED_VALUE,all_training_conditions,-14.343,0.9720775371442447,0.7971202879712029,FDR_NOT_SIGNIFICANT,current_price_ge_0.5__and__relative_change_lt_1.81481481481,1,False,UNKNOWN,record,1123
1.0,-11.614775,24.8336375,ResearchRun,GROSS_REFERENCE_PROXY,BLOCK_DATA_FEE_SLIPPAGE_LIQUIDITY,market_level,-0.915,112,613,613,0.0110929853181077,6.800000000000019,OBSERVED_VALUE,all_training_conditions,7.714999999999998,0.9720775371442447,0.23327667233276672,FDR_NOT_SIGNIFICANT,current_price_ge_0.725,1,False,UNKNOWN,record,501
1.0,-11.690274999999998,24.594112499999998,ResearchRun,GROSS_REFERENCE_PROXY,BLOCK_DATA_FEE_SLIPPAGE_LIQUIDITY,pairwise,-0.915,112,613,613,0.0110929853181077,6.800000000000019,OBSERVED_VALUE,all_training_conditions,7.714999999999998,0.9720775371442447,0.23847615238476152,FDR_NOT_SIGNIFICANT,current_price_ge_0.725__and__absolute_change_ge_-0.0025,1,False,UNKNOWN,record,501
1.0,-12.493725,25.043349999999993,ResearchRun,GROSS_REFERENCE_PROXY,BLOCK_DATA_FEE_SLIPPAGE_LIQUIDITY,pairwise,-0.915,112,613,613,0.0110929853181077,6.800000000000019,OBSERVED_VALUE,all_training_conditions,7.714999999999998,0.9720775371442447,0.24217578242175783,FDR_NOT_SIGNIFICANT,current_price_ge_0.725__and__absolute_change_ge_-0.055,1,False,UNKNOWN,record,501
1.0,-12.350187499999997,24.927125,ResearchRun,GROSS_REFERENCE_PROXY,BLOCK_DATA_FEE_SLIPPAGE_LIQUIDITY,pairwise,-0.915,112,613,613,0.0110929853181077,6.800000000000019,OBSERVED_VALUE,all_training_conditions,7.714999999999998,0.9720775371442447,0.23607639236076391,FDR_NOT_SIGNIFICANT,current_price_ge_0.725__and__absolute_change_ge_-0.455,1,False,UNKNOWN,record,501
1.0,-6.188024999999999,8.119374999999994,ResearchRun,GROSS_REFERENCE_PROXY,BLOCK_DATA_FEE_SLIPPAGE_LIQUIDITY,pairwise,-0.881,17,96,96,0.010989583333333325,1.0549999999999993,OBSERVED_VALUE,all_training_conditions,1.9360000000000002,0.9720775371442447,0.38786121387861217,FDR_NOT_SIGNIFICANT,current_price_ge_0.725__and__absolute_change_ge_0.05,1,False,UNKNOWN,record,79
1.0,0.22499999999999998,0.22499999999999998,ResearchRun,GROSS_REFERENCE_PROXY,BLOCK_DATA_FEE_SLIPPAGE_LIQUIDITY,pairwise,0.22499999999999998,0,1,1,0.22499999999999998,0.22499999999999998,OBSERVED_VALUE,all_training_conditions,0.0,0.9720775371442447,0.49935006499350065,FDR_NOT_SIGNIFICANT,current_price_ge_0.725__and__absolute_change_ge_0.455,1,False,UNKNOWN,record,1
1.0,-10.671674999999997,8.477674999999996,ResearchRun,GROSS_REFERENCE_PROXY,BLOCK_DATA_FEE_SLIPPAGE_LIQUIDITY,pairwise,-0.895,31,153,153,-0.0047875816993464115,-0.7325000000000009,OBSERVED_VALUE,all_training_conditions,0.1624999999999992,0.9720775371442447,0.565043495650435,FDR_NOT_SIGNIFICANT,current_price_ge_0.725__and__absolute_change_lt_-0.0025,1,False,UNKNOWN,record,122
1.0,-6.635124999999999,1.130249999999996,ResearchRun,GROSS_REFERENCE_PROXY,BLOCK_DATA_FEE_SLIPPAGE_LIQUIDITY,pairwise,-0.855,6,15,15,-0.179,-2.685,OBSERVED_VALUE,all_training_conditions,-1.83,0.9830077598300776,0.9083091690830917,FDR_NOT_SIGNIFICANT,current_price_ge_0.725__and__absolute_change_lt_-0.055,1,False,UNKNOWN,record,9
1.0,-10.949125000000004,23.556024999999998,ResearchRun,GROSS_REFERENCE_PROXY,BLOCK_DATA_FEE_SLIPPAGE_LIQUIDITY,pairwise,-0.915,101,564,564,0.011265957446808528,6.35400000000001,OBSERVED_VALUE,all_training_conditions,7.268999999999999,0.9720775371442447,0.24037596240375964,FDR_NOT_SIGNIFICANT,current_price_ge_0.725__and__absolute_change_lt_0.05,1,False,UNKNOWN,record,463
1.0,-12.113449999999991,24.987524999999998,ResearchRun,GROSS_REFERENCE_PROXY,BLOCK_DATA_FEE_SLIPPAGE_LIQUIDITY,pairwise,-0.915,112,612,612,0.010743464052287608,6.575000000000016,OBSERVED_VALUE,all_training_conditions,7.489999999999999,0.9720775371442447,0.24627537246275372,FDR_NOT_SIGNIFICANT,current_price_ge_0.725__and__absolute_change_lt_0.455,1,False,UNKNOWN,record,500
1.0,-8.436274999999997,25.258624999999995,ResearchRun,GROSS_REFERENCE_PROXY,BLOCK_DATA_FEE_SLIPPAGE_LIQUIDITY,pairwise,-0.925,95,563,563,0.015024866785079942,8.459000000000007,OBSERVED_VALUE,all_training_conditions,9.384000000000004,0.9720775371442447,0.15878412158784122,FDR_NOT_SIGNIFICANT,current_price_ge_0.725__and__elapsed_seconds_ge_-23,1,False,UNKNOWN,record,468
1.0,-7.833050000000003,26.257525,ResearchRun,GROSS_REFERENCE_PROXY,BLOCK_DATA_FEE_SLIPPAGE_LIQUIDITY,pairwise,-0.925,95,567,567,0.01680599647266314,9.529000000000002,OBSERVED_VALUE,all_training_conditions,10.454,0.9720775371442447,0.14228577142285773,FDR_NOT_SIGNIFICANT,current_price_ge_0.725__and__elapsed_seconds_ge_-38,1,False,UNKNOWN,record,472
1.0,-11.876075000000002,24.875112499999997,ResearchRun,GROSS_REFERENCE_PROXY,BLOCK_DATA_FEE_SLIPPAGE_LIQUIDITY,pairwise,-0.915,112,613,613,0.0110929853181077,6.800000000000019,OBSERVED_VALUE,all_training_conditions,7.714999999999998,0.9720775371442447,0.23317668233176683,FDR_NOT_SIGNIFICANT,current_price_ge_0.725__and__elapsed_seconds_ge_-4388,1,False,UNKNOWN,record,501
1.0,-9.813512500000002,25.345449999999982,ResearchRun,GROSS_REFERENCE_PROXY,BLOCK_DATA_FEE_SLIPPAGE_LIQUIDITY,pairwise,-0.925,99,577,577,0.01358492201039861,7.838499999999998,OBSERVED_VALUE,all_training_conditions,8.7635,0.9720775371442447,0.1917808219178082,FDR_NOT_SIGNIFICANT,current_price_ge_0.725__and__elapsed_seconds_ge_-52,1,False,UNKNOWN,record,478
1.0,-9.014512500000002,25.006437499999983,ResearchRun,GROSS_REFERENCE_PROXY,BLOCK_DATA_FEE_SLIPPAGE_LIQUIDITY,pairwise,-0.925,95,563,563,0.014856127886323282,8.364000000000008,OBSERVED_VALUE,all_training_conditions,9.289000000000003,0.9720775371442447,0.1653834616538346,FDR_NOT_SIGNIFICANT,current_price_ge_0.725__and__elapsed_seconds_ge_300,1,False,UNKNOWN,record,468
1.0,-13.344837499999997,20.97341249999999,ResearchRun,GROSS_REFERENCE_PROXY,BLOCK_DATA_FEE_SLIPPAGE_LIQUIDITY,pairwise,-0.915,96,534,534,0.007705992509363309,4.115000000000007,OBSERVED_VALUE,all_training_conditions,5.029999999999999,0.9720775371442447,0.3153684631536846,FDR_NOT_SIGNIFICANT,current_price_ge_0.725__and__elapsed_seconds_lt_-23,1,False,UNKNOWN,record,438
1.0,-15.589812499999999,18.604124999999996,ResearchRun,GROSS_REFERENCE_PROXY,BLOCK_DATA_FEE_SLIPPAGE_LIQUIDITY,pairwise,-0.915,94,512,512,0.003962890624999988,2.0289999999999937,OBSERVED_VALUE,all_training_conditions,2.9439999999999973,0.9720775371442447,0.41005899410058994,FDR_NOT_SIGNIFICANT,current_price_ge_0.725__and__elapsed_seconds_lt_-38,1,False,UNKNOWN,record,418
1.0,-13.2831875,17.5871,ResearchRun,GROSS_REFERENCE_PROXY,BLOCK_DATA_FEE_SLIPPAGE_LIQUIDITY,pairwise,-0.915,79,430,430,0.005434883720930228,2.336999999999998,OBSERVED_VALUE,all_training_conditions,3.2519999999999993,0.9720775371442447,0.37766223377662234,FDR_NOT_SIGNIFICANT,current_price_ge_0.725__and__elapsed_seconds_lt_-52,1,False,UNKNOWN,record,351
1.0,-12.654187500000006,21.206112499999993,ResearchRun,GROSS_REFERENCE_PROXY,BLOCK_DATA_FEE_SLIPPAGE_LIQUIDITY,pairwise,-0.915,97,541,541,0.007966728280961196,4.310000000000008,OBSERVED_VALUE,all_training_conditions,5.2250000000000005,0.9720775371442447,0.30726927307269275,FDR_NOT_SIGNIFICANT,current_price_ge_0.725__and__elapsed_seconds_lt_300,1,False,UNKNOWN,record,444
1.0,-11.003649999999999,17.535062499999995,ResearchRun,GROSS_REFERENCE_PROXY,BLOCK_DATA_FEE_SLIPPAGE_LIQUIDITY,pairwise,-0.905,69,367,367,0.010028610354223425,3.6804999999999968,OBSERVED_VALUE,all_training_conditions,4.5855000000000015,0.9720775371442447,0.31486851314868514,FDR_NOT_SIGNIFICANT,current_price_ge_0.725__and__level_eq_ATP,1,False,UNKNOWN,record,298
1.0,-8.961112499999997,14.195599999999997,ResearchRun,GROSS_REFERENCE_PROXY,BLOCK_DATA_FEE_SLIPPAGE_LIQUIDITY,pairwise,-0.915,43,246,246,0.012680894308943088,3.1194999999999995,OBSERVED_VALUE,all_training_conditions,4.0344999999999995,0.9720775371442447,0.30426957304269575,FDR_NOT_SIGNIFICANT,current_price_ge_0.725__and__level_eq_WTA,1,False,UNKNOWN,record,203
1.0,-11.975237499999999,25.1081375,ResearchRun,GROSS_REFERENCE_PROXY,BLOCK_DATA_FEE_SLIPPAGE_LIQUIDITY,pairwise,-0.915,112,613,613,0.0110929853181077,6.800000000000019,OBSERVED_VALUE,all_training_conditions,7.714999999999998,0.9720775371442447,0.24227577242275772,FDR_NOT_SIGNIFICANT,current_price_ge_0.725__and__path_high_ge_0.0125,1,False,UNKNOWN,record,501
1.0,-11.864749999999994,24.890437499999994,ResearchRun,GROSS_REFERENCE_PROXY,BLOCK_DATA_FEE_SLIPPAGE_LIQUIDITY,pairwise,-0.915,112,613,613,0.0110929853181077,6.800000000000019,OBSERVED_VALUE,all_training_conditions,7.714999999999998,0.9720775371442447,0.23727627237276272,FDR_NOT_SIGNIFICANT,current_price_ge_0.725__and__path_high_ge_0.2905,1,False,UNKNOWN,record,501
1.0,-11.607874999999995,24.5616375,ResearchRun,GROSS_REFERENCE_PROXY,BLOCK_DATA_FEE_SLIPPAGE_LIQUIDITY,pairwise,-0.915,112,613,613,0.0110929853181077,6.800000000000019,OBSERVED_VALUE,all_training_conditions,7.714999999999998,0.9720775371442447,0.23177682231776822,FDR_NOT_SIGNIFICANT,current_price_ge_0.725__and__path_high_ge_0.51,1,False,UNKNOWN,record,501
1.0,-6.778224999999994,28.845012499999992,ResearchRun,GROSS_REFERENCE_PROXY,BLOCK_DATA_FEE_SLIPPAGE_LIQUIDITY,pairwise,-0.915,99,584,584,0.019151541095890436,11.184500000000014,OBSERVED_VALUE,all_training_conditions,12.099499999999999,0.9720775371442447,0.10698930106989302,FDR_NOT_SIGNIFICANT,current_price_ge_0.725__and__path_high_ge_0.7315,1,False,UNKNOWN,record,485
1.0,0.01100000000000001,0.01100000000000001,ResearchRun,GROSS_REFERENCE_PROXY,BLOCK_DATA_FEE_SLIPPAGE_LIQUIDITY,pairwise,0.01100000000000001,0,1,1,0.01100000000000001,0.01100000000000001,OBSERVED_VALUE,all_training_conditions,0.0,0.9720775371442447,0.49275072492750727,FDR_NOT_SIGNIFICANT,current_price_ge_0.725__and__path_high_ge_0.989,1,False,UNKNOWN,record,1
,,,ResearchRun,GROSS_REFERENCE_PROXY,BLOCK_DATA_FEE_SLIPPAGE_LIQUIDITY,pairwise,,0,0,0,,0.0,OBSERVED_VALUE,all_training_conditions,0.0,,,ZERO_MATCHES,current_price_ge_0.725__and__path_high_lt_0.2905,1,False,UNKNOWN,record,0
,,,ResearchRun,GROSS_REFERENCE_PROXY,BLOCK_DATA_FEE_SLIPPAGE_LIQUIDITY,pairwise,,0,0,0,,0.0,OBSERVED_VALUE,all_training_conditions,0.0,,,ZERO_MATCHES,current_price_ge_0.725__and__path_high_lt_0.51,1,False,UNKNOWN,record,0
1.0,-8.8895,3.137000000000001,ResearchRun,GROSS_REFERENCE_PROXY,BLOCK_DATA_FEE_SLIPPAGE_LIQUIDITY,pairwise,-0.73,16,48,48,-0.05978125000000003,-2.8695000000000013,OBSERVED_VALUE,all_training_conditions,-2.139499999999999,0.9720775371442447,0.7971202879712029,FDR_NOT_SIGNIFICANT,current_price_ge_0.725__and__path_high_lt_0.7315,1,False,UNKNOWN,record,32
1.0,-12.17395,24.939049999999998,ResearchRun,GROSS_REFERENCE_PROXY,BLOCK_DATA_FEE_SLIPPAGE_LIQUIDITY,pairwise,-0.915,112,613,613,0.0110929853181077,6.800000000000019,OBSERVED_VALUE,all_training_conditions,7.714999999999998,0.9720775371442447,0.23647635236476353,FDR_NOT_SIGNIFICANT,current_price_ge_0.725__and__path_high_lt_0.989,1,False,UNKNOWN,record,501
1.0,-11.823099999999997,25.264137499999997,ResearchRun,GROSS_REFERENCE_PROXY,BLOCK_DATA_FEE_SLIPPAGE_LIQUIDITY,pairwise,-0.915,112,613,613,0.0110929853181077,6.800000000000019,OBSERVED_VALUE,all_training_conditions,7.714999999999998,0.9720775371442447,0.23997600239976002,FDR_NOT_SIGNIFICANT,current_price_ge_0.725__and__path_low_ge_0.011,1,False,UNKNOWN,record,501
1.0,-12.1027625,24.928724999999993,ResearchRun,GROSS_REFERENCE_PROXY,BLOCK_DATA_FEE_SLIPPAGE_LIQUIDITY,pairwise,-0.915,112,613,613,0.0110929853181077,6.800000000000019,OBSERVED_VALUE,all_training_conditions,7.714999999999998,0.9720775371442447,0.22957704229577042,FDR_NOT_SIGNIFICANT,current_price_ge_0.725__and__path_low_ge_0.2665,1,False,UNKNOWN,record,501
1.0,-12.943599999999998,24.21513749999999,ResearchRun,GROSS_REFERENCE_PROXY,BLOCK_DATA_FEE_SLIPPAGE_LIQUIDITY,pairwise,-0.915,112,611,611,0.010327332242225885,6.310000000000016,OBSERVED_VALUE,all_training_conditions,7.2250000000000005,0.9720775371442447,0.25747425257474255,FDR_NOT_SIGNIFICANT,current_price_ge_0.725__and__path_low_ge_0.49,1,False,UNKNOWN,record,499
1.0,-12.617325000000001,22.618675,ResearchRun,GROSS_REFERENCE_PROXY,BLOCK_DATA_FEE_SLIPPAGE_LIQUIDITY,pairwise,-0.915,101,562,562,0.009820284697508917,5.519000000000012,OBSERVED_VALUE,all_training_conditions,6.433999999999997,0.9720775371442447,0.2653734626537346,FDR_NOT_SIGNIFICANT,current_price_ge_0.725__and__path_low_ge_0.7095,1,False,UNKNOWN,record,461
1.0,0.012499999999999956,0.012499999999999956,ResearchRun,GROSS_REFERENCE_PROXY,BLOCK_DATA_FEE_SLIPPAGE_LIQUIDITY,pairwise,0.012499999999999956,0,1,1,0.012499999999999956,0.012499999999999956,OBSERVED_VALUE,all_training_conditions,0.0,0.9720775371442447,0.49805019498050196,FDR_NOT_SIGNIFICANT,current_price_ge_0.725__and__path_low_ge_0.9875,1,False,UNKNOWN,record,1
,,,ResearchRun,GROSS_REFERENCE_PROXY,BLOCK_DATA_FEE_SLIPPAGE_LIQUIDITY,pairwise,,0,0,0,,0.0,OBSERVED_VALUE,all_training_conditions,0.0,,,ZERO_MATCHES,current_price_ge_0.725__and__path_low_lt_0.2665,1,False,UNKNOWN,record,0
1.0,0.5399999999999999,1.005,ResearchRun,GROSS_REFERENCE_PROXY,BLOCK_DATA_FEE_SLIPPAGE_LIQUIDITY,pairwise,0.265,0,4,4,0.20124999999999998,0.8049999999999999,OBSERVED_VALUE,all_training_conditions,0.5399999999999999,0.9720775371442447,0.06369363063693631,FDR_NOT_SIGNIFICANT,current_price_ge_0.725__and__path_low_lt_0.49,1,False,UNKNOWN,record,4
1.0,-5.093012500000001,7.788662499999998,ResearchRun,GROSS_REFERENCE_PROXY,BLOCK_DATA_FEE_SLIPPAGE_LIQUIDITY,pairwise,-0.845,14,68,68,0.02574264705882352,1.7504999999999993,OBSERVED_VALUE,all_training_conditions,2.5954999999999995,0.9720775371442447,0.30246975302469753,FDR_NOT_SIGNIFICANT,current_price_ge_0.725__and__path_low_lt_0.7095,1,False,UNKNOWN,record,54
1.0,-11.738537499999998,24.862587499999993,ResearchRun,GROSS_REFERENCE_PROXY,BLOCK_DATA_FEE_SLIPPAGE_LIQUIDITY,pairwise,-0.915,112,612,612,0.01109068627450983,6.7875000000000165,OBSERVED_VALUE,all_training_conditions,7.7025,0.9720775371442447,0.23677632236776322,FDR_NOT_SIGNIFICANT,current_price_ge_0.725__and__path_low_lt_0.9875,1,False,UNKNOWN,record,500
1.0,-9.7705625,24.581699999999998,ResearchRun,GROSS_REFERENCE_PROXY,BLOCK_DATA_FEE_SLIPPAGE_LIQUIDITY,pairwise,-0.925,95,561,561,0.014160427807486636,7.944000000000003,OBSERVED_VALUE,all_training_conditions,8.869,0.9720775371442447,0.18368163183681632,FDR_NOT_SIGNIFICANT,current_price_ge_0.725__and__realized_volatility_ge_0,1,False,UNKNOWN,record,466
1.0,-8.156637499999997,16.542749999999987,ResearchRun,GROSS_REFERENCE_PROXY,BLOCK_DATA_FEE_SLIPPAGE_LIQUIDITY,pairwise,-0.925,48,270,270,0.017057407407407403,4.605499999999998,OBSERVED_VALUE,all_training_conditions,5.530499999999999,0.9720775371442447,0.22907709229077092,FDR_NOT_SIGNIFICANT,current_price_ge_0.725__and__realized_volatility_ge_0.0138682417455,1,False,UNKNOWN,record,222
1.0,-8.957937499999996,7.6416499999999985,ResearchRun,GROSS_REFERENCE_PROXY,BLOCK_DATA_FEE_SLIPPAGE_LIQUIDITY,pairwise,-0.905,22,104,104,-0.00404326923076924,-0.420500000000001,OBSERVED_VALUE,all_training_conditions,0.48449999999999993,0.9720775371442447,0.5384461553844615,FDR_NOT_SIGNIFICANT,current_price_ge_0.725__and__realized_volatility_ge_0.0332983334177,1,False,UNKNOWN,record,82
1.0,-3.3942249999999987,3.293524999999999,ResearchRun,GROSS_REFERENCE_PROXY,BLOCK_DATA_FEE_SLIPPAGE_LIQUIDITY,pairwise,-0.81,4,22,22,0.008477272727272717,0.18649999999999978,OBSERVED_VALUE,all_training_conditions,0.9964999999999996,0.9720775371442447,0.44995500449955006,FDR_NOT_SIGNIFICANT,current_price_ge_0.725__and__realized_volatility_ge_0.0694710322181,1,False,UNKNOWN,record,18
,,,ResearchRun,GROSS_REFERENCE_PROXY,BLOCK_DATA_FEE_SLIPPAGE_LIQUIDITY,pairwise,,0,0,0,,0.0,OBSERVED_VALUE,all_training_conditions,0.0,,,ZERO_MATCHES,current_price_ge_0.725__and__realized_volatility_ge_2.32041788338,1,False,UNKNOWN,record,0
1.0,-8.799474999999997,14.845687499999997,ResearchRun,GROSS_REFERENCE_PROXY,BLOCK_DATA_FEE_SLIPPAGE_LIQUIDITY,pairwise,-0.91,47,291,291,0.011472508591065285,3.3384999999999976,OBSERVED_VALUE,all_training_conditions,4.248499999999999,0.9720775371442447,0.300969903009699,FDR_NOT_SIGNIFICANT,current_price_ge_0.725__and__realized_volatility_lt_0.0138682417455,1,False,UNKNOWN,record,244
1.0,-6.913637499999998,23.091149999999995,ResearchRun,GROSS_REFERENCE_PROXY,BLOCK_DATA_FEE_SLIPPAGE_LIQUIDITY,pairwise,-0.925,73,457,457,0.018303063457330414,8.3645,OBSERVED_VALUE,all_training_conditions,9.289499999999999,0.9720775371442447,0.13738626137386262,FDR_NOT_SIGNIFICANT,current_price_ge_0.725__and__realized_volatility_lt_0.0332983334177,1,False,UNKNOWN,record,384
1.0,-9.389225,24.205412499999984,ResearchRun,GROSS_REFERENCE_PROXY,BLOCK_DATA_FEE_SLIPPAGE_LIQUIDITY,pairwise,-0.925,91,539,539,0.014392393320964734,7.757499999999991,OBSERVED_VALUE,all_training_conditions,8.6825,0.9720775371442447,0.18568143185681432,FDR_NOT_SIGNIFICANT,current_price_ge_0.725__and__realized_volatility_lt_0.0694710322181,1,False,UNKNOWN,record,448
1.0,-9.893962499999995,24.936549999999997,ResearchRun,GROSS_REFERENCE_PROXY,BLOCK_DATA_FEE_SLIPPAGE_LIQUIDITY,pairwise,-0.925,95,561,561,0.014160427807486636,7.944000000000003,OBSERVED_VALUE,all_training_conditions,8.869,0.9720775371442447,0.18348165183481652,FDR_NOT_SIGNIFICANT,current_price_ge_0.725__and__realized_volatility_lt_2.32041788338,1,False,UNKNOWN,record,466
1.0,-12.527174999999978,24.932712499999983,ResearchRun,GROSS_REFERENCE_PROXY,BLOCK_DATA_FEE_SLIPPAGE_LIQUIDITY,pairwise,-0.915,112,613,613,0.0110929853181077,6.800000000000019,OBSERVED_VALUE,all_training_conditions,7.714999999999998,0.9720775371442447,0.23457654234576542,FDR_NOT_SIGNIFICANT,current_price_ge_0.725__and__relative_change_ge_-0.00186219739292,1,False,UNKNOWN,record,501
1.0,-12.24205,25.321525,ResearchRun,GROSS_REFERENCE_PROXY,BLOCK_DATA_FEE_SLIPPAGE_LIQUIDITY,pairwise,-0.915,112,613,613,0.0110929853181077,6.800000000000019,OBSERVED_VALUE,all_training_conditions,7.714999999999998,0.9720775371442447,0.24227577242275772,FDR_NOT_SIGNIFICANT,current_price_ge_0.725__and__relative_change_ge_-0.0747663551402,1,False,UNKNOWN,record,501
1.0,-11.860324999999996,25.0500375,ResearchRun,GROSS_REFERENCE_PROXY,BLOCK_DATA_FEE_SLIPPAGE_LIQUIDITY,pairwise,-0.915,112,613,613,0.0110929853181077,6.800000000000019,OBSERVED_VALUE,all_training_conditions,7.714999999999998,0.9720775371442447,0.23807619238076191,FDR_NOT_SIGNIFICANT,current_price_ge_0.725__and__relative_change_ge_-0.708333333333,1,False,UNKNOWN,record,501
1.0,-7.370124999999998,7.610049999999999,ResearchRun,GROSS_REFERENCE_PROXY,BLOCK_DATA_FEE_SLIPPAGE_LIQUIDITY,pairwise,-0.881,18,96,96,0.004291666666666673,0.4120000000000006,OBSERVED_VALUE,all_training_conditions,1.292999999999999,0.9720775371442447,0.45515448455154484,FDR_NOT_SIGNIFICANT,current_price_ge_0.725__and__relative_change_ge_0.0633802816901,1,False,UNKNOWN,record,78
,,,ResearchRun,GROSS_REFERENCE_PROXY,BLOCK_DATA_FEE_SLIPPAGE_LIQUIDITY,pairwise,,0,0,0,,0.0,OBSERVED_VALUE,all_training_conditions,0.0,,,ZERO_MATCHES,current_price_ge_0.725__and__relative_change_ge_1.81481481481,1,False,UNKNOWN,record,0
1.0,-10.160037499999998,8.579049999999985,ResearchRun,GROSS_REFERENCE_PROXY,BLOCK_DATA_FEE_SLIPPAGE_LIQUIDITY,pairwise,-0.895,31,154,154,-0.004396103896103902,-0.6770000000000009,OBSERVED_VALUE,all_training_conditions,0.21799999999999942,0.9720775371442447,0.5664433556644336,FDR_NOT_SIGNIFICANT,current_price_ge_0.725__and__relative_change_lt_-0.00186219739292,1,False,UNKNOWN,record,123
1.0,-4.295125,1.75,ResearchRun,GROSS_REFERENCE_PROXY,BLOCK_DATA_FEE_SLIPPAGE_LIQUIDITY,pairwise,-0.805,4,12,12,-0.10166666666666668,-1.2200000000000002,OBSERVED_VALUE,all_training_conditions,-0.41500000000000015,0.9720775371442447,0.7647235276472353,FDR_NOT_SIGNIFICANT,current_price_ge_0.725__and__relative_change_lt_-0.0747663551402,1,False,UNKNOWN,record,8
1.0,-10.812012499999998,23.401049999999998,ResearchRun,GROSS_REFERENCE_PROXY,BLOCK_DATA_FEE_SLIPPAGE_LIQUIDITY,pairwise,-0.915,100,561,561,0.0117504456327986,6.592000000000015,OBSERVED_VALUE,all_training_conditions,7.507,0.9720775371442447,0.23167683231676833,FDR_NOT_SIGNIFICANT,current_price_ge_0.725__and__relative_change_lt_0.0633802816901,1,False,UNKNOWN,record,461
1.0,-12.0796125,25.163087499999996,ResearchRun,GROSS_REFERENCE_PROXY,BLOCK_DATA_FEE_SLIPPAGE_LIQUIDITY,pairwise,-0.915,112,613,613,0.0110929853181077,6.800000000000019,OBSERVED_VALUE,all_training_conditions,7.714999999999998,0.9720775371442447,0.24297570242975702,FDR_NOT_SIGNIFICANT,current_price_ge_0.725__and__relative_change_lt_1.81481481481,1,False,UNKNOWN,record,501
1.0,0.01100000000000001,0.01100000000000001,ResearchRun,GROSS_REFERENCE_PROXY,BLOCK_DATA_FEE_SLIPPAGE_LIQUIDITY,market_level,0.01100000000000001,0,1,1,0.01100000000000001,0.01100000000000001,OBSERVED_VALUE,all_training_conditions,0.0,0.9720775371442447,0.5067493250674933,FDR_NOT_SIGNIFICANT,current_price_ge_0.989,1,False,UNKNOWN,record,1
1.0,0.01100000000000001,0.01100000000000001,ResearchRun,GROSS_REFERENCE_PROXY,BLOCK_DATA_FEE_SLIPPAGE_LIQUIDITY,pairwise,0.01100000000000001,0,1,1,0.01100000000000001,0.01100000000000001,OBSERVED_VALUE,all_training_conditions,0.0,0.9720775371442447,0.49635036496350365,FDR_NOT_SIGNIFICANT,current_price_ge_0.989__and__absolute_change_ge_-0.0025,1,False,UNKNOWN,record,1
1.0,0.01100000000000001,0.01100000000000001,ResearchRun,GROSS_REFERENCE_PROXY,BLOCK_DATA_FEE_SLIPPAGE_LIQUIDITY,pairwise,0.01100000000000001,0,1,1,0.01100000000000001,0.01100000000000001,OBSERVED_VALUE,all_training_conditions,0.0,0.9720775371442447,0.49445055494450557,FDR_NOT_SIGNIFICANT,current_price_ge_0.989__and__absolute_change_ge_-0.055,1,False,UNKNOWN,record,1
1.0,0.01100000000000001,0.01100000000000001,ResearchRun,GROSS_REFERENCE_PROXY,BLOCK_DATA_FEE_SLIPPAGE_LIQUIDITY,pairwise,0.01100000000000001,0,1,1,0.01100000000000001,0.01100000000000001,OBSERVED_VALUE,all_training_conditions,0.0,0.9720775371442447,0.49695030496950304,FDR_NOT_SIGNIFICANT,current_price_ge_0.989__and__absolute_change_ge_-0.455,1,False,UNKNOWN,record,1
,,,ResearchRun,GROSS_REFERENCE_PROXY,BLOCK_DATA_FEE_SLIPPAGE_LIQUIDITY,pairwise,,0,0,0,,0.0,OBSERVED_VALUE,all_training_conditions,0.0,,,ZERO_MATCHES,current_price_ge_0.989__and__absolute_change_ge_0.05,1,False,UNKNOWN,record,0
,,,ResearchRun,GROSS_REFERENCE_PROXY,BLOCK_DATA_FEE_SLIPPAGE_LIQUIDITY,pairwise,,0,0,0,,0.0,OBSERVED_VALUE,all_training_conditions,0.0,,,ZERO_MATCHES,current_price_ge_0.989__and__absolute_change_ge_0.455,1,False,UNKNOWN,record,0
,,,ResearchRun,GROSS_REFERENCE_PROXY,BLOCK_DATA_FEE_SLIPPAGE_LIQUIDITY,pairwise,,0,0,0,,0.0,OBSERVED_VALUE,all_training_conditions,0.0,,,ZERO_MATCHES,current_price_ge_0.989__and__absolute_change_lt_-0.0025,1,False,UNKNOWN,record,0
,,,ResearchRun,GROSS_REFERENCE_PROXY,BLOCK_DATA_FEE_SLIPPAGE_LIQUIDITY,pairwise,,0,0,0,,0.0,OBSERVED_VALUE,all_training_conditions,0.0,,,ZERO_MATCHES,current_price_ge_0.989__and__absolute_change_lt_-0.055,1,False,UNKNOWN,record,0
1.0,0.01100000000000001,0.01100000000000001,ResearchRun,GROSS_REFERENCE_PROXY,BLOCK_DATA_FEE_SLIPPAGE_LIQUIDITY,pairwise,0.01100000000000001,0,1,1,0.01100000000000001,0.01100000000000001,OBSERVED_VALUE,all_training_conditions,0.0,0.9720775371442447,0.49725027497250274,FDR_NOT_SIGNIFICANT,current_price_ge_0.989__and__absolute_change_lt_0.05,1,False,UNKNOWN,record,1
1.0,0.01100000000000001,0.01100000000000001,ResearchRun,GROSS_REFERENCE_PROXY,BLOCK_DATA_FEE_SLIPPAGE_LIQUIDITY,pairwise,0.01100000000000001,0,1,1,0.01100000000000001,0.01100000000000001,OBSERVED_VALUE,all_training_conditions,0.0,0.9720775371442447,0.5004499550044995,FDR_NOT_SIGNIFICANT,current_price_ge_0.989__and__absolute_change_lt_0.455,1,False,UNKNOWN,record,1
1.0,0.01100000000000001,0.01100000000000001,ResearchRun,GROSS_REFERENCE_PROXY,BLOCK_DATA_FEE_SLIPPAGE_LIQUIDITY,pairwise,0.01100000000000001,0,1,1,0.01100000000000001,0.01100000000000001,OBSERVED_VALUE,all_training_conditions,0.0,0.9720775371442447,0.5029497050294971,FDR_NOT_SIGNIFICANT,current_price_ge_0.989__and__elapsed_seconds_ge_-23,1,False,UNKNOWN,record,1
1.0,0.01100000000000001,0.01100000000000001,ResearchRun,GROSS_REFERENCE_PROXY,BLOCK_DATA_FEE_SLIPPAGE_LIQUIDITY,pairwise,0.01100000000000001,0,1,1,0.01100000000000001,0.01100000000000001,OBSERVED_VALUE,all_training_conditions,0.0,0.9720775371442447,0.5032496750324967,FDR_NOT_SIGNIFICANT,current_price_ge_0.989__and__elapsed_seconds_ge_-38,1,False,UNKNOWN,record,1
1.0,0.01100000000000001,0.01100000000000001,ResearchRun,GROSS_REFERENCE_PROXY,BLOCK_DATA_FEE_SLIPPAGE_LIQUIDITY,pairwise,0.01100000000000001,0,1,1,0.01100000000000001,0.01100000000000001,OBSERVED_VALUE,all_training_conditions,0.0,0.9720775371442447,0.49765023497650235,FDR_NOT_SIGNIFICANT,current_price_ge_0.989__and__elapsed_seconds_ge_-4388,1,False,UNKNOWN,record,1
1.0,0.01100000000000001,0.01100000000000001,ResearchRun,GROSS_REFERENCE_PROXY,BLOCK_DATA_FEE_SLIPPAGE_LIQUIDITY,pairwise,0.01100000000000001,0,1,1,0.01100000000000001,0.01100000000000001,OBSERVED_VALUE,all_training_conditions,0.0,0.9720775371442447,0.49845015498450157,FDR_NOT_SIGNIFICANT,current_price_ge_0.989__and__elapsed_seconds_ge_-52,1,False,UNKNOWN,record,1
1.0,0.01100000000000001,0.01100000000000001,ResearchRun,GROSS_REFERENCE_PROXY,BLOCK_DATA_FEE_SLIPPAGE_LIQUIDITY,pairwise,0.01100000000000001,0,1,1,0.01100000000000001,0.01100000000000001,OBSERVED_VALUE,all_training_conditions,0.0,0.9720775371442447,0.49635036496350365,FDR_NOT_SIGNIFICANT,current_price_ge_0.989__and__elapsed_seconds_ge_300,1,False,UNKNOWN,record,1
,,,ResearchRun,GROSS_REFERENCE_PROXY,BLOCK_DATA_FEE_SLIPPAGE_LIQUIDITY,pairwise,,0,0,0,,0.0,OBSERVED_VALUE,all_training_conditions,0.0,,,ZERO_MATCHES,current_price_ge_0.989__and__elapsed_seconds_lt_-23,1,False,UNKNOWN,record,0
,,,ResearchRun,GROSS_REFERENCE_PROXY,BLOCK_DATA_FEE_SLIPPAGE_LIQUIDITY,pairwise,,0,0,0,,0.0,OBSERVED_VALUE,all_training_conditions,0.0,,,ZERO_MATCHES,current_price_ge_0.989__and__elapsed_seconds_lt_-38,1,False,UNKNOWN,record,0
,,,ResearchRun,GROSS_REFERENCE_PROXY,BLOCK_DATA_FEE_SLIPPAGE_LIQUIDITY,pairwise,,0,0,0,,0.0,OBSERVED_VALUE,all_training_conditions,0.0,,,ZERO_MATCHES,current_price_ge_0.989__and__elapsed_seconds_lt_-52,1,False,UNKNOWN,record,0
,,,ResearchRun,GROSS_REFERENCE_PROXY,BLOCK_DATA_FEE_SLIPPAGE_LIQUIDITY,pairwise,,0,0,0,,0.0,OBSERVED_VALUE,all_training_conditions,0.0,,,ZERO_MATCHES,current_price_ge_0.989__and__elapsed_seconds_lt_300,1,False,UNKNOWN,record,0
,,,ResearchRun,GROSS_REFERENCE_PROXY,BLOCK_DATA_FEE_SLIPPAGE_LIQUIDITY,pairwise,,0,0,0,,0.0,OBSERVED_VALUE,all_training_conditions,0.0,,,ZERO_MATCHES,current_price_ge_0.989__and__level_eq_ATP,1,False,UNKNOWN,record,0
1.0,0.01100000000000001,0.01100000000000001,ResearchRun,GROSS_REFERENCE_PROXY,BLOCK_DATA_FEE_SLIPPAGE_LIQUIDITY,pairwise,0.01100000000000001,0,1,1,0.01100000000000001,0.01100000000000001,OBSERVED_VALUE,all_training_conditions,0.0,0.9720775371442447,0.4961503849615039,FDR_NOT_SIGNIFICANT,current_price_ge_0.989__and__level_eq_WTA,1,False,UNKNOWN,record,1
1.0,0.01100000000000001,0.01100000000000001,ResearchRun,GROSS_REFERENCE_PROXY,BLOCK_DATA_FEE_SLIPPAGE_LIQUIDITY,pairwise,0.01100000000000001,0,1,1,0.01100000000000001,0.01100000000000001,OBSERVED_VALUE,all_training_conditions,0.0,0.9720775371442447,0.5068493150684932,FDR_NOT_SIGNIFICANT,current_price_ge_0.989__and__path_high_ge_0.0125,1,False,UNKNOWN,record,1
1.0,0.01100000000000001,0.01100000000000001,ResearchRun,GROSS_REFERENCE_PROXY,BLOCK_DATA_FEE_SLIPPAGE_LIQUIDITY,pairwise,0.01100000000000001,0,1,1,0.01100000000000001,0.01100000000000001,OBSERVED_VALUE,all_training_conditions,0.0,0.9720775371442447,0.4938506149385061,FDR_NOT_SIGNIFICANT,current_price_ge_0.989__and__path_high_ge_0.2905,1,False,UNKNOWN,record,1
1.0,0.01100000000000001,0.01100000000000001,ResearchRun,GROSS_REFERENCE_PROXY,BLOCK_DATA_FEE_SLIPPAGE_LIQUIDITY,pairwise,0.01100000000000001,0,1,1,0.01100000000000001,0.01100000000000001,OBSERVED_VALUE,all_training_conditions,0.0,0.9720775371442447,0.5024497550244975,FDR_NOT_SIGNIFICANT,current_price_ge_0.989__and__path_high_ge_0.51,1,False,UNKNOWN,record,1
1.0,0.01100000000000001,0.01100000000000001,ResearchRun,GROSS_REFERENCE_PROXY,BLOCK_DATA_FEE_SLIPPAGE_LIQUIDITY,pairwise,0.01100000000000001,0,1,1,0.01100000000000001,0.01100000000000001,OBSERVED_VALUE,all_training_conditions,0.0,0.9720775371442447,0.49805019498050196,FDR_NOT_SIGNIFICANT,current_price_ge_0.989__and__path_high_ge_0.7315,1,False,UNKNOWN,record,1
1.0,0.01100000000000001,0.01100000000000001,ResearchRun,GROSS_REFERENCE_PROXY,BLOCK_DATA_FEE_SLIPPAGE_LIQUIDITY,pairwise,0.01100000000000001,0,1,1,0.01100000000000001,0.01100000000000001,OBSERVED_VALUE,all_training_conditions,0.0,0.9720775371442447,0.5018498150184981,FDR_NOT_SIGNIFICANT,current_price_ge_0.989__and__path_high_ge_0.989,1,False,UNKNOWN,record,1
,,,ResearchRun,GROSS_REFERENCE_PROXY,BLOCK_DATA_FEE_SLIPPAGE_LIQUIDITY,pairwise,,0,0,0,,0.0,OBSERVED_VALUE,all_training_conditions,0.0,,,ZERO_MATCHES,current_price_ge_0.989__and__path_high_lt_0.2905,1,False,UNKNOWN,record,0
,,,ResearchRun,GROSS_REFERENCE_PROXY,BLOCK_DATA_FEE_SLIPPAGE_LIQUIDITY,pairwise,,0,0,0,,0.0,OBSERVED_VALUE,all_training_conditions,0.0,,,ZERO_MATCHES,current_price_ge_0.989__and__path_high_lt_0.51,1,False,UNKNOWN,record,0
,,,ResearchRun,GROSS_REFERENCE_PROXY,BLOCK_DATA_FEE_SLIPPAGE_LIQUIDITY,pairwise,,0,0,0,,0.0,OBSERVED_VALUE,all_training_conditions,0.0,,,ZERO_MATCHES,current_price_ge_0.989__and__path_high_lt_0.7315,1,False,UNKNOWN,record,0
,,,ResearchRun,GROSS_REFERENCE_PROXY,BLOCK_DATA_FEE_SLIPPAGE_LIQUIDITY,pairwise,,0,0,0,,0.0,OBSERVED_VALUE,all_training_conditions,0.0,,,ZERO_MATCHES,current_price_ge_0.989__and__path_high_lt_0.989,1,False,UNKNOWN,record,0
1.0,0.01100000000000001,0.01100000000000001,ResearchRun,GROSS_REFERENCE_PROXY,BLOCK_DATA_FEE_SLIPPAGE_LIQUIDITY,pairwise,0.01100000000000001,0,1,1,0.01100000000000001,0.01100000000000001,OBSERVED_VALUE,all_training_conditions,0.0,0.9720775371442447,0.5017498250174982,FDR_NOT_SIGNIFICANT,current_price_ge_0.989__and__path_low_ge_0.011,1,False,UNKNOWN,record,1
1.0,0.01100000000000001,0.01100000000000001,ResearchRun,GROSS_REFERENCE_PROXY,BLOCK_DATA_FEE_SLIPPAGE_LIQUIDITY,pairwise,0.01100000000000001,0,1,1,0.01100000000000001,0.01100000000000001,OBSERVED_VALUE,all_training_conditions,0.0,0.9720775371442447,0.49345065493450657,FDR_NOT_SIGNIFICANT,current_price_ge_0.989__and__path_low_ge_0.2665,1,False,UNKNOWN,record,1
1.0,0.01100000000000001,0.01100000000000001,ResearchRun,GROSS_REFERENCE_PROXY,BLOCK_DATA_FEE_SLIPPAGE_LIQUIDITY,pairwise,0.01100000000000001,0,1,1,0.01100000000000001,0.01100000000000001,OBSERVED_VALUE,all_training_conditions,0.0,0.9720775371442447,0.4998500149985001,FDR_NOT_SIGNIFICANT,current_price_ge_0.989__and__path_low_ge_0.49,1,False,UNKNOWN,record,1
1.0,0.01100000000000001,0.01100000000000001,ResearchRun,GROSS_REFERENCE_PROXY,BLOCK_DATA_FEE_SLIPPAGE_LIQUIDITY,pairwise,0.01100000000000001,0,1,1,0.01100000000000001,0.01100000000000001,OBSERVED_VALUE,all_training_conditions,0.0,0.9720775371442447,0.48765123487651235,FDR_NOT_SIGNIFICANT,current_price_ge_0.989__and__path_low_ge_0.7095,1,False,UNKNOWN,record,1
,,,ResearchRun,GROSS_REFERENCE_PROXY,BLOCK_DATA_FEE_SLIPPAGE_LIQUIDITY,pairwise,,0,0,0,,0.0,OBSERVED_VALUE,all_training_conditions,0.0,,,ZERO_MATCHES,current_price_ge_0.989__and__path_low_ge_0.9875,1,False,UNKNOWN,record,0
,,,ResearchRun,GROSS_REFERENCE_PROXY,BLOCK_DATA_FEE_SLIPPAGE_LIQUIDITY,pairwise,,0,0,0,,0.0,OBSERVED_VALUE,all_training_conditions,0.0,,,ZERO_MATCHES,current_price_ge_0.989__and__path_low_lt_0.2665,1,False,UNKNOWN,record,0
,,,ResearchRun,GROSS_REFERENCE_PROXY,BLOCK_DATA_FEE_SLIPPAGE_LIQUIDITY,pairwise,,0,0,0,,0.0,OBSERVED_VALUE,all_training_conditions,0.0,,,ZERO_MATCHES,current_price_ge_0.989__and__path_low_lt_0.49,1,False,UNKNOWN,record,0
,,,ResearchRun,GROSS_REFERENCE_PROXY,BLOCK_DATA_FEE_SLIPPAGE_LIQUIDITY,pairwise,,0,0,0,,0.0,OBSERVED_VALUE,all_training_conditions,0.0,,,ZERO_MATCHES,current_price_ge_0.989__and__path_low_lt_0.7095,1,False,UNKNOWN,record,0
1.0,0.01100000000000001,0.01100000000000001,ResearchRun,GROSS_REFERENCE_PROXY,BLOCK_DATA_FEE_SLIPPAGE_LIQUIDITY,pairwise,0.01100000000000001,0,1,1,0.01100000000000001,0.01100000000000001,OBSERVED_VALUE,all_training_conditions,0.0,0.9720775371442447,0.5029497050294971,FDR_NOT_SIGNIFICANT,current_price_ge_0.989__and__path_low_lt_0.9875,1,False,UNKNOWN,record,1
1.0,0.01100000000000001,0.01100000000000001,ResearchRun,GROSS_REFERENCE_PROXY,BLOCK_DATA_FEE_SLIPPAGE_LIQUIDITY,pairwise,0.01100000000000001,0,1,1,0.01100000000000001,0.01100000000000001,OBSERVED_VALUE,all_training_conditions,0.0,0.9720775371442447,0.49845015498450157,FDR_NOT_SIGNIFICANT,current_price_ge_0.989__and__realized_volatility_ge_0,1,False,UNKNOWN,record,1
,,,ResearchRun,GROSS_REFERENCE_PROXY,BLOCK_DATA_FEE_SLIPPAGE_LIQUIDITY,pairwise,,0,0,0,,0.0,OBSERVED_VALUE,all_training_conditions,0.0,,,ZERO_MATCHES,current_price_ge_0.989__and__realized_volatility_ge_0.0138682417455,1,False,UNKNOWN,record,0
,,,ResearchRun,GROSS_REFERENCE_PROXY,BLOCK_DATA_FEE_SLIPPAGE_LIQUIDITY,pairwise,,0,0,0,,0.0,OBSERVED_VALUE,all_training_conditions,0.0,,,ZERO_MATCHES,current_price_ge_0.989__and__realized_volatility_ge_0.0332983334177,1,False,UNKNOWN,record,0
,,,ResearchRun,GROSS_REFERENCE_PROXY,BLOCK_DATA_FEE_SLIPPAGE_LIQUIDITY,pairwise,,0,0,0,,0.0,OBSERVED_VALUE,all_training_conditions,0.0,,,ZERO_MATCHES,current_price_ge_0.989__and__realized_volatility_ge_0.0694710322181,1,False,UNKNOWN,record,0
,,,ResearchRun,GROSS_REFERENCE_PROXY,BLOCK_DATA_FEE_SLIPPAGE_LIQUIDITY,pairwise,,0,0,0,,0.0,OBSERVED_VALUE,all_training_conditions,0.0,,,ZERO_MATCHES,current_price_ge_0.989__and__realized_volatility_ge_2.32041788338,1,False,UNKNOWN,record,0
1.0,0.01100000000000001,0.01100000000000001,ResearchRun,GROSS_REFERENCE_PROXY,BLOCK_DATA_FEE_SLIPPAGE_LIQUIDITY,pairwise,0.01100000000000001,0,1,1,0.01100000000000001,0.01100000000000001,OBSERVED_VALUE,all_training_conditions,0.0,0.9720775371442447,0.49675032496750327,FDR_NOT_SIGNIFICANT,current_price_ge_0.989__and__realized_volatility_lt_0.0138682417455,1,False,UNKNOWN,record,1
1.0,0.01100000000000001,0.01100000000000001,ResearchRun,GROSS_REFERENCE_PROXY,BLOCK_DATA_FEE_SLIPPAGE_LIQUIDITY,pairwise,0.01100000000000001,0,1,1,0.01100000000000001,0.01100000000000001,OBSERVED_VALUE,all_training_conditions,0.0,0.9720775371442447,0.4971502849715029,FDR_NOT_SIGNIFICANT,current_price_ge_0.989__and__realized_volatility_lt_0.0332983334177,1,False,UNKNOWN,record,1
1.0,0.01100000000000001,0.01100000000000001,ResearchRun,GROSS_REFERENCE_PROXY,BLOCK_DATA_FEE_SLIPPAGE_LIQUIDITY,pairwise,0.01100000000000001,0,1,1,0.01100000000000001,0.01100000000000001,OBSERVED_VALUE,all_training_conditions,0.0,0.9720775371442447,0.49625037496250374,FDR_NOT_SIGNIFICANT,current_price_ge_0.989__and__realized_volatility_lt_0.0694710322181,1,False,UNKNOWN,record,1
1.0,0.01100000000000001,0.01100000000000001,ResearchRun,GROSS_REFERENCE_PROXY,BLOCK_DATA_FEE_SLIPPAGE_LIQUIDITY,pairwise,0.01100000000000001,0,1,1,0.01100000000000001,0.01100000000000001,OBSERVED_VALUE,all_training_conditions,0.0,0.9720775371442447,0.49335066493350666,FDR_NOT_SIGNIFICANT,current_price_ge_0.989__and__realized_volatility_lt_2.32041788338,1,False,UNKNOWN,record,1
1.0,0.01100000000000001,0.01100000000000001,ResearchRun,GROSS_REFERENCE_PROXY,BLOCK_DATA_FEE_SLIPPAGE_LIQUIDITY,pairwise,0.01100000000000001,0,1,1,0.01100000000000001,0.01100000000000001,OBSERVED_VALUE,all_training_conditions,0.0,0.9720775371442447,0.49455054494550543,FDR_NOT_SIGNIFICANT,current_price_ge_0.989__and__relative_change_ge_-0.00186219739292,1,False,UNKNOWN,record,1
1.0,0.01100000000000001,0.01100000000000001,ResearchRun,GROSS_REFERENCE_PROXY,BLOCK_DATA_FEE_SLIPPAGE_LIQUIDITY,pairwise,0.01100000000000001,0,1,1,0.01100000000000001,0.01100000000000001,OBSERVED_VALUE,all_training_conditions,0.0,0.9720775371442447,0.4968503149685031,FDR_NOT_SIGNIFICANT,current_price_ge_0.989__and__relative_change_ge_-0.0747663551402,1,False,UNKNOWN,record,1
1.0,0.01100000000000001,0.01100000000000001,ResearchRun,GROSS_REFERENCE_PROXY,BLOCK_DATA_FEE_SLIPPAGE_LIQUIDITY,pairwise,0.01100000000000001,0,1,1,0.01100000000000001,0.01100000000000001,OBSERVED_VALUE,all_training_conditions,0.0,0.9720775371442447,0.5030496950304969,FDR_NOT_SIGNIFICANT,current_price_ge_0.989__and__relative_change_ge_-0.708333333333,1,False,UNKNOWN,record,1
,,,ResearchRun,GROSS_REFERENCE_PROXY,BLOCK_DATA_FEE_SLIPPAGE_LIQUIDITY,pairwise,,0,0,0,,0.0,OBSERVED_VALUE,all_training_conditions,0.0,,,ZERO_MATCHES,current_price_ge_0.989__and__relative_change_ge_0.0633802816901,1,False,UNKNOWN,record,0
,,,ResearchRun,GROSS_REFERENCE_PROXY,BLOCK_DATA_FEE_SLIPPAGE_LIQUIDITY,pairwise,,0,0,0,,0.0,OBSERVED_VALUE,all_training_conditions,0.0,,,ZERO_MATCHES,current_price_ge_0.989__and__relative_change_ge_1.81481481481,1,False,UNKNOWN,record,0
,,,ResearchRun,GROSS_REFERENCE_PROXY,BLOCK_DATA_FEE_SLIPPAGE_LIQUIDITY,pairwise,,0,0,0,,0.0,OBSERVED_VALUE,all_training_conditions,0.0,,,ZERO_MATCHES,current_price_ge_0.989__and__relative_change_lt_-0.00186219739292,1,False,UNKNOWN,record,0
,,,ResearchRun,GROSS_REFERENCE_PROXY,BLOCK_DATA_FEE_SLIPPAGE_LIQUIDITY,pairwise,,0,0,0,,0.0,OBSERVED_VALUE,all_training_conditions,0.0,,,ZERO_MATCHES,current_price_ge_0.989__and__relative_change_lt_-0.0747663551402,1,False,UNKNOWN,record,0
1.0,0.01100000000000001,0.01100000000000001,ResearchRun,GROSS_REFERENCE_PROXY,BLOCK_DATA_FEE_SLIPPAGE_LIQUIDITY,pairwise,0.01100000000000001,0,1,1,0.01100000000000001,0.01100000000000001,OBSERVED_VALUE,all_training_conditions,0.0,0.9720775371442447,0.4968503149685031,FDR_NOT_SIGNIFICANT,current_price_ge_0.989__and__relative_change_lt_0.0633802816901,1,False,UNKNOWN,record,1
1.0,0.01100000000000001,0.01100000000000001,ResearchRun,GROSS_REFERENCE_PROXY,BLOCK_DATA_FEE_SLIPPAGE_LIQUIDITY,pairwise,0.01100000000000001,0,1,1,0.01100000000000001,0.01100000000000001,OBSERVED_VALUE,all_training_conditions,0.0,0.9720775371442447,0.5051494850514948,FDR_NOT_SIGNIFICANT,current_price_ge_0.989__and__relative_change_lt_1.81481481481,1,False,UNKNOWN,record,1
,,,ResearchRun,GROSS_REFERENCE_PROXY,BLOCK_DATA_FEE_SLIPPAGE_LIQUIDITY,market_level,,0,0,0,,0.0,OBSERVED_VALUE,all_training_conditions,0.0,,,ZERO_MATCHES,current_price_lt_0.011,1,False,UNKNOWN,record,0
1.0,-27.588299999999997,7.039874999999996,ResearchRun,GROSS_REFERENCE_PROXY,BLOCK_DATA_FEE_SLIPPAGE_LIQUIDITY,market_level,0.915,480,578,578,-0.018259515570934286,-10.554000000000018,OBSERVED_VALUE,all_training_conditions,-11.469000000000001,0.9799762880854771,0.8761123887611239,FDR_NOT_SIGNIFICANT,current_price_lt_0.27,1,False,UNKNOWN,record,98
1.0,-22.022824999999997,10.618162499999995,ResearchRun,GROSS_REFERENCE_PROXY,BLOCK_DATA_FEE_SLIPPAGE_LIQUIDITY,pairwise,0.915,418,503,503,-0.01177932405566601,-5.925000000000003,OBSERVED_VALUE,all_training_conditions,-6.840000000000001,0.9720775371442447,0.7624237576242375,FDR_NOT_SIGNIFICANT,current_price_lt_0.27__and__absolute_change_ge_-0.0025,1,False,UNKNOWN,record,85
1.0,-25.363512500000002,7.792337499999992,ResearchRun,GROSS_REFERENCE_PROXY,BLOCK_DATA_FEE_SLIPPAGE_LIQUIDITY,pairwise,0.915,441,529,529,-0.017965028355387543,-9.50350000000001,OBSERVED_VALUE,all_training_conditions,-10.418499999999998,0.9799762880854771,0.8706129387061294,FDR_NOT_SIGNIFICANT,current_price_lt_0.27__and__absolute_change_ge_-0.055,1,False,UNKNOWN,record,88
1.0,-28.109212499999998,7.339662499999998,ResearchRun,GROSS_REFERENCE_PROXY,BLOCK_DATA_FEE_SLIPPAGE_LIQUIDITY,pairwise,0.915,480,578,578,-0.018259515570934286,-10.554000000000018,OBSERVED_VALUE,all_training_conditions,-11.469000000000001,0.9799762880854771,0.8772122787721228,FDR_NOT_SIGNIFICANT,current_price_lt_0.27__and__absolute_change_ge_-0.455,1,False,UNKNOWN,record,98
1.0,-1.105124999999999,7.025124999999999,ResearchRun,GROSS_REFERENCE_PROXY,BLOCK_DATA_FEE_SLIPPAGE_LIQUIDITY,pairwise,0.855,12,19,19,0.1526315789473684,2.8999999999999995,OBSERVED_VALUE,all_training_conditions,2.045,0.9720775371442447,0.0963903609639036,FDR_NOT_SIGNIFICANT,current_price_lt_0.27__and__absolute_change_ge_0.05,1,False,UNKNOWN,record,7
,,,ResearchRun,GROSS_REFERENCE_PROXY,BLOCK_DATA_FEE_SLIPPAGE_LIQUIDITY,pairwise,,0,0,0,,0.0,OBSERVED_VALUE,all_training_conditions,0.0,,,ZERO_MATCHES,current_price_lt_0.27__and__absolute_change_ge_0.455,1,False,UNKNOWN,record,0
1.0,-19.917625,3.8857499999999954,ResearchRun,GROSS_REFERENCE_PROXY,BLOCK_DATA_FEE_SLIPPAGE_LIQUIDITY,pairwise,0.925,254,298,298,-0.027437919463087244,-8.176499999999999,OBSERVED_VALUE,all_training_conditions,-9.101500000000001,0.9811347632360052,0.9047095290470953,FDR_NOT_SIGNIFICANT,current_price_lt_0.27__and__absolute_change_lt_-0.0025,1,False,UNKNOWN,record,44
1.0,-6.574012499999999,7.082087499999998,ResearchRun,GROSS_REFERENCE_PROXY,BLOCK_DATA_FEE_SLIPPAGE_LIQUIDITY,pairwise,0.881,66,81,81,-0.000672839506172863,-0.05450000000000191,OBSERVED_VALUE,all_training_conditions,-0.9355000000000011,0.9720775371442447,0.5092490750924907,FDR_NOT_SIGNIFICANT,current_price_lt_0.27__and__absolute_change_lt_-0.055,1,False,UNKNOWN,record,15
1.0,-28.392075000000002,7.3251124999999995,ResearchRun,GROSS_REFERENCE_PROXY,BLOCK_DATA_FEE_SLIPPAGE_LIQUIDITY,pairwise,0.915,480,578,578,-0.018259515570934286,-10.554000000000018,OBSERVED_VALUE,all_training_conditions,-11.469000000000001,0.9799762880854771,0.8738126187381262,FDR_NOT_SIGNIFICANT,current_price_lt_0.27__and__absolute_change_lt_0.05,1,False,UNKNOWN,record,98
1.0,-27.7129375,7.555299999999989,ResearchRun,GROSS_REFERENCE_PROXY,BLOCK_DATA_FEE_SLIPPAGE_LIQUIDITY,pairwise,0.915,480,578,578,-0.018259515570934286,-10.554000000000018,OBSERVED_VALUE,all_training_conditions,-11.469000000000001,0.9799762880854771,0.8838116188381162,FDR_NOT_SIGNIFICANT,current_price_lt_0.27__and__absolute_change_lt_0.455,1,False,UNKNOWN,record,98
1.0,-28.734837499999994,3.4866124999999917,ResearchRun,GROSS_REFERENCE_PROXY,BLOCK_DATA_FEE_SLIPPAGE_LIQUIDITY,pairwise,0.925,447,528,528,-0.024343749999999983,-12.853499999999991,OBSERVED_VALUE,all_training_conditions,-13.778500000000001,0.9830077598300776,0.9387061293870613,FDR_NOT_SIGNIFICANT,current_price_lt_0.27__and__elapsed_seconds_ge_-23,1,False,UNKNOWN,record,81
1.0,-28.861099999999997,2.925012499999999,ResearchRun,GROSS_REFERENCE_PROXY,BLOCK_DATA_FEE_SLIPPAGE_LIQUIDITY,pairwise,0.925,449,530,530,-0.025233018867924544,-13.373500000000009,OBSERVED_VALUE,all_training_conditions,-14.2985,0.9830077598300776,0.95000499950005,FDR_NOT_SIGNIFICANT,current_price_lt_0.27__and__elapsed_seconds_ge_-38,1,False,UNKNOWN,record,81
1.0,-27.8025125,7.665537499999993,ResearchRun,GROSS_REFERENCE_PROXY,BLOCK_DATA_FEE_SLIPPAGE_LIQUIDITY,pairwise,0.915,480,578,578,-0.018259515570934286,-10.554000000000018,OBSERVED_VALUE,all_training_conditions,-11.469000000000001,0.9799762880854771,0.8803119688031197,FDR_NOT_SIGNIFICANT,current_price_lt_0.27__and__elapsed_seconds_ge_-4388,1,False,UNKNOWN,record,98
1.0,-27.9162875,4.978974999999987,ResearchRun,GROSS_REFERENCE_PROXY,BLOCK_DATA_FEE_SLIPPAGE_LIQUIDITY,pairwise,0.925,456,541,541,-0.021963955637707942,-11.882499999999997,OBSERVED_VALUE,all_training_conditions,-12.807500000000003,0.9830077598300776,0.9155084491550844,FDR_NOT_SIGNIFICANT,current_price_lt_0.27__and__elapsed_seconds_ge_-52,1,False,UNKNOWN,record,85
1.0,-28.566137499999996,3.7576499999999875,ResearchRun,GROSS_REFERENCE_PROXY,BLOCK_DATA_FEE_SLIPPAGE_LIQUIDITY,pairwise,0.925,447,528,528,-0.024163825757575752,-12.758499999999996,OBSERVED_VALUE,all_training_conditions,-13.683500000000002,0.9830077598300776,0.9394060593940606,FDR_NOT_SIGNIFICANT,current_price_lt_0.27__and__elapsed_seconds_ge_300,1,False,UNKNOWN,record,81
1.0,-21.605599999999995,10.414537499999994,ResearchRun,GROSS_REFERENCE_PROXY,BLOCK_DATA_FEE_SLIPPAGE_LIQUIDITY,pairwise,0.915,412,496,496,-0.011552419354838712,-5.730000000000001,OBSERVED_VALUE,all_training_conditions,-6.645000000000002,0.9720775371442447,0.7621237876212379,FDR_NOT_SIGNIFICANT,current_price_lt_0.27__and__elapsed_seconds_lt_-23,1,False,UNKNOWN,record,84
1.0,-19.0051625,13.057587499999997,ResearchRun,GROSS_REFERENCE_PROXY,BLOCK_DATA_FEE_SLIPPAGE_LIQUIDITY,pairwise,0.915,394,477,477,-0.007262054507337509,-3.463999999999992,OBSERVED_VALUE,all_training_conditions,-4.379,0.9720775371442447,0.6604339566043396,FDR_NOT_SIGNIFICANT,current_price_lt_0.27__and__elapsed_seconds_lt_-38,1,False,UNKNOWN,record,83
1.0,-18.12575,11.206299999999992,ResearchRun,GROSS_REFERENCE_PROXY,BLOCK_DATA_FEE_SLIPPAGE_LIQUIDITY,pairwise,0.915,332,402,402,-0.009159203980099498,-3.681999999999998,OBSERVED_VALUE,all_training_conditions,-4.597000000000001,0.9720775371442447,0.6894310568943106,FDR_NOT_SIGNIFICANT,current_price_lt_0.27__and__elapsed_seconds_lt_-52,1,False,UNKNOWN,record,70
1.0,-22.227000000000004,11.098924999999992,ResearchRun,GROSS_REFERENCE_PROXY,BLOCK_DATA_FEE_SLIPPAGE_LIQUIDITY,pairwise,0.915,418,503,503,-0.01177932405566601,-5.925000000000003,OBSERVED_VALUE,all_training_conditions,-6.840000000000001,0.9720775371442447,0.7634236576342366,FDR_NOT_SIGNIFICANT,current_price_lt_0.27__and__elapsed_seconds_lt_300,1,False,UNKNOWN,record,85
1.0,-20.0693375,7.331112499999996,ResearchRun,GROSS_REFERENCE_PROXY,BLOCK_DATA_FEE_SLIPPAGE_LIQUIDITY,pairwise,0.905,287,347,347,-0.019337175792507214,-6.7100000000000035,OBSERVED_VALUE,all_training_conditions,-7.615000000000001,0.9799762880854771,0.8267173282671733,FDR_NOT_SIGNIFICANT,current_price_lt_0.27__and__level_eq_ATP,1,False,UNKNOWN,record,60
1.0,-14.6246,7.0943374999999955,ResearchRun,GROSS_REFERENCE_PROXY,BLOCK_DATA_FEE_SLIPPAGE_LIQUIDITY,pairwise,0.915,193,231,231,-0.01664069264069263,-3.843999999999997,OBSERVED_VALUE,all_training_conditions,-4.759,0.9720775371442447,0.7555244475552445,FDR_NOT_SIGNIFICANT,current_price_lt_0.27__and__level_eq_WTA,1,False,UNKNOWN,record,38
1.0,-27.6197,7.4236749999999905,ResearchRun,GROSS_REFERENCE_PROXY,BLOCK_DATA_FEE_SLIPPAGE_LIQUIDITY,pairwise,0.915,480,578,578,-0.018259515570934286,-10.554000000000018,OBSERVED_VALUE,all_training_conditions,-11.469000000000001,0.9799762880854771,0.8835116488351165,FDR_NOT_SIGNIFICANT,current_price_lt_0.27__and__path_high_ge_0.0125,1,False,UNKNOWN,record,98
1.0,-9.025062499999999,1.8072499999999962,ResearchRun,GROSS_REFERENCE_PROXY,BLOCK_DATA_FEE_SLIPPAGE_LIQUIDITY,pairwise,0.845,49,58,58,-0.06865517241379308,-3.981999999999999,OBSERVED_VALUE,all_training_conditions,-4.827,0.9830077598300776,0.9232076792320768,FDR_NOT_SIGNIFICANT,current_price_lt_0.27__and__path_high_ge_0.2905,1,False,UNKNOWN,record,9
1.0,-0.675,-0.315,ResearchRun,GROSS_REFERENCE_PROXY,BLOCK_DATA_FEE_SLIPPAGE_LIQUIDITY,pairwise,-0.225,3,3,3,-0.18000000000000002,-0.54,OBSERVED_VALUE,all_training_conditions,-0.31500000000000006,1.0,1.0,FDR_NOT_SIGNIFICANT,current_price_lt_0.27__and__path_high_ge_0.51,1,False,UNKNOWN,record,0
,,,ResearchRun,GROSS_REFERENCE_PROXY,BLOCK_DATA_FEE_SLIPPAGE_LIQUIDITY,pairwise,,0,0,0,,0.0,OBSERVED_VALUE,all_training_conditions,0.0,,,ZERO_MATCHES,current_price_lt_0.27__and__path_high_ge_0.7315,1,False,UNKNOWN,record,0
,,,ResearchRun,GROSS_REFERENCE_PROXY,BLOCK_DATA_FEE_SLIPPAGE_LIQUIDITY,pairwise,,0,0,0,,0.0,OBSERVED_VALUE,all_training_conditions,0.0,,,ZERO_MATCHES,current_price_lt_0.27__and__path_high_ge_0.989,1,False,UNKNOWN,record,0
1.0,-23.3515,8.933587500000002,ResearchRun,GROSS_REFERENCE_PROXY,BLOCK_DATA_FEE_SLIPPAGE_LIQUIDITY,pairwise,0.915,440,530,530,-0.013606603773584922,-7.211500000000009,OBSERVED_VALUE,all_training_conditions,-8.1265,0.9720775371442447,0.8022197780221978,FDR_NOT_SIGNIFICANT,current_price_lt_0.27__and__path_high_lt_0.2905,1,False,UNKNOWN,record,90
1.0,-27.19505,7.768824999999994,ResearchRun,GROSS_REFERENCE_PROXY,BLOCK_DATA_FEE_SLIPPAGE_LIQUIDITY,pairwise,0.915,479,577,577,-0.017901213171577158,-10.32900000000002,OBSERVED_VALUE,all_training_conditions,-11.244,0.9799762880854771,0.8781121887811218,FDR_NOT_SIGNIFICANT,current_price_lt_0.27__and__path_high_lt_0.51,1,False,UNKNOWN,record,98
1.0,-27.6125125,7.3253874999999935,ResearchRun,GROSS_REFERENCE_PROXY,BLOCK_DATA_FEE_SLIPPAGE_LIQUIDITY,pairwise,0.915,480,578,578,-0.018259515570934286,-10.554000000000018,OBSERVED_VALUE,all_training_conditions,-11.469000000000001,0.9799762880854771,0.8803119688031197,FDR_NOT_SIGNIFICANT,current_price_lt_0.27__and__path_high_lt_0.7315,1,False,UNKNOWN,record,98
1.0,-27.985699999999998,6.7526749999999955,ResearchRun,GROSS_REFERENCE_PROXY,BLOCK_DATA_FEE_SLIPPAGE_LIQUIDITY,pairwise,0.915,480,578,578,-0.018259515570934286,-10.554000000000018,OBSERVED_VALUE,all_training_conditions,-11.469000000000001,0.9799762880854771,0.8799120087991201,FDR_NOT_SIGNIFICANT,current_price_lt_0.27__and__path_high_lt_0.989,1,False,UNKNOWN,record,98
1.0,-27.5520875,7.068662499999999,ResearchRun,GROSS_REFERENCE_PROXY,BLOCK_DATA_FEE_SLIPPAGE_LIQUIDITY,pairwise,0.915,480,578,578,-0.018259515570934286,-10.554000000000018,OBSERVED_VALUE,all_training_conditions,-11.469000000000001,0.9799762880854771,0.8803119688031197,FDR_NOT_SIGNIFICANT,current_price_lt_0.27__and__path_low_ge_0.011,1,False,UNKNOWN,record,98
1.0,-0.8055000000000001,2.2005,ResearchRun,GROSS_REFERENCE_PROXY,BLOCK_DATA_FEE_SLIPPAGE_LIQUIDITY,pairwise,0.7335,2,3,3,0.06566666666666666,0.197,OBSERVED_VALUE,all_training_conditions,-0.5365,0.9720775371442447,0.4961503849615039,FDR_NOT_SIGNIFICANT,current_price_lt_0.27__and__path_low_ge_0.2665,1,False,UNKNOWN,record,1
,,,ResearchRun,GROSS_REFERENCE_PROXY,BLOCK_DATA_FEE_SLIPPAGE_LIQUIDITY,pairwise,,0,0,0,,0.0,OBSERVED_VALUE,all_training_conditions,0.0,,,ZERO_MATCHES,current_price_lt_0.27__and__path_low_ge_0.49,1,False,UNKNOWN,record,0
,,,ResearchRun,GROSS_REFERENCE_PROXY,BLOCK_DATA_FEE_SLIPPAGE_LIQUIDITY,pairwise,,0,0,0,,0.0,OBSERVED_VALUE,all_training_conditions,0.0,,,ZERO_MATCHES,current_price_lt_0.27__and__path_low_ge_0.7095,1,False,UNKNOWN,record,0
,,,ResearchRun,GROSS_REFERENCE_PROXY,BLOCK_DATA_FEE_SLIPPAGE_LIQUIDITY,pairwise,,0,0,0,,0.0,OBSERVED_VALUE,all_training_conditions,0.0,,,ZERO_MATCHES,current_price_lt_0.27__and__path_low_ge_0.9875,1,False,UNKNOWN,record,0
1.0,-28.643312499999997,6.4440874999999975,ResearchRun,GROSS_REFERENCE_PROXY,BLOCK_DATA_FEE_SLIPPAGE_LIQUIDITY,pairwise,0.915,480,577,577,-0.019559792027729662,-11.286000000000016,OBSERVED_VALUE,all_training_conditions,-12.201,0.9799762880854771,0.897010298970103,FDR_NOT_SIGNIFICANT,current_price_lt_0.27__and__path_low_lt_0.2665,1,False,UNKNOWN,record,97
1.0,-27.71249999999999,7.253787499999994,ResearchRun,GROSS_REFERENCE_PROXY,BLOCK_DATA_FEE_SLIPPAGE_LIQUIDITY,pairwise,0.915,480,578,578,-0.018259515570934286,-10.554000000000018,OBSERVED_VALUE,all_training_conditions,-11.469000000000001,0.9799762880854771,0.8761123887611239,FDR_NOT_SIGNIFICANT,current_price_lt_0.27__and__path_low_lt_0.49,1,False,UNKNOWN,record,98
1.0,-28.084749999999996,7.068012499999997,ResearchRun,GROSS_REFERENCE_PROXY,BLOCK_DATA_FEE_SLIPPAGE_LIQUIDITY,pairwise,0.915,480,578,578,-0.018259515570934286,-10.554000000000018,OBSERVED_VALUE,all_training_conditions,-11.469000000000001,0.9799762880854771,0.8865113488651135,FDR_NOT_SIGNIFICANT,current_price_lt_0.27__and__path_low_lt_0.7095,1,False,UNKNOWN,record,98
1.0,-27.8915,7.473512500000001,ResearchRun,GROSS_REFERENCE_PROXY,BLOCK_DATA_FEE_SLIPPAGE_LIQUIDITY,pairwise,0.915,480,578,578,-0.018259515570934286,-10.554000000000018,OBSERVED_VALUE,all_training_conditions,-11.469000000000001,0.9799762880854771,0.8792120787921208,FDR_NOT_SIGNIFICANT,current_price_lt_0.27__and__path_low_lt_0.9875,1,False,UNKNOWN,record,98
1.0,-28.068637499999998,4.393749999999996,ResearchRun,GROSS_REFERENCE_PROXY,BLOCK_DATA_FEE_SLIPPAGE_LIQUIDITY,pairwise,0.925,445,526,526,-0.02345722433460075,-12.338499999999994,OBSERVED_VALUE,all_training_conditions,-13.263500000000002,0.9830077598300776,0.9315068493150684,FDR_NOT_SIGNIFICANT,current_price_lt_0.27__and__realized_volatility_ge_0,1,False,UNKNOWN,record,81
1.0,-27.036087499999997,3.378724999999995,ResearchRun,GROSS_REFERENCE_PROXY,BLOCK_DATA_FEE_SLIPPAGE_LIQUIDITY,pairwise,0.925,394,463,463,-0.025830453563714918,-11.959500000000007,OBSERVED_VALUE,all_training_conditions,-12.884499999999997,0.9830077598300776,0.941005899410059,FDR_NOT_SIGNIFICANT,current_price_lt_0.27__and__realized_volatility_ge_0.0138682417455,1,False,UNKNOWN,record,69
1.0,-21.465525,4.859149999999996,ResearchRun,GROSS_REFERENCE_PROXY,BLOCK_DATA_FEE_SLIPPAGE_LIQUIDITY,pairwise,0.925,321,376,376,-0.023051861702127655,-8.667499999999999,OBSERVED_VALUE,all_training_conditions,-9.592500000000001,0.9799762880854771,0.9012098790120988,FDR_NOT_SIGNIFICANT,current_price_lt_0.27__and__realized_volatility_ge_0.0332983334177,1,False,UNKNOWN,record,55
1.0,-15.726174999999998,6.453474999999993,ResearchRun,GROSS_REFERENCE_PROXY,BLOCK_DATA_FEE_SLIPPAGE_LIQUIDITY,pairwise,0.925,227,266,266,-0.018520676691729313,-4.926499999999997,OBSERVED_VALUE,all_training_conditions,-5.851500000000001,0.9720775371442447,0.7976202379762024,FDR_NOT_SIGNIFICANT,current_price_lt_0.27__and__realized_volatility_ge_0.0694710322181,1,False,UNKNOWN,record,39
1.0,-0.0795,-0.0795,ResearchRun,GROSS_REFERENCE_PROXY,BLOCK_DATA_FEE_SLIPPAGE_LIQUIDITY,pairwise,-0.0795,1,1,1,-0.0795,-0.0795,OBSERVED_VALUE,all_training_conditions,0.0,1.0,1.0,FDR_NOT_SIGNIFICANT,current_price_lt_0.27__and__realized_volatility_ge_2.32041788338,1,False,UNKNOWN,record,0
1.0,-6.191124999999998,5.976199999999996,ResearchRun,GROSS_REFERENCE_PROXY,BLOCK_DATA_FEE_SLIPPAGE_LIQUIDITY,pairwise,0.835,51,63,63,-0.0060158730158730135,-0.37899999999999984,OBSERVED_VALUE,all_training_conditions,-1.2140000000000009,0.9720775371442447,0.5456454354564544,FDR_NOT_SIGNIFICANT,current_price_lt_0.27__and__realized_volatility_lt_0.0138682417455,1,False,UNKNOWN,record,12
1.0,-12.425799999999994,5.644337499999996,ResearchRun,GROSS_REFERENCE_PROXY,BLOCK_DATA_FEE_SLIPPAGE_LIQUIDITY,pairwise,0.91,124,150,150,-0.024473333333333323,-3.6709999999999985,OBSERVED_VALUE,all_training_conditions,-4.5809999999999995,0.9720775371442447,0.782021797820218,FDR_NOT_SIGNIFICANT,current_price_lt_0.27__and__realized_volatility_lt_0.0332983334177,1,False,UNKNOWN,record,26
1.0,-18.555899999999998,4.415462499999993,ResearchRun,GROSS_REFERENCE_PROXY,BLOCK_DATA_FEE_SLIPPAGE_LIQUIDITY,pairwise,0.91,218,260,260,-0.028507692307692296,-7.411999999999997,OBSERVED_VALUE,all_training_conditions,-8.322,0.9799762880854771,0.8968103189681031,FDR_NOT_SIGNIFICANT,current_price_lt_0.27__and__realized_volatility_lt_0.0694710322181,1,False,UNKNOWN,record,42
1.0,-28.10395,4.034199999999996,ResearchRun,GROSS_REFERENCE_PROXY,BLOCK_DATA_FEE_SLIPPAGE_LIQUIDITY,pairwise,0.925,444,525,525,-0.023350476190476182,-12.258999999999995,OBSERVED_VALUE,all_training_conditions,-13.184000000000001,0.9830077598300776,0.9343065693430657,FDR_NOT_SIGNIFICANT,current_price_lt_0.27__and__realized_volatility_lt_2.32041788338,1,False,UNKNOWN,record,81
1.0,-22.01205,10.27748749999999,ResearchRun,GROSS_REFERENCE_PROXY,BLOCK_DATA_FEE_SLIPPAGE_LIQUIDITY,pairwise,0.915,418,503,503,-0.01177932405566601,-5.925000000000003,OBSERVED_VALUE,all_training_conditions,-6.840000000000001,0.9720775371442447,0.7595240475952405,FDR_NOT_SIGNIFICANT,current_price_lt_0.27__and__relative_change_ge_-0.00186219739292,1,False,UNKNOWN,record,85
1.0,-22.568199999999994,10.242362499999992,ResearchRun,GROSS_REFERENCE_PROXY,BLOCK_DATA_FEE_SLIPPAGE_LIQUIDITY,pairwise,0.915,426,513,513,-0.012768031189083826,-6.5500000000000025,OBSERVED_VALUE,all_training_conditions,-7.464999999999999,0.9720775371442447,0.7835216478352165,FDR_NOT_SIGNIFICANT,current_price_lt_0.27__and__relative_change_ge_-0.0747663551402,1,False,UNKNOWN,record,87
1.0,-27.651175,7.527712499999984,ResearchRun,GROSS_REFERENCE_PROXY,BLOCK_DATA_FEE_SLIPPAGE_LIQUIDITY,pairwise,0.915,480,578,578,-0.018259515570934286,-10.554000000000018,OBSERVED_VALUE,all_training_conditions,-11.469000000000001,0.9799762880854771,0.8853114688531147,FDR_NOT_SIGNIFICANT,current_price_lt_0.27__and__relative_change_ge_-0.708333333333,1,False,UNKNOWN,record,98
1.0,-7.0771,5.236649999999998,ResearchRun,GROSS_REFERENCE_PROXY,BLOCK_DATA_FEE_SLIPPAGE_LIQUIDITY,pairwise,0.895,68,81,81,-0.01426543209876544,-1.1555000000000006,OBSERVED_VALUE,all_training_conditions,-2.0505000000000004,0.9720775371442447,0.6447355264473552,FDR_NOT_SIGNIFICANT,current_price_lt_0.27__and__relative_change_ge_0.0633802816901,1,False,UNKNOWN,record,13
1.0,-0.038,-0.038,ResearchRun,GROSS_REFERENCE_PROXY,BLOCK_DATA_FEE_SLIPPAGE_LIQUIDITY,pairwise,-0.038,1,1,1,-0.038,-0.038,OBSERVED_VALUE,all_training_conditions,0.0,1.0,1.0,FDR_NOT_SIGNIFICANT,current_price_lt_0.27__and__relative_change_ge_1.81481481481,1,False,UNKNOWN,record,0
1.0,-20.1520625,3.4037124999999953,ResearchRun,GROSS_REFERENCE_PROXY,BLOCK_DATA_FEE_SLIPPAGE_LIQUIDITY,pairwise,0.925,257,301,301,-0.028408637873754167,-8.551000000000004,OBSERVED_VALUE,all_training_conditions,-9.476000000000003,0.9830077598300776,0.9157084291570843,FDR_NOT_SIGNIFICANT,current_price_lt_0.27__and__relative_change_lt_-0.00186219739292,1,False,UNKNOWN,record,44
1.0,-14.512662499999998,4.935212499999998,ResearchRun,GROSS_REFERENCE_PROXY,BLOCK_DATA_FEE_SLIPPAGE_LIQUIDITY,pairwise,0.925,179,208,208,-0.025124999999999995,-5.225999999999999,OBSERVED_VALUE,all_training_conditions,-6.151000000000001,0.9799762880854771,0.8466153384661533,FDR_NOT_SIGNIFICANT,current_price_lt_0.27__and__relative_change_lt_-0.0747663551402,1,False,UNKNOWN,record,29
1.0,-27.276037499999997,7.123012500000001,ResearchRun,GROSS_REFERENCE_PROXY,BLOCK_DATA_FEE_SLIPPAGE_LIQUIDITY,pairwise,0.915,480,578,578,-0.018259515570934286,-10.554000000000018,OBSERVED_VALUE,all_training_conditions,-11.469000000000001,0.9799762880854771,0.8819118088191181,FDR_NOT_SIGNIFICANT,current_price_lt_0.27__and__relative_change_lt_0.0633802816901,1,False,UNKNOWN,record,98
1.0,-28.083799999999997,7.071124999999999,ResearchRun,GROSS_REFERENCE_PROXY,BLOCK_DATA_FEE_SLIPPAGE_LIQUIDITY,pairwise,0.915,480,578,578,-0.018259515570934286,-10.554000000000018,OBSERVED_VALUE,all_training_conditions,-11.469000000000001,0.9799762880854771,0.8796120387961204,FDR_NOT_SIGNIFICANT,current_price_lt_0.27__and__relative_change_lt_1.81481481481,1,False,UNKNOWN,record,98
1.0,-21.38798749999999,52.066287499999945,ResearchRun,GROSS_REFERENCE_PROXY,BLOCK_DATA_FEE_SLIPPAGE_LIQUIDITY,market_level,0.915,1123,1686,1686,0.009049822064056932,15.257999999999988,OBSERVED_VALUE,all_training_conditions,14.342999999999996,0.9720775371442447,0.21107889211078892,FDR_NOT_SIGNIFICANT,current_price_lt_0.5,1,False,UNKNOWN,record,563
1.0,-21.826174999999992,52.49697499999999,ResearchRun,GROSS_REFERENCE_PROXY,BLOCK_DATA_FEE_SLIPPAGE_LIQUIDITY,pairwise,0.915,1123,1686,1686,0.009049822064056932,15.257999999999988,OBSERVED_VALUE,all_training_conditions,14.342999999999996,0.9720775371442447,0.21197880211978803,FDR_NOT_SIGNIFICANT,current_price_lt_0.5__and__absolute_change_ge_-0.0025,1,False,UNKNOWN,record,563
1.0,-21.1369,51.082174999999935,ResearchRun,GROSS_REFERENCE_PROXY,BLOCK_DATA_FEE_SLIPPAGE_LIQUIDITY,pairwise,0.915,1123,1686,1686,0.009049822064056932,15.257999999999988,OBSERVED_VALUE,all_training_conditions,14.342999999999996,0.9720775371442447,0.20217978202179782,FDR_NOT_SIGNIFICANT,current_price_lt_0.5__and__absolute_change_ge_-0.055,1,False,UNKNOWN,record,563
1.0,-21.037774999999993,52.397224999999985,ResearchRun,GROSS_REFERENCE_PROXY,BLOCK_DATA_FEE_SLIPPAGE_LIQUIDITY,pairwise,0.915,1123,1686,1686,0.009049822064056932,15.257999999999988,OBSERVED_VALUE,all_training_conditions,14.342999999999996,0.9720775371442447,0.2086791320867913,FDR_NOT_SIGNIFICANT,current_price_lt_0.5__and__absolute_change_ge_-0.455,1,False,UNKNOWN,record,563
1.0,-2.045699999999997,20.532799999999995,ResearchRun,GROSS_REFERENCE_PROXY,BLOCK_DATA_FEE_SLIPPAGE_LIQUIDITY,pairwise,0.855,73,132,132,0.06954545454545458,9.180000000000005,OBSERVED_VALUE,all_training_conditions,8.325,0.9720775371442447,0.05349465053494651,FDR_NOT_SIGNIFICANT,current_price_lt_0.5__and__absolute_change_ge_0.05,1,False,UNKNOWN,record,59
,,,ResearchRun,GROSS_REFERENCE_PROXY,BLOCK_DATA_FEE_SLIPPAGE_LIQUIDITY,pairwise,,0,0,0,,0.0,OBSERVED_VALUE,all_training_conditions,0.0,,,ZERO_MATCHES,current_price_lt_0.5__and__absolute_change_ge_0.455,1,False,UNKNOWN,record,0
1.0,-22.997499999999988,25.648099999999996,ResearchRun,GROSS_REFERENCE_PROXY,BLOCK_DATA_FEE_SLIPPAGE_LIQUIDITY,pairwise,0.925,544,783,783,0.0023467432950191798,1.8375000000000177,OBSERVED_VALUE,all_training_conditions,0.912499999999995,0.9720775371442447,0.43655634436556345,FDR_NOT_SIGNIFICANT,current_price_lt_0.5__and__absolute_change_lt_-0.0025,1,False,UNKNOWN,record,239
1.0,-12.697649999999998,11.756624999999996,ResearchRun,GROSS_REFERENCE_PROXY,BLOCK_DATA_FEE_SLIPPAGE_LIQUIDITY,pairwise,0.881,135,193,193,-0.00338082901554406,-0.6525000000000036,OBSERVED_VALUE,all_training_conditions,-1.5334999999999994,0.9720775371442447,0.5354464553544646,FDR_NOT_SIGNIFICANT,current_price_lt_0.5__and__absolute_change_lt_-0.055,1,False,UNKNOWN,record,58
1.0,-20.6565625,51.838387499999996,ResearchRun,GROSS_REFERENCE_PROXY,BLOCK_DATA_FEE_SLIPPAGE_LIQUIDITY,pairwise,0.915,1123,1686,1686,0.009049822064056932,15.257999999999988,OBSERVED_VALUE,all_training_conditions,14.342999999999996,0.9720775371442447,0.2081791820817918,FDR_NOT_SIGNIFICANT,current_price_lt_0.5__and__absolute_change_lt_0.05,1,False,UNKNOWN,record,563
1.0,-20.454049999999995,52.08805,ResearchRun,GROSS_REFERENCE_PROXY,BLOCK_DATA_FEE_SLIPPAGE_LIQUIDITY,pairwise,0.915,1123,1686,1686,0.009049822064056932,15.257999999999988,OBSERVED_VALUE,all_training_conditions,14.342999999999996,0.9720775371442447,0.20157984201579843,FDR_NOT_SIGNIFICANT,current_price_lt_0.5__and__absolute_change_lt_0.455,1,False,UNKNOWN,record,563
1.0,-22.219237499999995,50.060249999999996,ResearchRun,GROSS_REFERENCE_PROXY,BLOCK_DATA_FEE_SLIPPAGE_LIQUIDITY,pairwise,0.925,1122,1673,1673,0.00838194859533771,14.022999999999989,OBSERVED_VALUE,all_training_conditions,13.098,0.9720775371442447,0.23317668233176683,FDR_NOT_SIGNIFICANT,current_price_lt_0.5__and__elapsed_seconds_ge_-23,1,False,UNKNOWN,record,551
1.0,-23.090249999999983,50.12574999999998,ResearchRun,GROSS_REFERENCE_PROXY,BLOCK_DATA_FEE_SLIPPAGE_LIQUIDITY,pairwise,0.925,1122,1673,1673,0.008375971309025697,14.012999999999991,OBSERVED_VALUE,all_training_conditions,13.087999999999996,0.9720775371442447,0.2283771622837716,FDR_NOT_SIGNIFICANT,current_price_lt_0.5__and__elapsed_seconds_ge_-38,1,False,UNKNOWN,record,551
1.0,-20.393237499999998,51.269637499999995,ResearchRun,GROSS_REFERENCE_PROXY,BLOCK_DATA_FEE_SLIPPAGE_LIQUIDITY,pairwise,0.915,1123,1686,1686,0.009049822064056932,15.257999999999988,OBSERVED_VALUE,all_training_conditions,14.342999999999996,0.9720775371442447,0.20857914208579142,FDR_NOT_SIGNIFICANT,current_price_lt_0.5__and__elapsed_seconds_ge_-4388,1,False,UNKNOWN,record,563
1.0,-26.121137499999996,45.3122,ResearchRun,GROSS_REFERENCE_PROXY,BLOCK_DATA_FEE_SLIPPAGE_LIQUIDITY,pairwise,0.925,1128,1676,1676,0.005873806682577572,9.84450000000001,OBSERVED_VALUE,all_training_conditions,8.919499999999994,0.9720775371442447,0.29547045295470453,FDR_NOT_SIGNIFICANT,current_price_lt_0.5__and__elapsed_seconds_ge_-52,1,False,UNKNOWN,record,548
1.0,-21.931674999999984,50.18155,ResearchRun,GROSS_REFERENCE_PROXY,BLOCK_DATA_FEE_SLIPPAGE_LIQUIDITY,pairwise,0.925,1122,1672,1672,0.008327153110047837,13.922999999999984,OBSERVED_VALUE,all_training_conditions,12.998000000000001,0.9720775371442447,0.22947705229477053,FDR_NOT_SIGNIFICANT,current_price_lt_0.5__and__elapsed_seconds_ge_300,1,False,UNKNOWN,record,550
1.0,-22.527074999999993,51.5200375,ResearchRun,GROSS_REFERENCE_PROXY,BLOCK_DATA_FEE_SLIPPAGE_LIQUIDITY,pairwise,0.915,1101,1652,1652,0.008779055690072644,14.503000000000007,OBSERVED_VALUE,all_training_conditions,13.587999999999997,0.9720775371442447,0.2101789821017898,FDR_NOT_SIGNIFICANT,current_price_lt_0.5__and__elapsed_seconds_lt_-23,1,False,UNKNOWN,record,551
1.0,-21.134749999999993,48.93592499999998,ResearchRun,GROSS_REFERENCE_PROXY,BLOCK_DATA_FEE_SLIPPAGE_LIQUIDITY,pairwise,0.915,1057,1585,1585,0.008734384858044156,13.843999999999987,OBSERVED_VALUE,all_training_conditions,12.928999999999995,0.9720775371442447,0.22827717228277172,FDR_NOT_SIGNIFICANT,current_price_lt_0.5__and__elapsed_seconds_lt_-38,1,False,UNKNOWN,record,528
1.0,-21.780312499999983,43.105349999999966,ResearchRun,GROSS_REFERENCE_PROXY,BLOCK_DATA_FEE_SLIPPAGE_LIQUIDITY,pairwise,0.915,887,1330,1330,0.007730451127819556,10.28150000000001,OBSERVED_VALUE,all_training_conditions,9.366500000000002,0.9720775371442447,0.2685731426857314,FDR_NOT_SIGNIFICANT,current_price_lt_0.5__and__elapsed_seconds_lt_-52,1,False,UNKNOWN,record,443
1.0,-20.313912499999976,51.86904999999999,ResearchRun,GROSS_REFERENCE_PROXY,BLOCK_DATA_FEE_SLIPPAGE_LIQUIDITY,pairwise,0.915,1123,1686,1686,0.009049822064056932,15.257999999999988,OBSERVED_VALUE,all_training_conditions,14.342999999999996,0.9720775371442447,0.20887911208879112,FDR_NOT_SIGNIFICANT,current_price_lt_0.5__and__elapsed_seconds_lt_300,1,False,UNKNOWN,record,563
1.0,-17.507787499999996,39.80311249999998,ResearchRun,GROSS_REFERENCE_PROXY,BLOCK_DATA_FEE_SLIPPAGE_LIQUIDITY,pairwise,0.905,683,1031,1031,0.010561105722599409,10.88849999999999,OBSERVED_VALUE,all_training_conditions,9.983500000000003,0.9720775371442447,0.22907709229077092,FDR_NOT_SIGNIFICANT,current_price_lt_0.5__and__level_eq_ATP,1,False,UNKNOWN,record,348
1.0,-18.361625,27.308912499999987,ResearchRun,GROSS_REFERENCE_PROXY,BLOCK_DATA_FEE_SLIPPAGE_LIQUIDITY,pairwise,0.915,440,655,655,0.006670992366412217,4.369500000000002,OBSERVED_VALUE,all_training_conditions,3.4544999999999986,0.9720775371442447,0.34756524347565243,FDR_NOT_SIGNIFICANT,current_price_lt_0.5__and__level_eq_WTA,1,False,UNKNOWN,record,215
1.0,-21.05108749999998,51.31105,ResearchRun,GROSS_REFERENCE_PROXY,BLOCK_DATA_FEE_SLIPPAGE_LIQUIDITY,pairwise,0.915,1123,1686,1686,0.009049822064056932,15.257999999999988,OBSERVED_VALUE,all_training_conditions,14.342999999999996,0.9720775371442447,0.21277872212778723,FDR_NOT_SIGNIFICANT,current_price_lt_0.5__and__path_high_ge_0.0125,1,False,UNKNOWN,record,563
1.0,-12.799874999999991,51.584925,ResearchRun,GROSS_REFERENCE_PROXY,BLOCK_DATA_FEE_SLIPPAGE_LIQUIDITY,pairwise,0.74,691,1162,1162,0.016348106712564495,18.996499999999944,OBSERVED_VALUE,all_training_conditions,18.2565,0.9720775371442447,0.1294870512948705,FDR_NOT_SIGNIFICANT,current_price_lt_0.5__and__path_high_ge_0.2905,1,False,UNKNOWN,record,471
1.0,-10.687662499999991,6.411537499999999,ResearchRun,GROSS_REFERENCE_PROXY,BLOCK_DATA_FEE_SLIPPAGE_LIQUIDITY,pairwise,0.635,49,83,83,-0.027271084337349403,-2.2635000000000005,OBSERVED_VALUE,all_training_conditions,-2.8985000000000003,0.9720775371442447,0.6918308169183082,FDR_NOT_SIGNIFICANT,current_price_lt_0.5__and__path_high_ge_0.51,1,False,UNKNOWN,record,34
,,,ResearchRun,GROSS_REFERENCE_PROXY,BLOCK_DATA_FEE_SLIPPAGE_LIQUIDITY,pairwise,,0,0,0,,0.0,OBSERVED_VALUE,all_training_conditions,0.0,,,ZERO_MATCHES,current_price_lt_0.5__and__path_high_ge_0.7315,1,False,UNKNOWN,record,0
,,,ResearchRun,GROSS_REFERENCE_PROXY,BLOCK_DATA_FEE_SLIPPAGE_LIQUIDITY,pairwise,,0,0,0,,0.0,OBSERVED_VALUE,all_training_conditions,0.0,,,ZERO_MATCHES,current_price_lt_0.5__and__path_high_ge_0.989,1,False,UNKNOWN,record,0
1.0,-24.664512500000004,12.562887499999984,ResearchRun,GROSS_REFERENCE_PROXY,BLOCK_DATA_FEE_SLIPPAGE_LIQUIDITY,pairwise,0.915,492,605,605,-0.01059090909090911,-6.407500000000011,OBSERVED_VALUE,all_training_conditions,-7.3225,0.9720775371442447,0.7456254374562544,FDR_NOT_SIGNIFICANT,current_price_lt_0.5__and__path_high_lt_0.2905,1,False,UNKNOWN,record,113
1.0,-20.58736249999999,52.4460625,ResearchRun,GROSS_REFERENCE_PROXY,BLOCK_DATA_FEE_SLIPPAGE_LIQUIDITY,pairwise,0.915,1123,1686,1686,0.009049822064056932,15.257999999999988,OBSERVED_VALUE,all_training_conditions,14.342999999999996,0.9720775371442447,0.20807919208079192,FDR_NOT_SIGNIFICANT,current_price_lt_0.5__and__path_high_lt_0.51,1,False,UNKNOWN,record,563
1.0,-21.882012500000002,52.043924999999994,ResearchRun,GROSS_REFERENCE_PROXY,BLOCK_DATA_FEE_SLIPPAGE_LIQUIDITY,pairwise,0.915,1123,1686,1686,0.009049822064056932,15.257999999999988,OBSERVED_VALUE,all_training_conditions,14.342999999999996,0.9720775371442447,0.21407859214078592,FDR_NOT_SIGNIFICANT,current_price_lt_0.5__and__path_high_lt_0.7315,1,False,UNKNOWN,record,563
1.0,-20.50539999999998,52.00779999999999,ResearchRun,GROSS_REFERENCE_PROXY,BLOCK_DATA_FEE_SLIPPAGE_LIQUIDITY,pairwise,0.915,1123,1686,1686,0.009049822064056932,15.257999999999988,OBSERVED_VALUE,all_training_conditions,14.342999999999996,0.9720775371442447,0.20827917208279173,FDR_NOT_SIGNIFICANT,current_price_lt_0.5__and__path_high_lt_0.989,1,False,UNKNOWN,record,563
1.0,-21.980849999999997,51.828125,ResearchRun,GROSS_REFERENCE_PROXY,BLOCK_DATA_FEE_SLIPPAGE_LIQUIDITY,pairwise,0.915,1123,1686,1686,0.009049822064056932,15.257999999999988,OBSERVED_VALUE,all_training_conditions,14.342999999999996,0.9720775371442447,0.2091790820917908,FDR_NOT_SIGNIFICANT,current_price_lt_0.5__and__path_low_ge_0.011,1,False,UNKNOWN,record,563
1.0,-13.84555,51.4925375,ResearchRun,GROSS_REFERENCE_PROXY,BLOCK_DATA_FEE_SLIPPAGE_LIQUIDITY,pairwise,0.73,713,1191,1191,0.015656171284634746,18.646499999999982,OBSERVED_VALUE,all_training_conditions,17.916500000000003,0.9720775371442447,0.130986901309869,FDR_NOT_SIGNIFICANT,current_price_lt_0.5__and__path_low_ge_0.2665,1,False,UNKNOWN,record,478
1.0,-4.277500000000001,7.755000000000001,ResearchRun,GROSS_REFERENCE_PROXY,BLOCK_DATA_FEE_SLIPPAGE_LIQUIDITY,pairwise,0.51,20,43,43,0.04046511627906973,1.7399999999999982,OBSERVED_VALUE,all_training_conditions,1.2299999999999995,0.9720775371442447,0.2693730626937306,FDR_NOT_SIGNIFICANT,current_price_lt_0.5__and__path_low_ge_0.49,1,False,UNKNOWN,record,23
,,,ResearchRun,GROSS_REFERENCE_PROXY,BLOCK_DATA_FEE_SLIPPAGE_LIQUIDITY,pairwise,,0,0,0,,0.0,OBSERVED_VALUE,all_training_conditions,0.0,,,ZERO_MATCHES,current_price_lt_0.5__and__path_low_ge_0.7095,1,False,UNKNOWN,record,0
,,,ResearchRun,GROSS_REFERENCE_PROXY,BLOCK_DATA_FEE_SLIPPAGE_LIQUIDITY,pairwise,,0,0,0,,0.0,OBSERVED_VALUE,all_training_conditions,0.0,,,ZERO_MATCHES,current_price_lt_0.5__and__path_low_ge_0.9875,1,False,UNKNOWN,record,0
1.0,-26.9361125,9.297974999999994,ResearchRun,GROSS_REFERENCE_PROXY,BLOCK_DATA_FEE_SLIPPAGE_LIQUIDITY,pairwise,0.915,501,610,610,-0.0154114754098361,-9.401000000000021,OBSERVED_VALUE,all_training_conditions,-10.315999999999999,0.9799762880854771,0.8414158584141586,FDR_NOT_SIGNIFICANT,current_price_lt_0.5__and__path_low_lt_0.2665,1,False,UNKNOWN,record,109
1.0,-22.462749999999996,50.579974999999976,ResearchRun,GROSS_REFERENCE_PROXY,BLOCK_DATA_FEE_SLIPPAGE_LIQUIDITY,pairwise,0.915,1120,1675,1675,0.008249850746268649,13.818499999999986,OBSERVED_VALUE,all_training_conditions,12.903499999999994,0.9720775371442447,0.23637636236376364,FDR_NOT_SIGNIFICANT,current_price_lt_0.5__and__path_low_lt_0.49,1,False,UNKNOWN,record,555
1.0,-20.416949999999996,51.9446,ResearchRun,GROSS_REFERENCE_PROXY,BLOCK_DATA_FEE_SLIPPAGE_LIQUIDITY,pairwise,0.915,1123,1686,1686,0.009049822064056932,15.257999999999988,OBSERVED_VALUE,all_training_conditions,14.342999999999996,0.9720775371442447,0.20557944205579443,FDR_NOT_SIGNIFICANT,current_price_lt_0.5__and__path_low_lt_0.7095,1,False,UNKNOWN,record,563
1.0,-20.787637499999995,51.64411249999999,ResearchRun,GROSS_REFERENCE_PROXY,BLOCK_DATA_FEE_SLIPPAGE_LIQUIDITY,pairwise,0.915,1123,1686,1686,0.009049822064056932,15.257999999999988,OBSERVED_VALUE,all_training_conditions,14.342999999999996,0.9720775371442447,0.20507949205079493,FDR_NOT_SIGNIFICANT,current_price_lt_0.5__and__path_low_lt_0.9875,1,False,UNKNOWN,record,563
1.0,-21.42277499999997,51.572849999999974,ResearchRun,GROSS_REFERENCE_PROXY,BLOCK_DATA_FEE_SLIPPAGE_LIQUIDITY,pairwise,0.925,1117,1666,1666,0.008897358943577415,14.822999999999974,OBSERVED_VALUE,all_training_conditions,13.898000000000003,0.9720775371442447,0.21377862213778623,FDR_NOT_SIGNIFICANT,current_price_lt_0.5__and__realized_volatility_ge_0,1,False,UNKNOWN,record,549
1.0,-18.139962499999996,43.86655,ResearchRun,GROSS_REFERENCE_PROXY,BLOCK_DATA_FEE_SLIPPAGE_LIQUIDITY,pairwise,0.925,864,1266,1266,0.010502369668246428,13.295999999999978,OBSERVED_VALUE,all_training_conditions,12.370999999999999,0.9720775371442447,0.20567943205679431,FDR_NOT_SIGNIFICANT,current_price_lt_0.5__and__realized_volatility_ge_0.0138682417455,1,False,UNKNOWN,record,402
1.0,-10.928187499999991,41.570274999999995,ResearchRun,GROSS_REFERENCE_PROXY,BLOCK_DATA_FEE_SLIPPAGE_LIQUIDITY,pairwise,0.925,639,930,930,0.016719892473118284,15.549500000000005,OBSERVED_VALUE,all_training_conditions,14.624500000000003,0.9720775371442447,0.12418758124187582,FDR_NOT_SIGNIFICANT,current_price_lt_0.5__and__realized_volatility_ge_0.0332983334177,1,False,UNKNOWN,record,291
1.0,-21.675174999999996,17.68449999999999,ResearchRun,GROSS_REFERENCE_PROXY,BLOCK_DATA_FEE_SLIPPAGE_LIQUIDITY,pairwise,0.925,417,577,577,-0.0039280762564991275,-2.2664999999999966,OBSERVED_VALUE,all_training_conditions,-3.1914999999999987,0.9720775371442447,0.58994100589941,FDR_NOT_SIGNIFICANT,current_price_lt_0.5__and__realized_volatility_ge_0.0694710322181,1,False,UNKNOWN,record,160
1.0,-0.0795,-0.0795,ResearchRun,GROSS_REFERENCE_PROXY,BLOCK_DATA_FEE_SLIPPAGE_LIQUIDITY,pairwise,-0.0795,1,1,1,-0.0795,-0.0795,OBSERVED_VALUE,all_training_conditions,0.0,1.0,1.0,FDR_NOT_SIGNIFICANT,current_price_lt_0.5__and__realized_volatility_ge_2.32041788338,1,False,UNKNOWN,record,0
1.0,-17.286424999999987,20.122362499999983,ResearchRun,GROSS_REFERENCE_PROXY,BLOCK_DATA_FEE_SLIPPAGE_LIQUIDITY,pairwise,0.835,253,400,400,0.003817500000000024,1.5270000000000097,OBSERVED_VALUE,all_training_conditions,0.6919999999999993,0.9720775371442447,0.43425657434256576,FDR_NOT_SIGNIFICANT,current_price_lt_0.5__and__realized_volatility_lt_0.0138682417455,1,False,UNKNOWN,record,147
1.0,-25.56766249999999,23.920874999999995,ResearchRun,GROSS_REFERENCE_PROXY,BLOCK_DATA_FEE_SLIPPAGE_LIQUIDITY,pairwise,0.91,478,736,736,-0.000987092391304342,-0.7264999999999957,OBSERVED_VALUE,all_training_conditions,-1.6365000000000034,0.9720775371442447,0.5165483451654834,FDR_NOT_SIGNIFICANT,current_price_lt_0.5__and__realized_volatility_lt_0.0332983334177,1,False,UNKNOWN,record,258
1.0,-12.644225,47.979274999999994,ResearchRun,GROSS_REFERENCE_PROXY,BLOCK_DATA_FEE_SLIPPAGE_LIQUIDITY,pairwise,0.91,700,1089,1089,0.015692837465564713,17.089499999999973,OBSERVED_VALUE,all_training_conditions,16.1795,0.9720775371442447,0.13458654134586542,FDR_NOT_SIGNIFICANT,current_price_lt_0.5__and__realized_volatility_lt_0.0694710322181,1,False,UNKNOWN,record,389
1.0,-21.9115875,51.39469999999999,ResearchRun,GROSS_REFERENCE_PROXY,BLOCK_DATA_FEE_SLIPPAGE_LIQUIDITY,pairwise,0.925,1116,1665,1665,0.008950450450450434,14.902499999999973,OBSERVED_VALUE,all_training_conditions,13.977500000000003,0.9720775371442447,0.206979302069793,FDR_NOT_SIGNIFICANT,current_price_lt_0.5__and__realized_volatility_lt_2.32041788338,1,False,UNKNOWN,record,549
1.0,-21.350899999999996,51.79322499999998,ResearchRun,GROSS_REFERENCE_PROXY,BLOCK_DATA_FEE_SLIPPAGE_LIQUIDITY,pairwise,0.915,1123,1686,1686,0.009049822064056932,15.257999999999988,OBSERVED_VALUE,all_training_conditions,14.342999999999996,0.9720775371442447,0.2091790820917908,FDR_NOT_SIGNIFICANT,current_price_lt_0.5__and__relative_change_ge_-0.00186219739292,1,False,UNKNOWN,record,563
1.0,-21.672899999999988,51.088787499999995,ResearchRun,GROSS_REFERENCE_PROXY,BLOCK_DATA_FEE_SLIPPAGE_LIQUIDITY,pairwise,0.915,1123,1686,1686,0.009049822064056932,15.257999999999988,OBSERVED_VALUE,all_training_conditions,14.342999999999996,0.9720775371442447,0.20727927207279273,FDR_NOT_SIGNIFICANT,current_price_lt_0.5__and__relative_change_ge_-0.0747663551402,1,False,UNKNOWN,record,563
1.0,-20.17075,51.05376249999998,ResearchRun,GROSS_REFERENCE_PROXY,BLOCK_DATA_FEE_SLIPPAGE_LIQUIDITY,pairwise,0.915,1123,1686,1686,0.009049822064056932,15.257999999999988,OBSERVED_VALUE,all_training_conditions,14.342999999999996,0.9720775371442447,0.21087891210878912,FDR_NOT_SIGNIFICANT,current_price_lt_0.5__and__relative_change_ge_-0.708333333333,1,False,UNKNOWN,record,563
1.0,-6.561949999999995,22.862674999999985,ResearchRun,GROSS_REFERENCE_PROXY,BLOCK_DATA_FEE_SLIPPAGE_LIQUIDITY,pairwise,0.895,174,271,271,0.028928044280442808,7.839500000000001,OBSERVED_VALUE,all_training_conditions,6.9445,0.9720775371442447,0.146985301469853,FDR_NOT_SIGNIFICANT,current_price_lt_0.5__and__relative_change_ge_0.0633802816901,1,False,UNKNOWN,record,97
1.0,-0.038,-0.038,ResearchRun,GROSS_REFERENCE_PROXY,BLOCK_DATA_FEE_SLIPPAGE_LIQUIDITY,pairwise,-0.038,1,1,1,-0.038,-0.038,OBSERVED_VALUE,all_training_conditions,0.0,1.0,1.0,FDR_NOT_SIGNIFICANT,current_price_lt_0.5__and__relative_change_ge_1.81481481481,1,False,UNKNOWN,record,0
1.0,-22.322399999999995,26.2446125,ResearchRun,GROSS_REFERENCE_PROXY,BLOCK_DATA_FEE_SLIPPAGE_LIQUIDITY,pairwise,0.925,547,787,787,0.0025260482846251827,1.9880000000000186,OBSERVED_VALUE,all_training_conditions,1.0629999999999995,0.9720775371442447,0.44195580441955806,FDR_NOT_SIGNIFICANT,current_price_lt_0.5__and__relative_change_lt_-0.00186219739292,1,False,UNKNOWN,record,240
1.0,-11.686162499999998,21.897012499999995,ResearchRun,GROSS_REFERENCE_PROXY,BLOCK_DATA_FEE_SLIPPAGE_LIQUIDITY,pairwise,0.925,292,406,406,0.012524630541871905,5.084999999999994,OBSERVED_VALUE,all_training_conditions,4.160000000000001,0.9720775371442447,0.27407259274072593,FDR_NOT_SIGNIFICANT,current_price_lt_0.5__and__relative_change_lt_-0.0747663551402,1,False,UNKNOWN,record,114
1.0,-21.175337499999994,52.562662499999966,ResearchRun,GROSS_REFERENCE_PROXY,BLOCK_DATA_FEE_SLIPPAGE_LIQUIDITY,pairwise,0.915,1123,1686,1686,0.009049822064056932,15.257999999999988,OBSERVED_VALUE,all_training_conditions,14.342999999999996,0.9720775371442447,0.20637936206379362,FDR_NOT_SIGNIFICANT,current_price_lt_0.5__and__relative_change_lt_0.0633802816901,1,False,UNKNOWN,record,563
1.0,-21.87928749999999,51.79535,ResearchRun,GROSS_REFERENCE_PROXY,BLOCK_DATA_FEE_SLIPPAGE_LIQUIDITY,pairwise,0.915,1123,1686,1686,0.009049822064056932,15.257999999999988,OBSERVED_VALUE,all_training_conditions,14.342999999999996,0.9720775371442447,0.20807919208079192,FDR_NOT_SIGNIFICANT,current_price_lt_0.5__and__relative_change_lt_1.81481481481,1,False,UNKNOWN,record,563
1.0,-60.72591249999999,12.858824999999978,ResearchRun,GROSS_REFERENCE_PROXY,BLOCK_DATA_FEE_SLIPPAGE_LIQUIDITY,market_level,0.915,910,1686,1686,-0.014162514827995253,-23.877999999999997,OBSERVED_VALUE,all_training_conditions,-24.792999999999992,0.9799762880854771,0.8963103689631037,FDR_NOT_SIGNIFICANT,current_price_lt_0.725,1,False,UNKNOWN,record,776
1.0,-60.48482500000001,13.180287499999988,ResearchRun,GROSS_REFERENCE_PROXY,BLOCK_DATA_FEE_SLIPPAGE_LIQUIDITY,pairwise,0.915,910,1686,1686,-0.014162514827995253,-23.877999999999997,OBSERVED_VALUE,all_training_conditions,-24.792999999999992,0.9799762880854771,0.8953104689531047,FDR_NOT_SIGNIFICANT,current_price_lt_0.725__and__absolute_change_ge_-0.0025,1,False,UNKNOWN,record,776
1.0,-59.558962499999986,12.396087500000002,ResearchRun,GROSS_REFERENCE_PROXY,BLOCK_DATA_FEE_SLIPPAGE_LIQUIDITY,pairwise,0.915,910,1686,1686,-0.014162514827995253,-23.877999999999997,OBSERVED_VALUE,all_training_conditions,-24.792999999999992,0.9799762880854771,0.9018098190180982,FDR_NOT_SIGNIFICANT,current_price_lt_0.725__and__absolute_change_ge_-0.055,1,False,UNKNOWN,record,776
1.0,-60.205625,12.276774999999999,ResearchRun,GROSS_REFERENCE_PROXY,BLOCK_DATA_FEE_SLIPPAGE_LIQUIDITY,pairwise,0.915,910,1686,1686,-0.014162514827995253,-23.877999999999997,OBSERVED_VALUE,all_training_conditions,-24.792999999999992,0.9799762880854771,0.9009099090090991,FDR_NOT_SIGNIFICANT,current_price_lt_0.725__and__absolute_change_ge_-0.455,1,False,UNKNOWN,record,776
1.0,-11.666687499999997,19.617449999999987,ResearchRun,GROSS_REFERENCE_PROXY,BLOCK_DATA_FEE_SLIPPAGE_LIQUIDITY,pairwise,0.855,130,265,265,0.015235849056603766,4.037499999999998,OBSERVED_VALUE,all_training_conditions,3.1825000000000014,0.9720775371442447,0.30746925307469253,FDR_NOT_SIGNIFICANT,current_price_lt_0.725__and__absolute_change_ge_0.05,1,False,UNKNOWN,record,135
,,,ResearchRun,GROSS_REFERENCE_PROXY,BLOCK_DATA_FEE_SLIPPAGE_LIQUIDITY,pairwise,,0,0,0,,0.0,OBSERVED_VALUE,all_training_conditions,0.0,,,ZERO_MATCHES,current_price_lt_0.725__and__absolute_change_ge_0.455,1,False,UNKNOWN,record,0
1.0,-44.3125375,18.697637499999995,ResearchRun,GROSS_REFERENCE_PROXY,BLOCK_DATA_FEE_SLIPPAGE_LIQUIDITY,pairwise,0.925,738,1235,1235,-0.009816194331983817,-12.123000000000015,OBSERVED_VALUE,all_training_conditions,-13.048000000000002,0.9720775371442447,0.7748225177482252,FDR_NOT_SIGNIFICANT,current_price_lt_0.725__and__absolute_change_lt_-0.0025,1,False,UNKNOWN,record,497
1.0,-22.140212499999997,9.120924999999987,ResearchRun,GROSS_REFERENCE_PROXY,BLOCK_DATA_FEE_SLIPPAGE_LIQUIDITY,pairwise,0.881,181,291,291,-0.02219072164948454,-6.4575000000000005,OBSERVED_VALUE,all_training_conditions,-7.338500000000001,0.9720775371442447,0.795920407959204,FDR_NOT_SIGNIFICANT,current_price_lt_0.725__and__absolute_change_lt_-0.055,1,False,UNKNOWN,record,110
1.0,-60.61926249999999,11.808087500000005,ResearchRun,GROSS_REFERENCE_PROXY,BLOCK_DATA_FEE_SLIPPAGE_LIQUIDITY,pairwise,0.915,910,1686,1686,-0.014162514827995253,-23.877999999999997,OBSERVED_VALUE,all_training_conditions,-24.792999999999992,0.9799762880854771,0.8962103789621038,FDR_NOT_SIGNIFICANT,current_price_lt_0.725__and__absolute_change_lt_0.05,1,False,UNKNOWN,record,776
1.0,-60.44264999999999,12.913087499999985,ResearchRun,GROSS_REFERENCE_PROXY,BLOCK_DATA_FEE_SLIPPAGE_LIQUIDITY,pairwise,0.915,910,1686,1686,-0.014162514827995253,-23.877999999999997,OBSERVED_VALUE,all_training_conditions,-24.792999999999992,0.9799762880854771,0.8998100189981002,FDR_NOT_SIGNIFICANT,current_price_lt_0.725__and__absolute_change_lt_0.455,1,False,UNKNOWN,record,776
1.0,-64.98092499999998,7.8630125000000035,ResearchRun,GROSS_REFERENCE_PROXY,BLOCK_DATA_FEE_SLIPPAGE_LIQUIDITY,pairwise,0.925,926,1684,1684,-0.017189133016627053,-28.946499999999958,OBSERVED_VALUE,all_training_conditions,-29.871499999999994,0.9830077598300776,0.9384061593840616,FDR_NOT_SIGNIFICANT,current_price_lt_0.725__and__elapsed_seconds_ge_-23,1,False,UNKNOWN,record,758
1.0,-65.5529125,6.882637499999991,ResearchRun,GROSS_REFERENCE_PROXY,BLOCK_DATA_FEE_SLIPPAGE_LIQUIDITY,pairwise,0.925,927,1684,1684,-0.017682007125890707,-29.776499999999952,OBSERVED_VALUE,all_training_conditions,-30.7015,0.9830077598300776,0.9443055694430557,FDR_NOT_SIGNIFICANT,current_price_lt_0.725__and__elapsed_seconds_ge_-38,1,False,UNKNOWN,record,757
1.0,-60.4022625,13.32171249999999,ResearchRun,GROSS_REFERENCE_PROXY,BLOCK_DATA_FEE_SLIPPAGE_LIQUIDITY,pairwise,0.915,910,1686,1686,-0.014162514827995253,-23.877999999999997,OBSERVED_VALUE,all_training_conditions,-24.792999999999992,0.9799762880854771,0.8972102789721028,FDR_NOT_SIGNIFICANT,current_price_lt_0.725__and__elapsed_seconds_ge_-4388,1,False,UNKNOWN,record,776
1.0,-58.8846125,12.664525000000003,ResearchRun,GROSS_REFERENCE_PROXY,BLOCK_DATA_FEE_SLIPPAGE_LIQUIDITY,pairwise,0.925,920,1686,1686,-0.013619810201660715,-22.962999999999965,OBSERVED_VALUE,all_training_conditions,-23.888,0.9799762880854771,0.8916108389161084,FDR_NOT_SIGNIFICANT,current_price_lt_0.725__and__elapsed_seconds_ge_-52,1,False,UNKNOWN,record,766
1.0,-64.68593749999998,7.094224999999981,ResearchRun,GROSS_REFERENCE_PROXY,BLOCK_DATA_FEE_SLIPPAGE_LIQUIDITY,pairwise,0.925,927,1684,1684,-0.016969418052256522,-28.57649999999998,OBSERVED_VALUE,all_training_conditions,-29.501499999999997,0.9830077598300776,0.9358064193580642,FDR_NOT_SIGNIFICANT,current_price_lt_0.725__and__elapsed_seconds_ge_300,1,False,UNKNOWN,record,757
1.0,-58.97188749999999,14.200387499999977,ResearchRun,GROSS_REFERENCE_PROXY,BLOCK_DATA_FEE_SLIPPAGE_LIQUIDITY,pairwise,0.915,893,1652,1652,-0.013760895883777236,-22.732999999999993,OBSERVED_VALUE,all_training_conditions,-23.647999999999996,0.9799762880854771,0.8895110488951105,FDR_NOT_SIGNIFICANT,current_price_lt_0.725__and__elapsed_seconds_lt_-23,1,False,UNKNOWN,record,759
1.0,-54.217999999999996,17.612687499999993,ResearchRun,GROSS_REFERENCE_PROXY,BLOCK_DATA_FEE_SLIPPAGE_LIQUIDITY,pairwise,0.915,852,1585,1585,-0.011294637223974748,-17.901999999999976,OBSERVED_VALUE,all_training_conditions,-18.816999999999993,0.9799762880854771,0.834016598340166,FDR_NOT_SIGNIFICANT,current_price_lt_0.725__and__elapsed_seconds_lt_-38,1,False,UNKNOWN,record,733
1.0,-47.1598125,17.81464999999997,ResearchRun,GROSS_REFERENCE_PROXY,BLOCK_DATA_FEE_SLIPPAGE_LIQUIDITY,pairwise,0.915,715,1330,1330,-0.011244736842105245,-14.955499999999976,OBSERVED_VALUE,all_training_conditions,-15.870499999999996,0.979364088907565,0.8144185581441856,FDR_NOT_SIGNIFICANT,current_price_lt_0.725__and__elapsed_seconds_lt_-52,1,False,UNKNOWN,record,615
1.0,-60.454125000000005,13.708387499999981,ResearchRun,GROSS_REFERENCE_PROXY,BLOCK_DATA_FEE_SLIPPAGE_LIQUIDITY,pairwise,0.915,910,1686,1686,-0.014162514827995253,-23.877999999999997,OBSERVED_VALUE,all_training_conditions,-24.792999999999992,0.9799762880854771,0.902009799020098,FDR_NOT_SIGNIFICANT,current_price_lt_0.725__and__elapsed_seconds_lt_300,1,False,UNKNOWN,record,776
1.0,-46.24852499999999,11.3821125,ResearchRun,GROSS_REFERENCE_PROXY,BLOCK_DATA_FEE_SLIPPAGE_LIQUIDITY,pairwise,0.905,554,1031,1031,-0.01689961202715809,-17.42349999999999,OBSERVED_VALUE,all_training_conditions,-18.3285,0.9799762880854771,0.8775122487751225,FDR_NOT_SIGNIFICANT,current_price_lt_0.725__and__level_eq_ATP,1,False,UNKNOWN,record,477
1.0,-28.526549999999997,15.948737499999952,ResearchRun,GROSS_REFERENCE_PROXY,BLOCK_DATA_FEE_SLIPPAGE_LIQUIDITY,pairwise,0.915,356,655,655,-0.009854198473282448,-6.454500000000003,OBSERVED_VALUE,all_training_conditions,-7.369500000000002,0.9720775371442447,0.714028597140286,FDR_NOT_SIGNIFICANT,current_price_lt_0.725__and__level_eq_WTA,1,False,UNKNOWN,record,299
1.0,-60.12409999999999,12.840762499999995,ResearchRun,GROSS_REFERENCE_PROXY,BLOCK_DATA_FEE_SLIPPAGE_LIQUIDITY,pairwise,0.915,910,1686,1686,-0.014162514827995253,-23.877999999999997,OBSERVED_VALUE,all_training_conditions,-24.792999999999992,0.9799762880854771,0.8978102189781022,FDR_NOT_SIGNIFICANT,current_price_lt_0.725__and__path_high_ge_0.0125,1,False,UNKNOWN,record,776
1.0,-54.48149999999998,10.718724999999978,ResearchRun,GROSS_REFERENCE_PROXY,BLOCK_DATA_FEE_SLIPPAGE_LIQUIDITY,pairwise,0.74,497,1210,1210,-0.017948347107437975,-21.717499999999948,OBSERVED_VALUE,all_training_conditions,-22.4575,0.9799762880854771,0.9014098590140985,FDR_NOT_SIGNIFICANT,current_price_lt_0.725__and__path_high_ge_0.2905,1,False,UNKNOWN,record,713
1.0,-56.644099999999995,8.824862499999997,ResearchRun,GROSS_REFERENCE_PROXY,BLOCK_DATA_FEE_SLIPPAGE_LIQUIDITY,pairwise,-0.72,482,1187,1187,-0.0198176074136478,-23.523499999999938,OBSERVED_VALUE,all_training_conditions,-22.8035,0.9830077598300776,0.918008199180082,FDR_NOT_SIGNIFICANT,current_price_lt_0.725__and__path_high_ge_0.51,1,False,UNKNOWN,record,705
1.0,-10.739999999999998,3.4102499999999973,ResearchRun,GROSS_REFERENCE_PROXY,BLOCK_DATA_FEE_SLIPPAGE_LIQUIDITY,pairwise,-0.72,22,58,58,-0.06094827586206892,-3.5349999999999975,OBSERVED_VALUE,all_training_conditions,-2.8149999999999986,0.9799762880854771,0.8312168783121687,FDR_NOT_SIGNIFICANT,current_price_lt_0.725__and__path_high_ge_0.7315,1,False,UNKNOWN,record,36
,,,ResearchRun,GROSS_REFERENCE_PROXY,BLOCK_DATA_FEE_SLIPPAGE_LIQUIDITY,pairwise,,0,0,0,,0.0,OBSERVED_VALUE,all_training_conditions,0.0,,,ZERO_MATCHES,current_price_lt_0.725__and__path_high_ge_0.989,1,False,UNKNOWN,record,0
1.0,-24.609175,12.679687499999995,ResearchRun,GROSS_REFERENCE_PROXY,BLOCK_DATA_FEE_SLIPPAGE_LIQUIDITY,pairwise,0.915,492,605,605,-0.01059090909090911,-6.407500000000011,OBSERVED_VALUE,all_training_conditions,-7.3225,0.9720775371442447,0.7515248475152485,FDR_NOT_SIGNIFICANT,current_price_lt_0.725__and__path_high_lt_0.2905,1,False,UNKNOWN,record,113
1.0,-21.07561249999999,51.491825000000006,ResearchRun,GROSS_REFERENCE_PROXY,BLOCK_DATA_FEE_SLIPPAGE_LIQUIDITY,pairwise,0.915,1123,1686,1686,0.008871886120996444,14.958000000000006,OBSERVED_VALUE,all_training_conditions,14.043,0.9720775371442447,0.21597840215978403,FDR_NOT_SIGNIFICANT,current_price_lt_0.725__and__path_high_lt_0.51,1,False,UNKNOWN,record,563
1.0,-60.58551249999999,11.87719999999999,ResearchRun,GROSS_REFERENCE_PROXY,BLOCK_DATA_FEE_SLIPPAGE_LIQUIDITY,pairwise,0.915,910,1686,1686,-0.014162514827995253,-23.877999999999997,OBSERVED_VALUE,all_training_conditions,-24.792999999999992,0.9799762880854771,0.899010098990101,FDR_NOT_SIGNIFICANT,current_price_lt_0.725__and__path_high_lt_0.7315,1,False,UNKNOWN,record,776
1.0,-61.015525,13.350137499999988,ResearchRun,GROSS_REFERENCE_PROXY,BLOCK_DATA_FEE_SLIPPAGE_LIQUIDITY,pairwise,0.915,910,1686,1686,-0.014162514827995253,-23.877999999999997,OBSERVED_VALUE,all_training_conditions,-24.792999999999992,0.9799762880854771,0.8918108189181082,FDR_NOT_SIGNIFICANT,current_price_lt_0.725__and__path_high_lt_0.989,1,False,UNKNOWN,record,776
1.0,-60.21014999999999,12.853049999999998,ResearchRun,GROSS_REFERENCE_PROXY,BLOCK_DATA_FEE_SLIPPAGE_LIQUIDITY,pairwise,0.915,910,1686,1686,-0.014162514827995253,-23.877999999999997,OBSERVED_VALUE,all_training_conditions,-24.792999999999992,0.9799762880854771,0.9019098090190981,FDR_NOT_SIGNIFICANT,current_price_lt_0.725__and__path_low_ge_0.011,1,False,UNKNOWN,record,776
1.0,-51.09912499999999,15.650274999999997,ResearchRun,GROSS_REFERENCE_PROXY,BLOCK_DATA_FEE_SLIPPAGE_LIQUIDITY,pairwise,0.73,505,1219,1219,-0.014737079573420788,-17.96449999999994,OBSERVED_VALUE,all_training_conditions,-18.694499999999998,0.9799762880854771,0.8514148585141486,FDR_NOT_SIGNIFICANT,current_price_lt_0.725__and__path_low_ge_0.2665,1,False,UNKNOWN,record,714
1.0,-54.62255,11.0197625,ResearchRun,GROSS_REFERENCE_PROXY,BLOCK_DATA_FEE_SLIPPAGE_LIQUIDITY,pairwise,-0.72,483,1192,1192,-0.018165268456375793,-21.652999999999945,OBSERVED_VALUE,all_training_conditions,-20.933,0.9799762880854771,0.9026097390260974,FDR_NOT_SIGNIFICANT,current_price_lt_0.725__and__path_low_ge_0.49,1,False,UNKNOWN,record,709
1.0,-9.122537499999998,6.887587500000002,ResearchRun,GROSS_REFERENCE_PROXY,BLOCK_DATA_FEE_SLIPPAGE_LIQUIDITY,pairwise,-0.72,23,77,77,-0.01431168831168827,-1.1019999999999968,OBSERVED_VALUE,all_training_conditions,-0.38199999999999723,0.9720775371442447,0.6156384361563844,FDR_NOT_SIGNIFICANT,current_price_lt_0.725__and__path_low_ge_0.7095,1,False,UNKNOWN,record,54
,,,ResearchRun,GROSS_REFERENCE_PROXY,BLOCK_DATA_FEE_SLIPPAGE_LIQUIDITY,pairwise,,0,0,0,,0.0,OBSERVED_VALUE,all_training_conditions,0.0,,,ZERO_MATCHES,current_price_lt_0.725__and__path_low_ge_0.9875,1,False,UNKNOWN,record,0
1.0,-27.28325,9.373037499999997,ResearchRun,GROSS_REFERENCE_PROXY,BLOCK_DATA_FEE_SLIPPAGE_LIQUIDITY,pairwise,0.915,501,610,610,-0.0154114754098361,-9.401000000000021,OBSERVED_VALUE,all_training_conditions,-10.315999999999999,0.9799762880854771,0.8432156784321568,FDR_NOT_SIGNIFICANT,current_price_lt_0.725__and__path_low_lt_0.2665,1,False,UNKNOWN,record,109
1.0,-22.9725125,49.0983,ResearchRun,GROSS_REFERENCE_PROXY,BLOCK_DATA_FEE_SLIPPAGE_LIQUIDITY,pairwise,0.915,1121,1676,1676,0.007591587112171836,12.723499999999998,OBSERVED_VALUE,all_training_conditions,11.808499999999999,0.9720775371442447,0.24907509249075094,FDR_NOT_SIGNIFICANT,current_price_lt_0.725__and__path_low_lt_0.49,1,False,UNKNOWN,record,555
1.0,-65.71822499999999,6.423212499999999,ResearchRun,GROSS_REFERENCE_PROXY,BLOCK_DATA_FEE_SLIPPAGE_LIQUIDITY,pairwise,0.915,941,1686,1686,-0.017469750889679697,-29.453999999999972,OBSERVED_VALUE,all_training_conditions,-30.368999999999993,0.9830077598300776,0.9458054194580542,FDR_NOT_SIGNIFICANT,current_price_lt_0.725__and__path_low_lt_0.7095,1,False,UNKNOWN,record,745
1.0,-60.47888749999999,12.833037499999998,ResearchRun,GROSS_REFERENCE_PROXY,BLOCK_DATA_FEE_SLIPPAGE_LIQUIDITY,pairwise,0.915,910,1686,1686,-0.014162514827995253,-23.877999999999997,OBSERVED_VALUE,all_training_conditions,-24.792999999999992,0.9799762880854771,0.8994100589941005,FDR_NOT_SIGNIFICANT,current_price_lt_0.725__and__path_low_lt_0.9875,1,False,UNKNOWN,record,776
1.0,-64.9887375,6.11518749999999,ResearchRun,GROSS_REFERENCE_PROXY,BLOCK_DATA_FEE_SLIPPAGE_LIQUIDITY,pairwise,0.925,924,1678,1678,-0.01706585220500595,-28.636499999999984,OBSERVED_VALUE,all_training_conditions,-29.561499999999988,0.9830077598300776,0.9397060293970603,FDR_NOT_SIGNIFICANT,current_price_lt_0.725__and__realized_volatility_ge_0,1,False,UNKNOWN,record,754
1.0,-67.04289999999996,-4.670375000000018,ResearchRun,GROSS_REFERENCE_PROXY,BLOCK_DATA_FEE_SLIPPAGE_LIQUIDITY,pairwise,0.925,781,1276,1276,-0.028115595611285252,-35.87549999999998,OBSERVED_VALUE,all_training_conditions,-36.80049999999999,1.0,0.9889011098890111,FDR_NOT_SIGNIFICANT,current_price_lt_0.725__and__realized_volatility_ge_0.0138682417455,1,False,UNKNOWN,record,495
1.0,-34.12365,18.41693749999999,ResearchRun,GROSS_REFERENCE_PROXY,BLOCK_DATA_FEE_SLIPPAGE_LIQUIDITY,pairwise,0.925,584,936,936,-0.008969017094017111,-8.395000000000016,OBSERVED_VALUE,all_training_conditions,-9.320000000000002,0.9720775371442447,0.7343265673432656,FDR_NOT_SIGNIFICANT,current_price_lt_0.725__and__realized_volatility_ge_0.0332983334177,1,False,UNKNOWN,record,352
1.0,-18.419699999999988,22.840574999999998,ResearchRun,GROSS_REFERENCE_PROXY,BLOCK_DATA_FEE_SLIPPAGE_LIQUIDITY,pairwise,0.925,396,583,583,0.003933104631217834,2.292999999999997,OBSERVED_VALUE,all_training_conditions,1.368000000000001,0.9720775371442447,0.41575842415758424,FDR_NOT_SIGNIFICANT,current_price_lt_0.725__and__realized_volatility_ge_0.0694710322181,1,False,UNKNOWN,record,187
1.0,-0.0795,-0.0795,ResearchRun,GROSS_REFERENCE_PROXY,BLOCK_DATA_FEE_SLIPPAGE_LIQUIDITY,pairwise,-0.0795,1,1,1,-0.0795,-0.0795,OBSERVED_VALUE,all_training_conditions,0.0,1.0,1.0,FDR_NOT_SIGNIFICANT,current_price_lt_0.725__and__realized_volatility_ge_2.32041788338,1,False,UNKNOWN,record,0
1.0,-13.268712500000001,29.998974999999994,ResearchRun,GROSS_REFERENCE_PROXY,BLOCK_DATA_FEE_SLIPPAGE_LIQUIDITY,pairwise,0.835,230,540,540,0.01567962962962963,8.467,OBSERVED_VALUE,all_training_conditions,7.631999999999999,0.9720775371442447,0.21547845215478453,FDR_NOT_SIGNIFICANT,current_price_lt_0.725__and__realized_volatility_lt_0.0138682417455,1,False,UNKNOWN,record,310
1.0,-35.347687499999985,19.9195,ResearchRun,GROSS_REFERENCE_PROXY,BLOCK_DATA_FEE_SLIPPAGE_LIQUIDITY,pairwise,0.91,418,881,881,-0.009317820658342794,-8.209000000000001,OBSERVED_VALUE,all_training_conditions,-9.119000000000002,0.9720775371442447,0.7226277372262774,FDR_NOT_SIGNIFICANT,current_price_lt_0.725__and__realized_volatility_lt_0.0332983334177,1,False,UNKNOWN,record,463
1.0,-57.12212499999999,9.076462499999987,ResearchRun,GROSS_REFERENCE_PROXY,BLOCK_DATA_FEE_SLIPPAGE_LIQUIDITY,pairwise,0.91,643,1287,1287,-0.018688422688422655,-24.051999999999957,OBSERVED_VALUE,all_training_conditions,-24.962,0.9830077598300776,0.9205079492050795,FDR_NOT_SIGNIFICANT,current_price_lt_0.725__and__realized_volatility_lt_0.0694710322181,1,False,UNKNOWN,record,644
1.0,-64.77859999999995,7.688362499999982,ResearchRun,GROSS_REFERENCE_PROXY,BLOCK_DATA_FEE_SLIPPAGE_LIQUIDITY,pairwise,0.925,923,1677,1677,-0.01702862254025044,-28.556999999999988,OBSERVED_VALUE,all_training_conditions,-29.48199999999999,0.9830077598300776,0.9374062593740626,FDR_NOT_SIGNIFICANT,current_price_lt_0.725__and__realized_volatility_lt_2.32041788338,1,False,UNKNOWN,record,754
1.0,-60.8025,12.730387499999992,ResearchRun,GROSS_REFERENCE_PROXY,BLOCK_DATA_FEE_SLIPPAGE_LIQUIDITY,pairwise,0.915,910,1686,1686,-0.014162514827995253,-23.877999999999997,OBSERVED_VALUE,all_training_conditions,-24.792999999999992,0.9799762880854771,0.9001099890010998,FDR_NOT_SIGNIFICANT,current_price_lt_0.725__and__relative_change_ge_-0.00186219739292,1,False,UNKNOWN,record,776
1.0,-59.70307499999999,12.782362499999998,ResearchRun,GROSS_REFERENCE_PROXY,BLOCK_DATA_FEE_SLIPPAGE_LIQUIDITY,pairwise,0.915,910,1686,1686,-0.014162514827995253,-23.877999999999997,OBSERVED_VALUE,all_training_conditions,-24.792999999999992,0.9799762880854771,0.8984101589841016,FDR_NOT_SIGNIFICANT,current_price_lt_0.725__and__relative_change_ge_-0.0747663551402,1,False,UNKNOWN,record,776
1.0,-59.88354999999999,12.110399999999983,ResearchRun,GROSS_REFERENCE_PROXY,BLOCK_DATA_FEE_SLIPPAGE_LIQUIDITY,pairwise,0.915,910,1686,1686,-0.014162514827995253,-23.877999999999997,OBSERVED_VALUE,all_training_conditions,-24.792999999999992,0.9799762880854771,0.8984101589841016,FDR_NOT_SIGNIFICANT,current_price_lt_0.725__and__relative_change_ge_-0.708333333333,1,False,UNKNOWN,record,776
1.0,-18.687149999999995,19.62436249999998,ResearchRun,GROSS_REFERENCE_PROXY,BLOCK_DATA_FEE_SLIPPAGE_LIQUIDITY,pairwise,0.895,247,437,437,0.001594965675057199,0.696999999999996,OBSERVED_VALUE,all_training_conditions,-0.19799999999999907,0.9720775371442447,0.46785321467853214,FDR_NOT_SIGNIFICANT,current_price_lt_0.725__and__relative_change_ge_0.0633802816901,1,False,UNKNOWN,record,190
1.0,-0.038,-0.038,ResearchRun,GROSS_REFERENCE_PROXY,BLOCK_DATA_FEE_SLIPPAGE_LIQUIDITY,pairwise,-0.038,1,1,1,-0.038,-0.038,OBSERVED_VALUE,all_training_conditions,0.0,1.0,1.0,FDR_NOT_SIGNIFICANT,current_price_lt_0.725__and__relative_change_ge_1.81481481481,1,False,UNKNOWN,record,0
1.0,-43.14741249999997,20.429937499999987,ResearchRun,GROSS_REFERENCE_PROXY,BLOCK_DATA_FEE_SLIPPAGE_LIQUIDITY,pairwise,0.925,741,1240,1240,-0.009308870967741944,-11.54300000000001,OBSERVED_VALUE,all_training_conditions,-12.467999999999996,0.9720775371442447,0.7604239576042395,FDR_NOT_SIGNIFICANT,current_price_lt_0.725__and__relative_change_lt_-0.00186219739292,1,False,UNKNOWN,record,499
1.0,-19.020987499999993,20.772274999999993,ResearchRun,GROSS_REFERENCE_PROXY,BLOCK_DATA_FEE_SLIPPAGE_LIQUIDITY,pairwise,0.925,344,520,520,0.0009230769230769356,0.48000000000000653,OBSERVED_VALUE,all_training_conditions,-0.44500000000000406,0.9720775371442447,0.48225177482251774,FDR_NOT_SIGNIFICANT,current_price_lt_0.725__and__relative_change_lt_-0.0747663551402,1,False,UNKNOWN,record,176
1.0,-60.7971625,12.953024999999995,ResearchRun,GROSS_REFERENCE_PROXY,BLOCK_DATA_FEE_SLIPPAGE_LIQUIDITY,pairwise,0.915,910,1686,1686,-0.014162514827995253,-23.877999999999997,OBSERVED_VALUE,all_training_conditions,-24.792999999999992,0.9799762880854771,0.9002099790020998,FDR_NOT_SIGNIFICANT,current_price_lt_0.725__and__relative_change_lt_0.0633802816901,1,False,UNKNOWN,record,776
1.0,-59.80403749999999,12.337299999999987,ResearchRun,GROSS_REFERENCE_PROXY,BLOCK_DATA_FEE_SLIPPAGE_LIQUIDITY,pairwise,0.915,910,1686,1686,-0.014162514827995253,-23.877999999999997,OBSERVED_VALUE,all_training_conditions,-24.792999999999992,0.9799762880854771,0.9014098590140985,FDR_NOT_SIGNIFICANT,current_price_lt_0.725__and__relative_change_lt_1.81481481481,1,False,UNKNOWN,record,776
1.0,-52.09234999999999,21.553737499999976,ResearchRun,GROSS_REFERENCE_PROXY,BLOCK_DATA_FEE_SLIPPAGE_LIQUIDITY,market_level,-0.915,563,1686,1686,-0.00904982206405693,-15.257999999999985,OBSERVED_VALUE,all_training_conditions,-14.343,0.9720775371442447,0.7937206279372063,FDR_NOT_SIGNIFICANT,current_price_lt_0.989,1,False,UNKNOWN,record,1123
1.0,-51.6769375,21.18097499999999,ResearchRun,GROSS_REFERENCE_PROXY,BLOCK_DATA_FEE_SLIPPAGE_LIQUIDITY,pairwise,-0.915,563,1686,1686,-0.00904982206405693,-15.257999999999985,OBSERVED_VALUE,all_training_conditions,-14.343,0.9720775371442447,0.792020797920208,FDR_NOT_SIGNIFICANT,current_price_lt_0.989__and__absolute_change_ge_-0.0025,1,False,UNKNOWN,record,1123
1.0,-51.9117125,20.995087499999983,ResearchRun,GROSS_REFERENCE_PROXY,BLOCK_DATA_FEE_SLIPPAGE_LIQUIDITY,pairwise,-0.915,563,1686,1686,-0.00904982206405693,-15.257999999999985,OBSERVED_VALUE,all_training_conditions,-14.343,0.9720775371442447,0.7984201579842016,FDR_NOT_SIGNIFICANT,current_price_lt_0.989__and__absolute_change_ge_-0.055,1,False,UNKNOWN,record,1123
1.0,-51.5779375,21.059024999999973,ResearchRun,GROSS_REFERENCE_PROXY,BLOCK_DATA_FEE_SLIPPAGE_LIQUIDITY,pairwise,-0.915,563,1686,1686,-0.00904982206405693,-15.257999999999985,OBSERVED_VALUE,all_training_conditions,-14.343,0.9720775371442447,0.799020097990201,FDR_NOT_SIGNIFICANT,current_price_lt_0.989__and__absolute_change_ge_-0.455,1,False,UNKNOWN,record,1123
1.0,-12.53515,22.859025,ResearchRun,GROSS_REFERENCE_PROXY,BLOCK_DATA_FEE_SLIPPAGE_LIQUIDITY,pairwise,-0.881,147,361,361,0.014106648199446004,5.092500000000007,OBSERVED_VALUE,all_training_conditions,5.9735,0.9720775371442447,0.28847115288471153,FDR_NOT_SIGNIFICANT,current_price_lt_0.989__and__absolute_change_ge_0.05,1,False,UNKNOWN,record,214
1.0,0.22499999999999998,0.22499999999999998,ResearchRun,GROSS_REFERENCE_PROXY,BLOCK_DATA_FEE_SLIPPAGE_LIQUIDITY,pairwise,0.22499999999999998,0,1,1,0.22499999999999998,0.22499999999999998,OBSERVED_VALUE,all_training_conditions,0.0,0.9720775371442447,0.49845015498450157,FDR_NOT_SIGNIFICANT,current_price_lt_0.989__and__absolute_change_ge_0.455,1,False,UNKNOWN,record,1
1.0,-45.9737125,20.608599999999992,ResearchRun,GROSS_REFERENCE_PROXY,BLOCK_DATA_FEE_SLIPPAGE_LIQUIDITY,pairwise,0.925,769,1388,1388,-0.009261887608069168,-12.855500000000005,OBSERVED_VALUE,all_training_conditions,-13.7805,0.9720775371442447,0.783921607839216,FDR_NOT_SIGNIFICANT,current_price_lt_0.989__and__absolute_change_lt_-0.0025,1,False,UNKNOWN,record,619
1.0,-25.232862499999992,6.933299999999996,ResearchRun,GROSS_REFERENCE_PROXY,BLOCK_DATA_FEE_SLIPPAGE_LIQUIDITY,pairwise,0.881,187,306,306,-0.029877450980392163,-9.142500000000002,OBSERVED_VALUE,all_training_conditions,-10.023500000000002,0.9799762880854771,0.8672132786721328,FDR_NOT_SIGNIFICANT,current_price_lt_0.989__and__absolute_change_lt_-0.055,1,False,UNKNOWN,record,119
1.0,-52.193937500000004,21.40336249999999,ResearchRun,GROSS_REFERENCE_PROXY,BLOCK_DATA_FEE_SLIPPAGE_LIQUIDITY,pairwise,-0.915,563,1686,1686,-0.00904982206405693,-15.257999999999985,OBSERVED_VALUE,all_training_conditions,-14.343,0.9720775371442447,0.7922207779222078,FDR_NOT_SIGNIFICANT,current_price_lt_0.989__and__absolute_change_lt_0.05,1,False,UNKNOWN,record,1123
1.0,-51.55267499999999,20.053924999999996,ResearchRun,GROSS_REFERENCE_PROXY,BLOCK_DATA_FEE_SLIPPAGE_LIQUIDITY,pairwise,-0.915,563,1686,1686,-0.00904982206405693,-15.257999999999985,OBSERVED_VALUE,all_training_conditions,-14.343,0.9720775371442447,0.7945205479452054,FDR_NOT_SIGNIFICANT,current_price_lt_0.989__and__absolute_change_lt_0.455,1,False,UNKNOWN,record,1123
1.0,-47.357375,24.30203749999999,ResearchRun,GROSS_REFERENCE_PROXY,BLOCK_DATA_FEE_SLIPPAGE_LIQUIDITY,pairwise,-0.925,555,1684,1684,-0.006820368171021373,-11.485499999999991,OBSERVED_VALUE,all_training_conditions,-10.560499999999998,0.9720775371442447,0.7306269373062694,FDR_NOT_SIGNIFICANT,current_price_lt_0.989__and__elapsed_seconds_ge_-23,1,False,UNKNOWN,record,1129
1.0,-47.82498749999999,24.223837499999966,ResearchRun,GROSS_REFERENCE_PROXY,BLOCK_DATA_FEE_SLIPPAGE_LIQUIDITY,pairwise,-0.925,555,1684,1684,-0.006814429928741089,-11.475499999999993,OBSERVED_VALUE,all_training_conditions,-10.550499999999996,0.9720775371442447,0.7397260273972602,FDR_NOT_SIGNIFICANT,current_price_lt_0.989__and__elapsed_seconds_ge_-38,1,False,UNKNOWN,record,1129
1.0,-51.72625,20.708399999999973,ResearchRun,GROSS_REFERENCE_PROXY,BLOCK_DATA_FEE_SLIPPAGE_LIQUIDITY,pairwise,-0.915,563,1686,1686,-0.00904982206405693,-15.257999999999985,OBSERVED_VALUE,all_training_conditions,-14.343,0.9720775371442447,0.7877212278772123,FDR_NOT_SIGNIFICANT,current_price_lt_0.989__and__elapsed_seconds_ge_-4388,1,False,UNKNOWN,record,1123
1.0,-44.389599999999994,28.62932499999997,ResearchRun,GROSS_REFERENCE_PROXY,BLOCK_DATA_FEE_SLIPPAGE_LIQUIDITY,pairwise,-0.925,552,1686,1686,-0.004642348754448408,-7.827000000000016,OBSERVED_VALUE,all_training_conditions,-6.901999999999998,0.9720775371442447,0.666933306669333,FDR_NOT_SIGNIFICANT,current_price_lt_0.989__and__elapsed_seconds_ge_-52,1,False,UNKNOWN,record,1134
1.0,-48.270549999999986,24.672687499999995,ResearchRun,GROSS_REFERENCE_PROXY,BLOCK_DATA_FEE_SLIPPAGE_LIQUIDITY,pairwise,-0.925,555,1684,1684,-0.007057897862232775,-11.885499999999993,OBSERVED_VALUE,all_training_conditions,-10.960499999999996,0.9720775371442447,0.7317268273172682,FDR_NOT_SIGNIFICANT,current_price_lt_0.989__and__elapsed_seconds_ge_300,1,False,UNKNOWN,record,1129
1.0,-50.483287499999996,21.2916875,ResearchRun,GROSS_REFERENCE_PROXY,BLOCK_DATA_FEE_SLIPPAGE_LIQUIDITY,pairwise,-0.915,551,1652,1652,-0.008779055690072634,-14.50299999999999,OBSERVED_VALUE,all_training_conditions,-13.587999999999997,0.9720775371442447,0.786021397860214,FDR_NOT_SIGNIFICANT,current_price_lt_0.989__and__elapsed_seconds_lt_-23,1,False,UNKNOWN,record,1101
1.0,-50.019999999999996,21.715075,ResearchRun,GROSS_REFERENCE_PROXY,BLOCK_DATA_FEE_SLIPPAGE_LIQUIDITY,pairwise,-0.915,528,1585,1585,-0.008734384858044156,-13.843999999999987,OBSERVED_VALUE,all_training_conditions,-12.928999999999998,0.9720775371442447,0.7838216178382161,FDR_NOT_SIGNIFICANT,current_price_lt_0.989__and__elapsed_seconds_lt_-38,1,False,UNKNOWN,record,1057
1.0,-43.021187499999996,22.34681249999998,ResearchRun,GROSS_REFERENCE_PROXY,BLOCK_DATA_FEE_SLIPPAGE_LIQUIDITY,pairwise,-0.915,443,1330,1330,-0.007730451127819553,-10.281500000000005,OBSERVED_VALUE,all_training_conditions,-9.366499999999998,0.9720775371442447,0.7341265873412659,FDR_NOT_SIGNIFICANT,current_price_lt_0.989__and__elapsed_seconds_lt_-52,1,False,UNKNOWN,record,887
1.0,-51.82626249999999,21.357174999999998,ResearchRun,GROSS_REFERENCE_PROXY,BLOCK_DATA_FEE_SLIPPAGE_LIQUIDITY,pairwise,-0.915,563,1686,1686,-0.00904982206405693,-15.257999999999985,OBSERVED_VALUE,all_training_conditions,-14.343,0.9720775371442447,0.7935206479352065,FDR_NOT_SIGNIFICANT,current_price_lt_0.989__and__elapsed_seconds_lt_300,1,False,UNKNOWN,record,1123
1.0,-39.12412499999999,17.54004999999999,ResearchRun,GROSS_REFERENCE_PROXY,BLOCK_DATA_FEE_SLIPPAGE_LIQUIDITY,pairwise,-0.905,348,1031,1031,-0.010561105722599412,-10.888499999999993,OBSERVED_VALUE,all_training_conditions,-9.983499999999998,0.9720775371442447,0.7709229077092291,FDR_NOT_SIGNIFICANT,current_price_lt_0.989__and__level_eq_ATP,1,False,UNKNOWN,record,683
1.0,-27.0081875,18.29727499999999,ResearchRun,GROSS_REFERENCE_PROXY,BLOCK_DATA_FEE_SLIPPAGE_LIQUIDITY,pairwise,-0.915,215,655,655,-0.00667099236641222,-4.369500000000004,OBSERVED_VALUE,all_training_conditions,-3.4545000000000003,0.9720775371442447,0.6345365463453655,FDR_NOT_SIGNIFICANT,current_price_lt_0.989__and__level_eq_WTA,1,False,UNKNOWN,record,440
1.0,-52.76712499999998,21.070649999999958,ResearchRun,GROSS_REFERENCE_PROXY,BLOCK_DATA_FEE_SLIPPAGE_LIQUIDITY,pairwise,-0.915,563,1686,1686,-0.00904982206405693,-15.257999999999985,OBSERVED_VALUE,all_training_conditions,-14.343,0.9720775371442447,0.7886211378862114,FDR_NOT_SIGNIFICANT,current_price_lt_0.989__and__path_high_ge_0.0125,1,False,UNKNOWN,record,1123
1.0,-52.299600000000005,21.718787499999962,ResearchRun,GROSS_REFERENCE_PROXY,BLOCK_DATA_FEE_SLIPPAGE_LIQUIDITY,pairwise,-0.915,563,1686,1686,-0.00904982206405693,-15.257999999999985,OBSERVED_VALUE,all_training_conditions,-14.343,0.9720775371442447,0.7938206179382061,FDR_NOT_SIGNIFICANT,current_price_lt_0.989__and__path_high_ge_0.2905,1,False,UNKNOWN,record,1123
1.0,-52.5776625,19.359762499999988,ResearchRun,GROSS_REFERENCE_PROXY,BLOCK_DATA_FEE_SLIPPAGE_LIQUIDITY,pairwise,-0.915,560,1679,1679,-0.009957415128052427,-16.718500000000024,OBSERVED_VALUE,all_training_conditions,-15.803499999999996,0.9799762880854771,0.8202179782021798,FDR_NOT_SIGNIFICANT,current_price_lt_0.989__and__path_high_ge_0.51,1,False,UNKNOWN,record,1119
1.0,-9.4328875,27.257699999999996,ResearchRun,GROSS_REFERENCE_PROXY,BLOCK_DATA_FEE_SLIPPAGE_LIQUIDITY,pairwise,-0.915,111,615,615,0.014755284552845555,9.074500000000016,OBSERVED_VALUE,all_training_conditions,9.9895,0.9720775371442447,0.17018298170182983,FDR_NOT_SIGNIFICANT,current_price_lt_0.989__and__path_high_ge_0.7315,1,False,UNKNOWN,record,504
,,,ResearchRun,GROSS_REFERENCE_PROXY,BLOCK_DATA_FEE_SLIPPAGE_LIQUIDITY,pairwise,,0,0,0,,0.0,OBSERVED_VALUE,all_training_conditions,0.0,,,ZERO_MATCHES,current_price_lt_0.989__and__path_high_ge_0.989,1,False,UNKNOWN,record,0
1.0,-24.804337499999995,12.20066249999999,ResearchRun,GROSS_REFERENCE_PROXY,BLOCK_DATA_FEE_SLIPPAGE_LIQUIDITY,pairwise,0.915,492,605,605,-0.01059090909090911,-6.407500000000011,OBSERVED_VALUE,all_training_conditions,-7.3225,0.9720775371442447,0.7513248675132487,FDR_NOT_SIGNIFICANT,current_price_lt_0.989__and__path_high_lt_0.2905,1,False,UNKNOWN,record,113
1.0,-21.731049999999993,51.9350375,ResearchRun,GROSS_REFERENCE_PROXY,BLOCK_DATA_FEE_SLIPPAGE_LIQUIDITY,pairwise,0.915,1123,1686,1686,0.008871886120996444,14.958000000000006,OBSERVED_VALUE,all_training_conditions,14.043,0.9720775371442447,0.20677932206779323,FDR_NOT_SIGNIFICANT,current_price_lt_0.989__and__path_high_lt_0.51,1,False,UNKNOWN,record,563
1.0,-64.1086875,9.673637499999995,ResearchRun,GROSS_REFERENCE_PROXY,BLOCK_DATA_FEE_SLIPPAGE_LIQUIDITY,pairwise,0.915,896,1686,1686,-0.016078291814946643,-27.10800000000004,OBSERVED_VALUE,all_training_conditions,-28.02299999999999,0.9830077598300776,0.9274072592740726,FDR_NOT_SIGNIFICANT,current_price_lt_0.989__and__path_high_lt_0.7315,1,False,UNKNOWN,record,790
1.0,-52.51668749999998,20.218362499999987,ResearchRun,GROSS_REFERENCE_PROXY,BLOCK_DATA_FEE_SLIPPAGE_LIQUIDITY,pairwise,-0.915,563,1686,1686,-0.00904982206405693,-15.257999999999985,OBSERVED_VALUE,all_training_conditions,-14.343,0.9720775371442447,0.7892210778922107,FDR_NOT_SIGNIFICANT,current_price_lt_0.989__and__path_high_lt_0.989,1,False,UNKNOWN,record,1123
1.0,-51.320762499999994,21.690062499999996,ResearchRun,GROSS_REFERENCE_PROXY,BLOCK_DATA_FEE_SLIPPAGE_LIQUIDITY,pairwise,-0.915,563,1686,1686,-0.00904982206405693,-15.257999999999985,OBSERVED_VALUE,all_training_conditions,-14.343,0.9720775371442447,0.7962203779622038,FDR_NOT_SIGNIFICANT,current_price_lt_0.989__and__path_low_ge_0.011,1,False,UNKNOWN,record,1123
1.0,-51.75529999999999,20.9595625,ResearchRun,GROSS_REFERENCE_PROXY,BLOCK_DATA_FEE_SLIPPAGE_LIQUIDITY,pairwise,-0.915,563,1686,1686,-0.00904982206405693,-15.257999999999985,OBSERVED_VALUE,all_training_conditions,-14.343,0.9720775371442447,0.7897210278972103,FDR_NOT_SIGNIFICANT,current_price_lt_0.989__and__path_low_ge_0.2665,1,False,UNKNOWN,record,1123
1.0,-52.53479999999999,21.2715125,ResearchRun,GROSS_REFERENCE_PROXY,BLOCK_DATA_FEE_SLIPPAGE_LIQUIDITY,pairwise,-0.915,563,1686,1686,-0.00904982206405693,-15.257999999999985,OBSERVED_VALUE,all_training_conditions,-14.343,0.9720775371442447,0.7954204579542046,FDR_NOT_SIGNIFICANT,current_price_lt_0.989__and__path_low_ge_0.49,1,False,UNKNOWN,record,1123
1.0,-11.598674999999998,24.440937499999993,ResearchRun,GROSS_REFERENCE_PROXY,BLOCK_DATA_FEE_SLIPPAGE_LIQUIDITY,pairwise,-0.915,113,606,606,0.011052805280528096,6.698000000000026,OBSERVED_VALUE,all_training_conditions,7.6129999999999995,0.9720775371442447,0.2405759424057594,FDR_NOT_SIGNIFICANT,current_price_lt_0.989__and__path_low_ge_0.7095,1,False,UNKNOWN,record,493
1.0,0.012499999999999956,0.012499999999999956,ResearchRun,GROSS_REFERENCE_PROXY,BLOCK_DATA_FEE_SLIPPAGE_LIQUIDITY,pairwise,0.012499999999999956,0,1,1,0.012499999999999956,0.012499999999999956,OBSERVED_VALUE,all_training_conditions,0.0,0.9720775371442447,0.5049495050494951,FDR_NOT_SIGNIFICANT,current_price_lt_0.989__and__path_low_ge_0.9875,1,False,UNKNOWN,record,1
1.0,-27.157125,8.646024999999998,ResearchRun,GROSS_REFERENCE_PROXY,BLOCK_DATA_FEE_SLIPPAGE_LIQUIDITY,pairwise,0.915,501,610,610,-0.0154114754098361,-9.401000000000021,OBSERVED_VALUE,all_training_conditions,-10.315999999999999,0.9799762880854771,0.8494150584941506,FDR_NOT_SIGNIFICANT,current_price_lt_0.989__and__path_low_lt_0.2665,1,False,UNKNOWN,record,109
1.0,-22.94677499999999,48.7567125,ResearchRun,GROSS_REFERENCE_PROXY,BLOCK_DATA_FEE_SLIPPAGE_LIQUIDITY,pairwise,0.915,1121,1676,1676,0.007591587112171836,12.723499999999998,OBSERVED_VALUE,all_training_conditions,11.808499999999999,0.9720775371442447,0.24267573242675733,FDR_NOT_SIGNIFICANT,current_price_lt_0.989__and__path_low_lt_0.49,1,False,UNKNOWN,record,555
1.0,-65.8225375,7.5459374999999875,ResearchRun,GROSS_REFERENCE_PROXY,BLOCK_DATA_FEE_SLIPPAGE_LIQUIDITY,pairwise,0.915,941,1686,1686,-0.017469750889679697,-29.453999999999972,OBSERVED_VALUE,all_training_conditions,-30.368999999999993,0.9830077598300776,0.9466053394660534,FDR_NOT_SIGNIFICANT,current_price_lt_0.989__and__path_low_lt_0.7095,1,False,UNKNOWN,record,745
1.0,-52.03458750000001,20.690924999999986,ResearchRun,GROSS_REFERENCE_PROXY,BLOCK_DATA_FEE_SLIPPAGE_LIQUIDITY,pairwise,-0.915,564,1686,1686,-0.009064650059311976,-15.28299999999999,OBSERVED_VALUE,all_training_conditions,-14.367999999999999,0.9720775371442447,0.7905209479052094,FDR_NOT_SIGNIFICANT,current_price_lt_0.989__and__path_low_lt_0.9875,1,False,UNKNOWN,record,1122
1.0,-48.939287500000006,24.021712499999996,ResearchRun,GROSS_REFERENCE_PROXY,BLOCK_DATA_FEE_SLIPPAGE_LIQUIDITY,pairwise,-0.925,554,1678,1678,-0.007619487485101313,-12.785500000000003,OBSERVED_VALUE,all_training_conditions,-11.860499999999995,0.9720775371442447,0.7604239576042395,FDR_NOT_SIGNIFICANT,current_price_lt_0.989__and__realized_volatility_ge_0,1,False,UNKNOWN,record,1124
1.0,-57.86786249999999,3.900962499999995,ResearchRun,GROSS_REFERENCE_PROXY,BLOCK_DATA_FEE_SLIPPAGE_LIQUIDITY,pairwise,-0.925,607,1276,1276,-0.02089694357366768,-26.66449999999996,OBSERVED_VALUE,all_training_conditions,-25.7395,0.9830077598300776,0.9534046595340466,FDR_NOT_SIGNIFICANT,current_price_lt_0.989__and__realized_volatility_ge_0.0138682417455,1,False,UNKNOWN,record,669
1.0,-35.893812499999974,16.834674999999997,ResearchRun,GROSS_REFERENCE_PROXY,BLOCK_DATA_FEE_SLIPPAGE_LIQUIDITY,pairwise,0.925,524,936,936,-0.009852029914529931,-9.221500000000015,OBSERVED_VALUE,all_training_conditions,-10.146500000000003,0.9720775371442447,0.75002499750025,FDR_NOT_SIGNIFICANT,current_price_lt_0.989__and__realized_volatility_ge_0.0332983334177,1,False,UNKNOWN,record,412
1.0,-16.89375,23.311937499999996,ResearchRun,GROSS_REFERENCE_PROXY,BLOCK_DATA_FEE_SLIPPAGE_LIQUIDITY,pairwise,0.925,382,583,583,0.004589193825042877,2.6754999999999973,OBSERVED_VALUE,all_training_conditions,1.7505000000000013,0.9720775371442447,0.39856014398560147,FDR_NOT_SIGNIFICANT,current_price_lt_0.989__and__realized_volatility_ge_0.0694710322181,1,False,UNKNOWN,record,201
1.0,-0.0795,-0.0795,ResearchRun,GROSS_REFERENCE_PROXY,BLOCK_DATA_FEE_SLIPPAGE_LIQUIDITY,pairwise,-0.0795,1,1,1,-0.0795,-0.0795,OBSERVED_VALUE,all_training_conditions,0.0,1.0,1.0,FDR_NOT_SIGNIFICANT,current_price_lt_0.989__and__realized_volatility_ge_2.32041788338,1,False,UNKNOWN,record,0
1.0,-13.227562499999998,34.38244999999999,ResearchRun,GROSS_REFERENCE_PROXY,BLOCK_DATA_FEE_SLIPPAGE_LIQUIDITY,pairwise,-0.91,223,761,761,0.014203022339027602,10.808500000000006,OBSERVED_VALUE,all_training_conditions,11.718499999999999,0.9720775371442447,0.18708129187081293,FDR_NOT_SIGNIFICANT,current_price_lt_0.989__and__realized_volatility_lt_0.0138682417455,1,False,UNKNOWN,record,538
1.0,-29.288275000000002,31.101237500000007,ResearchRun,GROSS_REFERENCE_PROXY,BLOCK_DATA_FEE_SLIPPAGE_LIQUIDITY,pairwise,-0.925,358,1171,1171,0.0010128095644747971,1.1859999999999875,OBSERVED_VALUE,all_training_conditions,2.1110000000000015,0.9720775371442447,0.46485351464853514,FDR_NOT_SIGNIFICANT,current_price_lt_0.989__and__realized_volatility_lt_0.0332983334177,1,False,UNKNOWN,record,813
1.0,-49.215174999999995,20.289449999999995,ResearchRun,GROSS_REFERENCE_PROXY,BLOCK_DATA_FEE_SLIPPAGE_LIQUIDITY,pairwise,-0.925,504,1541,1541,-0.009297858533419827,-14.327999999999951,OBSERVED_VALUE,all_training_conditions,-13.403000000000002,0.9720775371442447,0.7946205379462054,FDR_NOT_SIGNIFICANT,current_price_lt_0.989__and__realized_volatility_lt_0.0694710322181,1,False,UNKNOWN,record,1037
1.0,-49.28555,23.48336249999999,ResearchRun,GROSS_REFERENCE_PROXY,BLOCK_DATA_FEE_SLIPPAGE_LIQUIDITY,pairwise,-0.925,554,1678,1678,-0.007619487485101313,-12.785500000000003,OBSERVED_VALUE,all_training_conditions,-11.860499999999995,0.9720775371442447,0.7545245475452454,FDR_NOT_SIGNIFICANT,current_price_lt_0.989__and__realized_volatility_lt_2.32041788338,1,False,UNKNOWN,record,1124
1.0,-51.88563750000001,20.675524999999993,ResearchRun,GROSS_REFERENCE_PROXY,BLOCK_DATA_FEE_SLIPPAGE_LIQUIDITY,pairwise,-0.915,563,1686,1686,-0.00904982206405693,-15.257999999999985,OBSERVED_VALUE,all_training_conditions,-14.343,0.9720775371442447,0.7981201879812019,FDR_NOT_SIGNIFICANT,current_price_lt_0.989__and__relative_change_ge_-0.00186219739292,1,False,UNKNOWN,record,1123
1.0,-51.3974125,20.29051249999999,ResearchRun,GROSS_REFERENCE_PROXY,BLOCK_DATA_FEE_SLIPPAGE_LIQUIDITY,pairwise,-0.915,563,1686,1686,-0.00904982206405693,-15.257999999999985,OBSERVED_VALUE,all_training_conditions,-14.343,0.9720775371442447,0.7901209879012099,FDR_NOT_SIGNIFICANT,current_price_lt_0.989__and__relative_change_ge_-0.0747663551402,1,False,UNKNOWN,record,1123
1.0,-51.975575000000006,20.861012499999998,ResearchRun,GROSS_REFERENCE_PROXY,BLOCK_DATA_FEE_SLIPPAGE_LIQUIDITY,pairwise,-0.915,563,1686,1686,-0.00904982206405693,-15.257999999999985,OBSERVED_VALUE,all_training_conditions,-14.343,0.9720775371442447,0.7875212478752125,FDR_NOT_SIGNIFICANT,current_price_lt_0.989__and__relative_change_ge_-0.708333333333,1,False,UNKNOWN,record,1123
1.0,-19.747099999999993,21.703325,ResearchRun,GROSS_REFERENCE_PROXY,BLOCK_DATA_FEE_SLIPPAGE_LIQUIDITY,pairwise,0.895,265,533,533,0.00208067542213884,1.1090000000000018,OBSERVED_VALUE,all_training_conditions,0.21400000000000086,0.9720775371442447,0.45715428457154283,FDR_NOT_SIGNIFICANT,current_price_lt_0.989__and__relative_change_ge_0.0633802816901,1,False,UNKNOWN,record,268
1.0,-0.038,-0.038,ResearchRun,GROSS_REFERENCE_PROXY,BLOCK_DATA_FEE_SLIPPAGE_LIQUIDITY,pairwise,-0.038,1,1,1,-0.038,-0.038,OBSERVED_VALUE,all_training_conditions,0.0,1.0,1.0,FDR_NOT_SIGNIFICANT,current_price_lt_0.989__and__relative_change_ge_1.81481481481,1,False,UNKNOWN,record,0
1.0,-45.666374999999995,20.96756249999999,ResearchRun,GROSS_REFERENCE_PROXY,BLOCK_DATA_FEE_SLIPPAGE_LIQUIDITY,pairwise,0.925,772,1394,1394,-0.008766140602582502,-12.220000000000008,OBSERVED_VALUE,all_training_conditions,-13.145000000000005,0.9720775371442447,0.7638236176382361,FDR_NOT_SIGNIFICANT,current_price_lt_0.989__and__relative_change_lt_-0.00186219739292,1,False,UNKNOWN,record,622
1.0,-20.953837499999995,19.452137499999996,ResearchRun,GROSS_REFERENCE_PROXY,BLOCK_DATA_FEE_SLIPPAGE_LIQUIDITY,pairwise,0.925,348,532,532,-0.001390977443609018,-0.7399999999999977,OBSERVED_VALUE,all_training_conditions,-1.665000000000002,0.9720775371442447,0.527947205279472,FDR_NOT_SIGNIFICANT,current_price_lt_0.989__and__relative_change_lt_-0.0747663551402,1,False,UNKNOWN,record,184
1.0,-52.180049999999994,20.934812499999985,ResearchRun,GROSS_REFERENCE_PROXY,BLOCK_DATA_FEE_SLIPPAGE_LIQUIDITY,pairwise,-0.915,563,1686,1686,-0.00904982206405693,-15.257999999999985,OBSERVED_VALUE,all_training_conditions,-14.343,0.9720775371442447,0.788021197880212,FDR_NOT_SIGNIFICANT,current_price_lt_0.989__and__relative_change_lt_0.0633802816901,1,False,UNKNOWN,record,1123
1.0,-51.778549999999996,20.709562499999997,ResearchRun,GROSS_REFERENCE_PROXY,BLOCK_DATA_FEE_SLIPPAGE_LIQUIDITY,pairwise,-0.915,563,1686,1686,-0.00904982206405693,-15.257999999999985,OBSERVED_VALUE,all_training_conditions,-14.343,0.9720775371442447,0.7945205479452054,FDR_NOT_SIGNIFICANT,current_price_lt_0.989__and__relative_change_lt_1.81481481481,1,False,UNKNOWN,record,1123
1.0,-47.43407500000001,25.419762499999994,ResearchRun,GROSS_REFERENCE_PROXY,BLOCK_DATA_FEE_SLIPPAGE_LIQUIDITY,timing,-0.925,554,1684,1684,-0.006807304038004746,-11.463499999999993,OBSERVED_VALUE,all_training_conditions,-10.538499999999996,0.9720775371442447,0.7318268173182682,FDR_NOT_SIGNIFICANT,elapsed_seconds_ge_-23,1,False,UNKNOWN,record,1130
1.0,-35.9116125,20.346687499999984,ResearchRun,GROSS_REFERENCE_PROXY,BLOCK_DATA_FEE_SLIPPAGE_LIQUIDITY,pairwise,-0.925,341,1031,1031,-0.00773132880698352,-7.971000000000009,OBSERVED_VALUE,all_training_conditions,-7.046,0.9720775371442447,0.7127287271272873,FDR_NOT_SIGNIFICANT,elapsed_seconds_ge_-23__and__level_eq_ATP,1,False,UNKNOWN,record,690
1.0,-26.432325,18.638837499999994,ResearchRun,GROSS_REFERENCE_PROXY,BLOCK_DATA_FEE_SLIPPAGE_LIQUIDITY,pairwise,-0.905,213,653,653,-0.0053483920367534375,-3.492499999999995,OBSERVED_VALUE,all_training_conditions,-2.587499999999997,0.9720775371442447,0.626937306269373,FDR_NOT_SIGNIFICANT,elapsed_seconds_ge_-23__and__level_eq_WTA,1,False,UNKNOWN,record,440
1.0,-48.19142499999999,24.689374999999995,ResearchRun,GROSS_REFERENCE_PROXY,BLOCK_DATA_FEE_SLIPPAGE_LIQUIDITY,timing,-0.925,554,1684,1684,-0.006801365795724462,-11.453499999999995,OBSERVED_VALUE,all_training_conditions,-10.528499999999998,0.9720775371442447,0.7272272772722728,FDR_NOT_SIGNIFICANT,elapsed_seconds_ge_-38,1,False,UNKNOWN,record,1130
1.0,-38.918525,17.98026249999998,ResearchRun,GROSS_REFERENCE_PROXY,BLOCK_DATA_FEE_SLIPPAGE_LIQUIDITY,pairwise,-0.925,343,1031,1031,-0.01008438409311349,-10.397000000000007,OBSERVED_VALUE,all_training_conditions,-9.472,0.9720775371442447,0.7678232176782321,FDR_NOT_SIGNIFICANT,elapsed_seconds_ge_-38__and__level_eq_ATP,1,False,UNKNOWN,record,688
1.0,-23.948924999999996,21.364525000000004,ResearchRun,GROSS_REFERENCE_PROXY,BLOCK_DATA_FEE_SLIPPAGE_LIQUIDITY,pairwise,-0.905,211,653,653,-0.0016179173047473265,-1.0565000000000042,OBSERVED_VALUE,all_training_conditions,-0.15149999999999708,0.9720775371442447,0.5484451554844516,FDR_NOT_SIGNIFICANT,elapsed_seconds_ge_-38__and__level_eq_WTA,1,False,UNKNOWN,record,442
1.0,-52.65126249999999,21.328012499999996,ResearchRun,GROSS_REFERENCE_PROXY,BLOCK_DATA_FEE_SLIPPAGE_LIQUIDITY,timing,-0.915,563,1686,1686,-0.00904982206405693,-15.257999999999985,OBSERVED_VALUE,all_training_conditions,-14.343,0.9720775371442447,0.7933206679332067,FDR_NOT_SIGNIFICANT,elapsed_seconds_ge_-4388,1,False,UNKNOWN,record,1123
1.0,-40.0979125,17.473012500000003,ResearchRun,GROSS_REFERENCE_PROXY,BLOCK_DATA_FEE_SLIPPAGE_LIQUIDITY,pairwise,-0.905,348,1031,1031,-0.010561105722599412,-10.888499999999993,OBSERVED_VALUE,all_training_conditions,-9.983499999999998,0.9720775371442447,0.7741225877412259,FDR_NOT_SIGNIFICANT,elapsed_seconds_ge_-4388__and__level_eq_ATP,1,False,UNKNOWN,record,683
1.0,-27.206075000000006,18.583812499999993,ResearchRun,GROSS_REFERENCE_PROXY,BLOCK_DATA_FEE_SLIPPAGE_LIQUIDITY,pairwise,-0.915,215,655,655,-0.00667099236641222,-4.369500000000004,OBSERVED_VALUE,all_training_conditions,-3.4545000000000003,0.9720775371442447,0.6479352064793521,FDR_NOT_SIGNIFICANT,elapsed_seconds_ge_-4388__and__level_eq_WTA,1,False,UNKNOWN,record,440
1.0,-44.721087499999996,28.420449999999995,ResearchRun,GROSS_REFERENCE_PROXY,BLOCK_DATA_FEE_SLIPPAGE_LIQUIDITY,timing,-0.925,551,1686,1686,-0.004629300118623972,-7.8050000000000175,OBSERVED_VALUE,all_training_conditions,-6.88,0.9720775371442447,0.6625337466253375,FDR_NOT_SIGNIFICANT,elapsed_seconds_ge_-52,1,False,UNKNOWN,record,1135
1.0,-37.27901249999999,20.789124999999995,ResearchRun,GROSS_REFERENCE_PROXY,BLOCK_DATA_FEE_SLIPPAGE_LIQUIDITY,pairwise,-0.925,341,1031,1031,-0.007744422890397689,-7.984500000000017,OBSERVED_VALUE,all_training_conditions,-7.0595000000000026,0.9720775371442447,0.7082291770822917,FDR_NOT_SIGNIFICANT,elapsed_seconds_ge_-52__and__level_eq_ATP,1,False,UNKNOWN,record,690
1.0,-22.268274999999992,22.50806249999999,ResearchRun,GROSS_REFERENCE_PROXY,BLOCK_DATA_FEE_SLIPPAGE_LIQUIDITY,pairwise,-0.905,210,655,655,0.00027404580152671294,0.179499999999997,OBSERVED_VALUE,all_training_conditions,1.0845000000000018,0.9720775371442447,0.49755024497550243,FDR_NOT_SIGNIFICANT,elapsed_seconds_ge_-52__and__level_eq_WTA,1,False,UNKNOWN,record,445
1.0,-48.75257499999999,24.170437499999995,ResearchRun,GROSS_REFERENCE_PROXY,BLOCK_DATA_FEE_SLIPPAGE_LIQUIDITY,timing,-0.925,554,1684,1684,-0.007044833729216149,-11.863499999999995,OBSERVED_VALUE,all_training_conditions,-10.938499999999998,0.9720775371442447,0.7382261773822618,FDR_NOT_SIGNIFICANT,elapsed_seconds_ge_300,1,False,UNKNOWN,record,1130
1.0,-36.28002500000001,20.767875,ResearchRun,GROSS_REFERENCE_PROXY,BLOCK_DATA_FEE_SLIPPAGE_LIQUIDITY,pairwise,-0.925,340,1031,1031,-0.00710572259941805,-7.326000000000009,OBSERVED_VALUE,all_training_conditions,-6.401000000000001,0.9720775371442447,0.6966303369663034,FDR_NOT_SIGNIFICANT,elapsed_seconds_ge_300__and__level_eq_ATP,1,False,UNKNOWN,record,691
1.0,-26.69656249999999,17.539374999999986,ResearchRun,GROSS_REFERENCE_PROXY,BLOCK_DATA_FEE_SLIPPAGE_LIQUIDITY,pairwise,-0.905,214,653,653,-0.0069486983154670775,-4.537500000000001,OBSERVED_VALUE,all_training_conditions,-3.6324999999999985,0.9720775371442447,0.6554344565543445,FDR_NOT_SIGNIFICANT,elapsed_seconds_ge_300__and__level_eq_WTA,1,False,UNKNOWN,record,439
1.0,-51.34054999999998,21.723512500000002,ResearchRun,GROSS_REFERENCE_PROXY,BLOCK_DATA_FEE_SLIPPAGE_LIQUIDITY,timing,-0.915,551,1652,1652,-0.008779055690072634,-14.50299999999999,OBSERVED_VALUE,all_training_conditions,-13.587999999999997,0.9720775371442447,0.7838216178382161,FDR_NOT_SIGNIFICANT,elapsed_seconds_lt_-23,1,False,UNKNOWN,record,1101
1.0,-37.9702625,19.32855,ResearchRun,GROSS_REFERENCE_PROXY,BLOCK_DATA_FEE_SLIPPAGE_LIQUIDITY,pairwise,-0.905,341,1013,1013,-0.009643139190523198,-9.7685,OBSERVED_VALUE,all_training_conditions,-8.8635,0.9720775371442447,0.7565243475652434,FDR_NOT_SIGNIFICANT,elapsed_seconds_lt_-23__and__level_eq_ATP,1,False,UNKNOWN,record,672
1.0,-26.99707499999999,17.855587500000002,ResearchRun,GROSS_REFERENCE_PROXY,BLOCK_DATA_FEE_SLIPPAGE_LIQUIDITY,pairwise,-0.915,210,639,639,-0.007409233176838817,-4.734500000000004,OBSERVED_VALUE,all_training_conditions,-3.819499999999999,0.9720775371442447,0.6626337366263374,FDR_NOT_SIGNIFICANT,elapsed_seconds_lt_-23__and__level_eq_WTA,1,False,UNKNOWN,record,429
1.0,-50.478575000000006,21.5857125,ResearchRun,GROSS_REFERENCE_PROXY,BLOCK_DATA_FEE_SLIPPAGE_LIQUIDITY,timing,-0.915,528,1585,1585,-0.008734384858044156,-13.843999999999987,OBSERVED_VALUE,all_training_conditions,-12.928999999999998,0.9720775371442447,0.7686231376862314,FDR_NOT_SIGNIFICANT,elapsed_seconds_lt_-38,1,False,UNKNOWN,record,1057
1.0,-36.479012499999996,19.406687499999997,ResearchRun,GROSS_REFERENCE_PROXY,BLOCK_DATA_FEE_SLIPPAGE_LIQUIDITY,pairwise,-0.905,327,974,974,-0.008870123203285405,-8.639499999999984,OBSERVED_VALUE,all_training_conditions,-7.7345,0.9720775371442447,0.7203279672032796,FDR_NOT_SIGNIFICANT,elapsed_seconds_lt_-38__and__level_eq_ATP,1,False,UNKNOWN,record,647
1.0,-26.536874999999984,16.177762499999996,ResearchRun,GROSS_REFERENCE_PROXY,BLOCK_DATA_FEE_SLIPPAGE_LIQUIDITY,pairwise,-0.915,201,611,611,-0.008518003273322425,-5.204500000000001,OBSERVED_VALUE,all_training_conditions,-4.289499999999999,0.9720775371442447,0.6815318468153184,FDR_NOT_SIGNIFICANT,elapsed_seconds_lt_-38__and__level_eq_WTA,1,False,UNKNOWN,record,410
,,,ResearchRun,GROSS_REFERENCE_PROXY,BLOCK_DATA_FEE_SLIPPAGE_LIQUIDITY,timing,,0,0,0,,0.0,OBSERVED_VALUE,all_training_conditions,0.0,,,ZERO_MATCHES,elapsed_seconds_lt_-4388,1,False,UNKNOWN,record,0
1.0,-42.89319999999999,22.0525625,ResearchRun,GROSS_REFERENCE_PROXY,BLOCK_DATA_FEE_SLIPPAGE_LIQUIDITY,timing,-0.915,443,1330,1330,-0.007730451127819553,-10.281500000000005,OBSERVED_VALUE,all_training_conditions,-9.366499999999998,0.9720775371442447,0.7335266473352665,FDR_NOT_SIGNIFICANT,elapsed_seconds_lt_-52,1,False,UNKNOWN,record,887
1.0,-35.682162500000004,17.160787499999994,ResearchRun,GROSS_REFERENCE_PROXY,BLOCK_DATA_FEE_SLIPPAGE_LIQUIDITY,pairwise,-0.905,288,852,852,-0.010264084507042246,-8.744999999999994,OBSERVED_VALUE,all_training_conditions,-7.839999999999999,0.9720775371442447,0.7379262073792621,FDR_NOT_SIGNIFICANT,elapsed_seconds_lt_-52__and__level_eq_ATP,1,False,UNKNOWN,record,564
1.0,-21.06455,17.711187499999994,ResearchRun,GROSS_REFERENCE_PROXY,BLOCK_DATA_FEE_SLIPPAGE_LIQUIDITY,pairwise,-0.915,155,478,478,-0.0032144351464435186,-1.536500000000002,OBSERVED_VALUE,all_training_conditions,-0.621500000000001,0.9720775371442447,0.5542445755424458,FDR_NOT_SIGNIFICANT,elapsed_seconds_lt_-52__and__level_eq_WTA,1,False,UNKNOWN,record,323
1.0,-51.239137500000005,20.735075000000005,ResearchRun,GROSS_REFERENCE_PROXY,BLOCK_DATA_FEE_SLIPPAGE_LIQUIDITY,timing,-0.915,563,1686,1686,-0.00904982206405693,-15.257999999999985,OBSERVED_VALUE,all_training_conditions,-14.343,0.9720775371442447,0.799020097990201,FDR_NOT_SIGNIFICANT,elapsed_seconds_lt_300,1,False,UNKNOWN,record,1123
1.0,-40.069612499999984,17.779387499999995,ResearchRun,GROSS_REFERENCE_PROXY,BLOCK_DATA_FEE_SLIPPAGE_LIQUIDITY,pairwise,-0.905,348,1031,1031,-0.010561105722599412,-10.888499999999993,OBSERVED_VALUE,all_training_conditions,-9.983499999999998,0.9720775371442447,0.7672232776722328,FDR_NOT_SIGNIFICANT,elapsed_seconds_lt_300__and__level_eq_ATP,1,False,UNKNOWN,record,683
1.0,-26.85883749999999,18.094725,ResearchRun,GROSS_REFERENCE_PROXY,BLOCK_DATA_FEE_SLIPPAGE_LIQUIDITY,pairwise,-0.915,215,655,655,-0.00667099236641222,-4.369500000000004,OBSERVED_VALUE,all_training_conditions,-3.4545000000000003,0.9720775371442447,0.6446355364463554,FDR_NOT_SIGNIFICANT,elapsed_seconds_lt_300__and__level_eq_WTA,1,False,UNKNOWN,record,440
1.0,-39.41709999999999,18.541575000000005,ResearchRun,GROSS_REFERENCE_PROXY,BLOCK_DATA_FEE_SLIPPAGE_LIQUIDITY,competition,-0.905,348,1031,1031,-0.010561105722599412,-10.888499999999993,OBSERVED_VALUE,all_training_conditions,-9.983499999999998,0.9720775371442447,0.7802219778022198,FDR_NOT_SIGNIFICANT,level_eq_ATP,1,False,UNKNOWN,record,683
1.0,-27.285549999999997,18.098149999999997,ResearchRun,GROSS_REFERENCE_PROXY,BLOCK_DATA_FEE_SLIPPAGE_LIQUIDITY,competition,-0.915,215,655,655,-0.00667099236641222,-4.369500000000004,OBSERVED_VALUE,all_training_conditions,-3.4545000000000003,0.9720775371442447,0.647035296470353,FDR_NOT_SIGNIFICANT,level_eq_WTA,1,False,UNKNOWN,record,440
1.0,-51.77942499999999,19.950650000000003,ResearchRun,GROSS_REFERENCE_PROXY,BLOCK_DATA_FEE_SLIPPAGE_LIQUIDITY,path_behavior,-0.915,563,1686,1686,-0.00904982206405693,-15.257999999999985,OBSERVED_VALUE,all_training_conditions,-14.343,0.9720775371442447,0.7997200279972003,FDR_NOT_SIGNIFICANT,path_high_ge_0.0125,1,False,UNKNOWN,record,1123
1.0,-48.03225,24.82424999999998,ResearchRun,GROSS_REFERENCE_PROXY,BLOCK_DATA_FEE_SLIPPAGE_LIQUIDITY,pairwise,-0.925,554,1684,1684,-0.006807304038004746,-11.463499999999993,OBSERVED_VALUE,all_training_conditions,-10.538499999999996,0.9720775371442447,0.7350264973502649,FDR_NOT_SIGNIFICANT,path_high_ge_0.0125__and__elapsed_seconds_ge_-23,1,False,UNKNOWN,record,1130
1.0,-48.253337499999994,24.815049999999975,ResearchRun,GROSS_REFERENCE_PROXY,BLOCK_DATA_FEE_SLIPPAGE_LIQUIDITY,pairwise,-0.925,554,1684,1684,-0.006801365795724462,-11.453499999999995,OBSERVED_VALUE,all_training_conditions,-10.528499999999998,0.9720775371442447,0.7319268073192681,FDR_NOT_SIGNIFICANT,path_high_ge_0.0125__and__elapsed_seconds_ge_-38,1,False,UNKNOWN,record,1130
1.0,-51.385312500000005,21.608274999999985,ResearchRun,GROSS_REFERENCE_PROXY,BLOCK_DATA_FEE_SLIPPAGE_LIQUIDITY,pairwise,-0.915,563,1686,1686,-0.00904982206405693,-15.257999999999985,OBSERVED_VALUE,all_training_conditions,-14.343,0.9720775371442447,0.7941205879412059,FDR_NOT_SIGNIFICANT,path_high_ge_0.0125__and__elapsed_seconds_ge_-4388,1,False,UNKNOWN,record,1123
1.0,-44.506024999999994,29.095812499999994,ResearchRun,GROSS_REFERENCE_PROXY,BLOCK_DATA_FEE_SLIPPAGE_LIQUIDITY,pairwise,-0.925,551,1686,1686,-0.004629300118623972,-7.8050000000000175,OBSERVED_VALUE,all_training_conditions,-6.88,0.9720775371442447,0.6707329267073293,FDR_NOT_SIGNIFICANT,path_high_ge_0.0125__and__elapsed_seconds_ge_-52,1,False,UNKNOWN,record,1135
1.0,-47.5980375,24.011174999999994,ResearchRun,GROSS_REFERENCE_PROXY,BLOCK_DATA_FEE_SLIPPAGE_LIQUIDITY,pairwise,-0.925,554,1684,1684,-0.007044833729216149,-11.863499999999995,OBSERVED_VALUE,all_training_conditions,-10.938499999999998,0.9720775371442447,0.7394260573942606,FDR_NOT_SIGNIFICANT,path_high_ge_0.0125__and__elapsed_seconds_ge_300,1,False,UNKNOWN,record,1130
1.0,-51.13004999999999,21.566,ResearchRun,GROSS_REFERENCE_PROXY,BLOCK_DATA_FEE_SLIPPAGE_LIQUIDITY,pairwise,-0.915,551,1652,1652,-0.008779055690072634,-14.50299999999999,OBSERVED_VALUE,all_training_conditions,-13.587999999999997,0.9720775371442447,0.7821217878212179,FDR_NOT_SIGNIFICANT,path_high_ge_0.0125__and__elapsed_seconds_lt_-23,1,False,UNKNOWN,record,1101
1.0,-50.8755625,21.30903749999998,ResearchRun,GROSS_REFERENCE_PROXY,BLOCK_DATA_FEE_SLIPPAGE_LIQUIDITY,pairwise,-0.915,528,1585,1585,-0.008734384858044156,-13.843999999999987,OBSERVED_VALUE,all_training_conditions,-12.928999999999998,0.9720775371442447,0.778022197780222,FDR_NOT_SIGNIFICANT,path_high_ge_0.0125__and__elapsed_seconds_lt_-38,1,False,UNKNOWN,record,1057
1.0,-43.631875,22.354312499999992,ResearchRun,GROSS_REFERENCE_PROXY,BLOCK_DATA_FEE_SLIPPAGE_LIQUIDITY,pairwise,-0.915,443,1330,1330,-0.007730451127819553,-10.281500000000005,OBSERVED_VALUE,all_training_conditions,-9.366499999999998,0.9720775371442447,0.7227277272272773,FDR_NOT_SIGNIFICANT,path_high_ge_0.0125__and__elapsed_seconds_lt_-52,1,False,UNKNOWN,record,887
1.0,-52.050699999999985,21.363324999999993,ResearchRun,GROSS_REFERENCE_PROXY,BLOCK_DATA_FEE_SLIPPAGE_LIQUIDITY,pairwise,-0.915,563,1686,1686,-0.00904982206405693,-15.257999999999985,OBSERVED_VALUE,all_training_conditions,-14.343,0.9720775371442447,0.7953204679532047,FDR_NOT_SIGNIFICANT,path_high_ge_0.0125__and__elapsed_seconds_lt_300,1,False,UNKNOWN,record,1123
1.0,-39.677675,17.351262499999994,ResearchRun,GROSS_REFERENCE_PROXY,BLOCK_DATA_FEE_SLIPPAGE_LIQUIDITY,pairwise,-0.905,348,1031,1031,-0.010561105722599412,-10.888499999999993,OBSERVED_VALUE,all_training_conditions,-9.983499999999998,0.9720775371442447,0.7639236076392361,FDR_NOT_SIGNIFICANT,path_high_ge_0.0125__and__level_eq_ATP,1,False,UNKNOWN,record,683
1.0,-27.23995,18.46324999999999,ResearchRun,GROSS_REFERENCE_PROXY,BLOCK_DATA_FEE_SLIPPAGE_LIQUIDITY,pairwise,-0.915,215,655,655,-0.00667099236641222,-4.369500000000004,OBSERVED_VALUE,all_training_conditions,-3.4545000000000003,0.9720775371442447,0.6485351464853515,FDR_NOT_SIGNIFICANT,path_high_ge_0.0125__and__level_eq_WTA,1,False,UNKNOWN,record,440
1.0,-52.105937499999996,20.4296125,ResearchRun,GROSS_REFERENCE_PROXY,BLOCK_DATA_FEE_SLIPPAGE_LIQUIDITY,path_behavior,-0.915,563,1686,1686,-0.00904982206405693,-15.257999999999985,OBSERVED_VALUE,all_training_conditions,-14.343,0.9720775371442447,0.791020897910209,FDR_NOT_SIGNIFICANT,path_high_ge_0.2905,1,False,UNKNOWN,record,1123
1.0,-48.1310125,25.19643749999999,ResearchRun,GROSS_REFERENCE_PROXY,BLOCK_DATA_FEE_SLIPPAGE_LIQUIDITY,pairwise,-0.925,554,1684,1684,-0.006807304038004746,-11.463499999999993,OBSERVED_VALUE,all_training_conditions,-10.538499999999996,0.9720775371442447,0.7264273572642735,FDR_NOT_SIGNIFICANT,path_high_ge_0.2905__and__elapsed_seconds_ge_-23,1,False,UNKNOWN,record,1130
1.0,-47.3498375,24.929912499999997,ResearchRun,GROSS_REFERENCE_PROXY,BLOCK_DATA_FEE_SLIPPAGE_LIQUIDITY,pairwise,-0.925,554,1684,1684,-0.006801365795724462,-11.453499999999995,OBSERVED_VALUE,all_training_conditions,-10.528499999999998,0.9720775371442447,0.7312268773122688,FDR_NOT_SIGNIFICANT,path_high_ge_0.2905__and__elapsed_seconds_ge_-38,1,False,UNKNOWN,record,1130
1.0,-52.16913749999999,21.971837499999992,ResearchRun,GROSS_REFERENCE_PROXY,BLOCK_DATA_FEE_SLIPPAGE_LIQUIDITY,pairwise,-0.915,563,1686,1686,-0.00904982206405693,-15.257999999999985,OBSERVED_VALUE,all_training_conditions,-14.343,0.9720775371442447,0.7885211478852114,FDR_NOT_SIGNIFICANT,path_high_ge_0.2905__and__elapsed_seconds_ge_-4388,1,False,UNKNOWN,record,1123
1.0,-44.6713375,27.957687499999967,ResearchRun,GROSS_REFERENCE_PROXY,BLOCK_DATA_FEE_SLIPPAGE_LIQUIDITY,pairwise,-0.925,551,1686,1686,-0.004629300118623972,-7.8050000000000175,OBSERVED_VALUE,all_training_conditions,-6.88,0.9720775371442447,0.6628337166283371,FDR_NOT_SIGNIFICANT,path_high_ge_0.2905__and__elapsed_seconds_ge_-52,1,False,UNKNOWN,record,1135
1.0,-48.714099999999995,23.911524999999994,ResearchRun,GROSS_REFERENCE_PROXY,BLOCK_DATA_FEE_SLIPPAGE_LIQUIDITY,pairwise,-0.925,554,1684,1684,-0.007044833729216149,-11.863499999999995,OBSERVED_VALUE,all_training_conditions,-10.938499999999998,0.9720775371442447,0.7343265673432656,FDR_NOT_SIGNIFICANT,path_high_ge_0.2905__and__elapsed_seconds_ge_300,1,False,UNKNOWN,record,1130
1.0,-51.333974999999995,21.086049999999993,ResearchRun,GROSS_REFERENCE_PROXY,BLOCK_DATA_FEE_SLIPPAGE_LIQUIDITY,pairwise,-0.915,551,1652,1652,-0.008779055690072634,-14.50299999999999,OBSERVED_VALUE,all_training_conditions,-13.587999999999997,0.9720775371442447,0.777922207779222,FDR_NOT_SIGNIFICANT,path_high_ge_0.2905__and__elapsed_seconds_lt_-23,1,False,UNKNOWN,record,1101
1.0,-49.725037499999985,21.986612500000003,ResearchRun,GROSS_REFERENCE_PROXY,BLOCK_DATA_FEE_SLIPPAGE_LIQUIDITY,pairwise,-0.915,528,1585,1585,-0.008734384858044156,-13.843999999999987,OBSERVED_VALUE,all_training_conditions,-12.928999999999998,0.9720775371442447,0.7785221477852214,FDR_NOT_SIGNIFICANT,path_high_ge_0.2905__and__elapsed_seconds_lt_-38,1,False,UNKNOWN,record,1057
1.0,-42.965925,21.25548749999999,ResearchRun,GROSS_REFERENCE_PROXY,BLOCK_DATA_FEE_SLIPPAGE_LIQUIDITY,pairwise,-0.915,443,1330,1330,-0.007730451127819553,-10.281500000000005,OBSERVED_VALUE,all_training_conditions,-9.366499999999998,0.9720775371442447,0.7269273072692731,FDR_NOT_SIGNIFICANT,path_high_ge_0.2905__and__elapsed_seconds_lt_-52,1,False,UNKNOWN,record,887
1.0,-52.21038749999998,20.836937499999955,ResearchRun,GROSS_REFERENCE_PROXY,BLOCK_DATA_FEE_SLIPPAGE_LIQUIDITY,pairwise,-0.915,563,1686,1686,-0.00904982206405693,-15.257999999999985,OBSERVED_VALUE,all_training_conditions,-14.343,0.9720775371442447,0.7936206379362064,FDR_NOT_SIGNIFICANT,path_high_ge_0.2905__and__elapsed_seconds_lt_300,1,False,UNKNOWN,record,1123
1.0,-39.77176249999999,17.507687499999992,ResearchRun,GROSS_REFERENCE_PROXY,BLOCK_DATA_FEE_SLIPPAGE_LIQUIDITY,pairwise,-0.905,348,1031,1031,-0.010561105722599412,-10.888499999999993,OBSERVED_VALUE,all_training_conditions,-9.983499999999998,0.9720775371442447,0.7703229677032297,FDR_NOT_SIGNIFICANT,path_high_ge_0.2905__and__level_eq_ATP,1,False,UNKNOWN,record,683
1.0,-26.618225,17.330212499999995,ResearchRun,GROSS_REFERENCE_PROXY,BLOCK_DATA_FEE_SLIPPAGE_LIQUIDITY,pairwise,-0.915,215,655,655,-0.00667099236641222,-4.369500000000004,OBSERVED_VALUE,all_training_conditions,-3.4545000000000003,0.9720775371442447,0.6493350664933507,FDR_NOT_SIGNIFICANT,path_high_ge_0.2905__and__level_eq_WTA,1,False,UNKNOWN,record,440
1.0,-52.832362499999995,19.021824999999982,ResearchRun,GROSS_REFERENCE_PROXY,BLOCK_DATA_FEE_SLIPPAGE_LIQUIDITY,path_behavior,-0.915,560,1679,1679,-0.009957415128052427,-16.718500000000024,OBSERVED_VALUE,all_training_conditions,-15.803499999999996,0.979364088907565,0.8141185881411859,FDR_NOT_SIGNIFICANT,path_high_ge_0.51,1,False,UNKNOWN,record,1119
1.0,-52.692574999999984,19.630774999999993,ResearchRun,GROSS_REFERENCE_PROXY,BLOCK_DATA_FEE_SLIPPAGE_LIQUIDITY,pairwise,-0.925,554,1675,1675,-0.009461791044776109,-15.848499999999984,OBSERVED_VALUE,all_training_conditions,-14.923500000000004,0.9725045307174116,0.8036196380361964,FDR_NOT_SIGNIFICANT,path_high_ge_0.51__and__elapsed_seconds_ge_-23,1,False,UNKNOWN,record,1121
1.0,-54.390225,18.084749999999985,ResearchRun,GROSS_REFERENCE_PROXY,BLOCK_DATA_FEE_SLIPPAGE_LIQUIDITY,pairwise,-0.925,556,1675,1675,-0.010658805970149229,-17.853499999999958,OBSERVED_VALUE,all_training_conditions,-16.928500000000003,0.9799762880854771,0.8398160183981602,FDR_NOT_SIGNIFICANT,path_high_ge_0.51__and__elapsed_seconds_ge_-38,1,False,UNKNOWN,record,1119
1.0,-53.26318749999999,20.268337499999994,ResearchRun,GROSS_REFERENCE_PROXY,BLOCK_DATA_FEE_SLIPPAGE_LIQUIDITY,pairwise,-0.915,560,1679,1679,-0.009957415128052427,-16.718500000000024,OBSERVED_VALUE,all_training_conditions,-15.803499999999996,0.9799762880854771,0.8189181081891811,FDR_NOT_SIGNIFICANT,path_high_ge_0.51__and__elapsed_seconds_ge_-4388,1,False,UNKNOWN,record,1119
1.0,-50.85868749999999,21.70098749999999,ResearchRun,GROSS_REFERENCE_PROXY,BLOCK_DATA_FEE_SLIPPAGE_LIQUIDITY,pairwise,-0.925,553,1677,1677,-0.008494335122242099,-14.245,OBSERVED_VALUE,all_training_conditions,-13.32,0.9720775371442447,0.7835216478352165,FDR_NOT_SIGNIFICANT,path_high_ge_0.51__and__elapsed_seconds_ge_-52,1,False,UNKNOWN,record,1124
1.0,-50.9736,21.69598749999999,ResearchRun,GROSS_REFERENCE_PROXY,BLOCK_DATA_FEE_SLIPPAGE_LIQUIDITY,pairwise,-0.925,553,1675,1675,-0.009103582089552231,-15.248499999999988,OBSERVED_VALUE,all_training_conditions,-14.323500000000003,0.9720775371442447,0.8011198880111989,FDR_NOT_SIGNIFICANT,path_high_ge_0.51__and__elapsed_seconds_ge_300,1,False,UNKNOWN,record,1122
1.0,-49.6563375,21.985662500000004,ResearchRun,GROSS_REFERENCE_PROXY,BLOCK_DATA_FEE_SLIPPAGE_LIQUIDITY,pairwise,-0.915,536,1623,1623,-0.008538508934072707,-13.858000000000004,OBSERVED_VALUE,all_training_conditions,-12.943000000000001,0.9720775371442447,0.7791220877912208,FDR_NOT_SIGNIFICANT,path_high_ge_0.51__and__elapsed_seconds_lt_-23,1,False,UNKNOWN,record,1087
1.0,-47.530049999999996,23.368062499999986,ResearchRun,GROSS_REFERENCE_PROXY,BLOCK_DATA_FEE_SLIPPAGE_LIQUIDITY,pairwise,-0.915,513,1557,1557,-0.008159280667951197,-12.704000000000015,OBSERVED_VALUE,all_training_conditions,-11.789000000000005,0.9720775371442447,0.7549245075492451,FDR_NOT_SIGNIFICANT,path_high_ge_0.51__and__elapsed_seconds_lt_-38,1,False,UNKNOWN,record,1044
1.0,-40.96738749999998,22.953249999999993,ResearchRun,GROSS_REFERENCE_PROXY,BLOCK_DATA_FEE_SLIPPAGE_LIQUIDITY,pairwise,-0.915,429,1304,1304,-0.00701802147239264,-9.151500000000002,OBSERVED_VALUE,all_training_conditions,-8.2365,0.9720775371442447,0.7071292870712929,FDR_NOT_SIGNIFICANT,path_high_ge_0.51__and__elapsed_seconds_lt_-52,1,False,UNKNOWN,record,875
1.0,-50.7821125,21.256137500000005,ResearchRun,GROSS_REFERENCE_PROXY,BLOCK_DATA_FEE_SLIPPAGE_LIQUIDITY,pairwise,-0.915,548,1656,1656,-0.009123188405797093,-15.107999999999986,OBSERVED_VALUE,all_training_conditions,-14.193000000000001,0.9720775371442447,0.7916208379162084,FDR_NOT_SIGNIFICANT,path_high_ge_0.51__and__elapsed_seconds_lt_300,1,False,UNKNOWN,record,1108
1.0,-40.094387499999996,16.906099999999963,ResearchRun,GROSS_REFERENCE_PROXY,BLOCK_DATA_FEE_SLIPPAGE_LIQUIDITY,pairwise,-0.905,346,1027,1027,-0.011195228821811096,-11.497499999999995,OBSERVED_VALUE,all_training_conditions,-10.592500000000003,0.9720775371442447,0.7869213078692131,FDR_NOT_SIGNIFICANT,path_high_ge_0.51__and__level_eq_ATP,1,False,UNKNOWN,record,681
1.0,-27.670662499999995,16.957662499999998,ResearchRun,GROSS_REFERENCE_PROXY,BLOCK_DATA_FEE_SLIPPAGE_LIQUIDITY,pairwise,-0.915,214,652,652,-0.008007668711656446,-5.221000000000003,OBSERVED_VALUE,all_training_conditions,-4.306000000000002,0.9720775371442447,0.6807319268073193,FDR_NOT_SIGNIFICANT,path_high_ge_0.51__and__level_eq_WTA,1,False,UNKNOWN,record,438
1.0,-9.902887499999988,26.98864999999999,ResearchRun,GROSS_REFERENCE_PROXY,BLOCK_DATA_FEE_SLIPPAGE_LIQUIDITY,path_behavior,-0.915,111,615,615,0.014755284552845555,9.074500000000016,OBSERVED_VALUE,all_training_conditions,9.9895,0.9720775371442447,0.16568343165683433,FDR_NOT_SIGNIFICANT,path_high_ge_0.7315,1,False,UNKNOWN,record,504
1.0,-11.699599999999997,24.777849999999997,ResearchRun,GROSS_REFERENCE_PROXY,BLOCK_DATA_FEE_SLIPPAGE_LIQUIDITY,pairwise,-0.925,111,606,606,0.011243399339933974,6.813499999999989,OBSERVED_VALUE,all_training_conditions,7.738500000000001,0.9720775371442447,0.23987601239876014,FDR_NOT_SIGNIFICANT,path_high_ge_0.7315__and__elapsed_seconds_ge_-23,1,False,UNKNOWN,record,495
1.0,-11.699937499999995,24.6356375,ResearchRun,GROSS_REFERENCE_PROXY,BLOCK_DATA_FEE_SLIPPAGE_LIQUIDITY,pairwise,-0.925,111,606,606,0.011004125412541243,6.668499999999993,OBSERVED_VALUE,all_training_conditions,7.5935000000000015,0.9720775371442447,0.23267673232676733,FDR_NOT_SIGNIFICANT,path_high_ge_0.7315__and__elapsed_seconds_ge_-38,1,False,UNKNOWN,record,495
1.0,-9.458874999999995,26.822049999999994,ResearchRun,GROSS_REFERENCE_PROXY,BLOCK_DATA_FEE_SLIPPAGE_LIQUIDITY,pairwise,-0.915,111,615,615,0.014755284552845555,9.074500000000016,OBSERVED_VALUE,all_training_conditions,9.9895,0.9720775371442447,0.16698330166983302,FDR_NOT_SIGNIFICANT,path_high_ge_0.7315__and__elapsed_seconds_ge_-4388,1,False,UNKNOWN,record,504
1.0,-11.861124999999998,24.959662499999997,ResearchRun,GROSS_REFERENCE_PROXY,BLOCK_DATA_FEE_SLIPPAGE_LIQUIDITY,pairwise,-0.925,111,610,610,0.011718032786885237,7.147999999999994,OBSERVED_VALUE,all_training_conditions,8.072999999999999,0.9720775371442447,0.22157784221577842,FDR_NOT_SIGNIFICANT,path_high_ge_0.7315__and__elapsed_seconds_ge_-52,1,False,UNKNOWN,record,499
1.0,-12.193537499999996,24.481374999999993,ResearchRun,GROSS_REFERENCE_PROXY,BLOCK_DATA_FEE_SLIPPAGE_LIQUIDITY,pairwise,-0.925,111,606,606,0.011086633663366326,6.7184999999999935,OBSERVED_VALUE,all_training_conditions,7.6435,0.9720775371442447,0.23987601239876014,FDR_NOT_SIGNIFICANT,path_high_ge_0.7315__and__elapsed_seconds_ge_300,1,False,UNKNOWN,record,495
1.0,-10.1471125,21.725025000000002,ResearchRun,GROSS_REFERENCE_PROXY,BLOCK_DATA_FEE_SLIPPAGE_LIQUIDITY,pairwise,-0.915,84,496,496,0.01155241935483871,5.73,OBSERVED_VALUE,all_training_conditions,6.644999999999998,0.9720775371442447,0.24267573242675733,FDR_NOT_SIGNIFICANT,path_high_ge_0.7315__and__elapsed_seconds_lt_-23,1,False,UNKNOWN,record,412
1.0,-12.981074999999995,18.9337125,ResearchRun,GROSS_REFERENCE_PROXY,BLOCK_DATA_FEE_SLIPPAGE_LIQUIDITY,pairwise,-0.915,83,477,477,0.007262054507337513,3.4639999999999938,OBSERVED_VALUE,all_training_conditions,4.379,0.9720775371442447,0.33856614338566143,FDR_NOT_SIGNIFICANT,path_high_ge_0.7315__and__elapsed_seconds_lt_-38,1,False,UNKNOWN,record,394
1.0,-11.710087499999995,18.168812499999998,ResearchRun,GROSS_REFERENCE_PROXY,BLOCK_DATA_FEE_SLIPPAGE_LIQUIDITY,pairwise,-0.915,70,402,402,0.009159203980099485,3.681999999999993,OBSERVED_VALUE,all_training_conditions,4.5969999999999995,0.9720775371442447,0.3117688231176882,FDR_NOT_SIGNIFICANT,path_high_ge_0.7315__and__elapsed_seconds_lt_-52,1,False,UNKNOWN,record,332
1.0,-10.613349999999995,21.921549999999996,ResearchRun,GROSS_REFERENCE_PROXY,BLOCK_DATA_FEE_SLIPPAGE_LIQUIDITY,pairwise,-0.915,85,503,503,0.011779324055666009,5.9250000000000025,OBSERVED_VALUE,all_training_conditions,6.839999999999997,0.9720775371442447,0.2385761423857614,FDR_NOT_SIGNIFICANT,path_high_ge_0.7315__and__elapsed_seconds_lt_300,1,False,UNKNOWN,record,418
1.0,-8.450337499999998,19.816525,ResearchRun,GROSS_REFERENCE_PROXY,BLOCK_DATA_FEE_SLIPPAGE_LIQUIDITY,pairwise,-0.905,67,368,368,0.0165217391304348,6.080000000000005,OBSERVED_VALUE,all_training_conditions,6.9849999999999985,0.9720775371442447,0.20837916208379162,FDR_NOT_SIGNIFICANT,path_high_ge_0.7315__and__level_eq_ATP,1,False,UNKNOWN,record,301
1.0,-8.767249999999997,14.080149999999996,ResearchRun,GROSS_REFERENCE_PROXY,BLOCK_DATA_FEE_SLIPPAGE_LIQUIDITY,pairwise,-0.915,44,247,247,0.012123481781376516,2.9944999999999995,OBSERVED_VALUE,all_training_conditions,3.909500000000001,0.9720775371442447,0.30716928307169283,FDR_NOT_SIGNIFICANT,path_high_ge_0.7315__and__level_eq_WTA,1,False,UNKNOWN,record,203
1.0,0.01100000000000001,0.01100000000000001,ResearchRun,GROSS_REFERENCE_PROXY,BLOCK_DATA_FEE_SLIPPAGE_LIQUIDITY,path_behavior,0.01100000000000001,0,1,1,0.01100000000000001,0.01100000000000001,OBSERVED_VALUE,all_training_conditions,0.0,0.9720775371442447,0.5038496150384961,FDR_NOT_SIGNIFICANT,path_high_ge_0.989,1,False,UNKNOWN,record,1
1.0,0.01100000000000001,0.01100000000000001,ResearchRun,GROSS_REFERENCE_PROXY,BLOCK_DATA_FEE_SLIPPAGE_LIQUIDITY,pairwise,0.01100000000000001,0,1,1,0.01100000000000001,0.01100000000000001,OBSERVED_VALUE,all_training_conditions,0.0,0.9720775371442447,0.49725027497250274,FDR_NOT_SIGNIFICANT,path_high_ge_0.989__and__elapsed_seconds_ge_-23,1,False,UNKNOWN,record,1
1.0,0.01100000000000001,0.01100000000000001,ResearchRun,GROSS_REFERENCE_PROXY,BLOCK_DATA_FEE_SLIPPAGE_LIQUIDITY,pairwise,0.01100000000000001,0,1,1,0.01100000000000001,0.01100000000000001,OBSERVED_VALUE,all_training_conditions,0.0,0.9720775371442447,0.5010498950104989,FDR_NOT_SIGNIFICANT,path_high_ge_0.989__and__elapsed_seconds_ge_-38,1,False,UNKNOWN,record,1
1.0,0.01100000000000001,0.01100000000000001,ResearchRun,GROSS_REFERENCE_PROXY,BLOCK_DATA_FEE_SLIPPAGE_LIQUIDITY,pairwise,0.01100000000000001,0,1,1,0.01100000000000001,0.01100000000000001,OBSERVED_VALUE,all_training_conditions,0.0,0.9720775371442447,0.5037496250374962,FDR_NOT_SIGNIFICANT,path_high_ge_0.989__and__elapsed_seconds_ge_-4388,1,False,UNKNOWN,record,1
1.0,0.01100000000000001,0.01100000000000001,ResearchRun,GROSS_REFERENCE_PROXY,BLOCK_DATA_FEE_SLIPPAGE_LIQUIDITY,pairwise,0.01100000000000001,0,1,1,0.01100000000000001,0.01100000000000001,OBSERVED_VALUE,all_training_conditions,0.0,0.9720775371442447,0.49355064493550643,FDR_NOT_SIGNIFICANT,path_high_ge_0.989__and__elapsed_seconds_ge_-52,1,False,UNKNOWN,record,1
1.0,0.01100000000000001,0.01100000000000001,ResearchRun,GROSS_REFERENCE_PROXY,BLOCK_DATA_FEE_SLIPPAGE_LIQUIDITY,pairwise,0.01100000000000001,0,1,1,0.01100000000000001,0.01100000000000001,OBSERVED_VALUE,all_training_conditions,0.0,0.9720775371442447,0.49845015498450157,FDR_NOT_SIGNIFICANT,path_high_ge_0.989__and__elapsed_seconds_ge_300,1,False,UNKNOWN,record,1
,,,ResearchRun,GROSS_REFERENCE_PROXY,BLOCK_DATA_FEE_SLIPPAGE_LIQUIDITY,pairwise,,0,0,0,,0.0,OBSERVED_VALUE,all_training_conditions,0.0,,,ZERO_MATCHES,path_high_ge_0.989__and__elapsed_seconds_lt_-23,1,False,UNKNOWN,record,0
,,,ResearchRun,GROSS_REFERENCE_PROXY,BLOCK_DATA_FEE_SLIPPAGE_LIQUIDITY,pairwise,,0,0,0,,0.0,OBSERVED_VALUE,all_training_conditions,0.0,,,ZERO_MATCHES,path_high_ge_0.989__and__elapsed_seconds_lt_-38,1,False,UNKNOWN,record,0
,,,ResearchRun,GROSS_REFERENCE_PROXY,BLOCK_DATA_FEE_SLIPPAGE_LIQUIDITY,pairwise,,0,0,0,,0.0,OBSERVED_VALUE,all_training_conditions,0.0,,,ZERO_MATCHES,path_high_ge_0.989__and__elapsed_seconds_lt_-52,1,False,UNKNOWN,record,0
,,,ResearchRun,GROSS_REFERENCE_PROXY,BLOCK_DATA_FEE_SLIPPAGE_LIQUIDITY,pairwise,,0,0,0,,0.0,OBSERVED_VALUE,all_training_conditions,0.0,,,ZERO_MATCHES,path_high_ge_0.989__and__elapsed_seconds_lt_300,1,False,UNKNOWN,record,0
,,,ResearchRun,GROSS_REFERENCE_PROXY,BLOCK_DATA_FEE_SLIPPAGE_LIQUIDITY,pairwise,,0,0,0,,0.0,OBSERVED_VALUE,all_training_conditions,0.0,,,ZERO_MATCHES,path_high_ge_0.989__and__level_eq_ATP,1,False,UNKNOWN,record,0
1.0,0.01100000000000001,0.01100000000000001,ResearchRun,GROSS_REFERENCE_PROXY,BLOCK_DATA_FEE_SLIPPAGE_LIQUIDITY,pairwise,0.01100000000000001,0,1,1,0.01100000000000001,0.01100000000000001,OBSERVED_VALUE,all_training_conditions,0.0,0.9720775371442447,0.48595140485951405,FDR_NOT_SIGNIFICANT,path_high_ge_0.989__and__level_eq_WTA,1,False,UNKNOWN,record,1
,,,ResearchRun,GROSS_REFERENCE_PROXY,BLOCK_DATA_FEE_SLIPPAGE_LIQUIDITY,path_behavior,,0,0,0,,0.0,OBSERVED_VALUE,all_training_conditions,0.0,,,ZERO_MATCHES,path_high_lt_0.0125,1,False,UNKNOWN,record,0
1.0,-24.3394625,12.443737499999997,ResearchRun,GROSS_REFERENCE_PROXY,BLOCK_DATA_FEE_SLIPPAGE_LIQUIDITY,path_behavior,0.915,492,605,605,-0.01059090909090911,-6.407500000000011,OBSERVED_VALUE,all_training_conditions,-7.3225,0.9720775371442447,0.7513248675132487,FDR_NOT_SIGNIFICANT,path_high_lt_0.2905,1,False,UNKNOWN,record,113
1.0,-19.310062499999997,14.084537500000001,ResearchRun,GROSS_REFERENCE_PROXY,BLOCK_DATA_FEE_SLIPPAGE_LIQUIDITY,pairwise,0.925,433,527,527,-0.005326375711574958,-2.807000000000003,OBSERVED_VALUE,all_training_conditions,-3.732,0.9720775371442447,0.6287371262873712,FDR_NOT_SIGNIFICANT,path_high_lt_0.2905__and__elapsed_seconds_ge_-23,1,False,UNKNOWN,record,94
1.0,-20.20855,13.54579999999998,ResearchRun,GROSS_REFERENCE_PROXY,BLOCK_DATA_FEE_SLIPPAGE_LIQUIDITY,pairwise,0.925,436,530,530,-0.006871698113207545,-3.6419999999999986,OBSERVED_VALUE,all_training_conditions,-4.567000000000002,0.9720775371442447,0.6626337366263374,FDR_NOT_SIGNIFICANT,path_high_lt_0.2905__and__elapsed_seconds_ge_-38,1,False,UNKNOWN,record,94
1.0,-24.34055,12.691762499999998,ResearchRun,GROSS_REFERENCE_PROXY,BLOCK_DATA_FEE_SLIPPAGE_LIQUIDITY,pairwise,0.915,492,605,605,-0.01059090909090911,-6.407500000000011,OBSERVED_VALUE,all_training_conditions,-7.3225,0.9720775371442447,0.7507249275072493,FDR_NOT_SIGNIFICANT,path_high_lt_0.2905__and__elapsed_seconds_ge_-4388,1,False,UNKNOWN,record,113
1.0,-21.034125,13.36278749999999,ResearchRun,GROSS_REFERENCE_PROXY,BLOCK_DATA_FEE_SLIPPAGE_LIQUIDITY,pairwise,0.925,450,547,547,-0.007834552102376591,-4.285499999999995,OBSERVED_VALUE,all_training_conditions,-5.210500000000002,0.9720775371442447,0.6888311168883112,FDR_NOT_SIGNIFICANT,path_high_lt_0.2905__and__elapsed_seconds_ge_-52,1,False,UNKNOWN,record,97
1.0,-19.591625,14.943712499999997,ResearchRun,GROSS_REFERENCE_PROXY,BLOCK_DATA_FEE_SLIPPAGE_LIQUIDITY,pairwise,0.925,433,527,527,-0.0050986717267552184,-2.6870000000000003,OBSERVED_VALUE,all_training_conditions,-3.611999999999999,0.9720775371442447,0.6163383661633837,FDR_NOT_SIGNIFICANT,path_high_lt_0.2905__and__elapsed_seconds_ge_300,1,False,UNKNOWN,record,94
1.0,-26.104237499999996,10.36118749999999,ResearchRun,GROSS_REFERENCE_PROXY,BLOCK_DATA_FEE_SLIPPAGE_LIQUIDITY,pairwise,0.915,481,589,589,-0.013179117147707994,-7.762500000000008,OBSERVED_VALUE,all_training_conditions,-8.677500000000002,0.9720775371442447,0.7905209479052094,FDR_NOT_SIGNIFICANT,path_high_lt_0.2905__and__elapsed_seconds_lt_-23,1,False,UNKNOWN,record,108
1.0,-23.2447375,12.630362499999991,ResearchRun,GROSS_REFERENCE_PROXY,BLOCK_DATA_FEE_SLIPPAGE_LIQUIDITY,pairwise,0.915,460,566,566,-0.009525618374558323,-5.391500000000011,OBSERVED_VALUE,all_training_conditions,-6.306500000000001,0.9720775371442447,0.7217278272172782,FDR_NOT_SIGNIFICANT,path_high_lt_0.2905__and__elapsed_seconds_lt_-38,1,False,UNKNOWN,record,106
1.0,-19.979062499999998,12.643224999999978,ResearchRun,GROSS_REFERENCE_PROXY,BLOCK_DATA_FEE_SLIPPAGE_LIQUIDITY,pairwise,0.915,383,472,472,-0.009109110169491515,-4.299499999999995,OBSERVED_VALUE,all_training_conditions,-5.214500000000002,0.9720775371442447,0.7018298170182982,FDR_NOT_SIGNIFICANT,path_high_lt_0.2905__and__elapsed_seconds_lt_-52,1,False,UNKNOWN,record,89
1.0,-24.980162499999995,11.831774999999995,ResearchRun,GROSS_REFERENCE_PROXY,BLOCK_DATA_FEE_SLIPPAGE_LIQUIDITY,pairwise,0.915,488,599,599,-0.011364774624373979,-6.807500000000013,OBSERVED_VALUE,all_training_conditions,-7.722500000000001,0.9720775371442447,0.774022597740226,FDR_NOT_SIGNIFICANT,path_high_lt_0.2905__and__elapsed_seconds_lt_300,1,False,UNKNOWN,record,111
1.0,-19.450674999999997,9.53654999999999,ResearchRun,GROSS_REFERENCE_PROXY,BLOCK_DATA_FEE_SLIPPAGE_LIQUIDITY,pairwise,0.905,297,366,366,-0.014166666666666683,-5.185000000000006,OBSERVED_VALUE,all_training_conditions,-6.0900000000000025,0.9720775371442447,0.7652234776522348,FDR_NOT_SIGNIFICANT,path_high_lt_0.2905__and__level_eq_ATP,1,False,UNKNOWN,record,69
1.0,-12.219087499999997,10.7980875,ResearchRun,GROSS_REFERENCE_PROXY,BLOCK_DATA_FEE_SLIPPAGE_LIQUIDITY,pairwise,0.915,195,239,239,-0.005115062761506286,-1.2225000000000024,OBSERVED_VALUE,all_training_conditions,-2.1374999999999993,0.9720775371442447,0.5888411158884111,FDR_NOT_SIGNIFICANT,path_high_lt_0.2905__and__level_eq_WTA,1,False,UNKNOWN,record,44
1.0,-22.222037500000003,50.93668749999999,ResearchRun,GROSS_REFERENCE_PROXY,BLOCK_DATA_FEE_SLIPPAGE_LIQUIDITY,path_behavior,0.915,1123,1686,1686,0.008871886120996444,14.958000000000006,OBSERVED_VALUE,all_training_conditions,14.043,0.9720775371442447,0.204979502049795,FDR_NOT_SIGNIFICANT,path_high_lt_0.51,1,False,UNKNOWN,record,563
1.0,-15.07473749999999,56.727624999999996,ResearchRun,GROSS_REFERENCE_PROXY,BLOCK_DATA_FEE_SLIPPAGE_LIQUIDITY,pairwise,0.925,1079,1611,1611,0.012921477343265049,20.816499999999994,OBSERVED_VALUE,all_training_conditions,19.891500000000004,0.9720775371442447,0.12418758124187582,FDR_NOT_SIGNIFICANT,path_high_lt_0.51__and__elapsed_seconds_ge_-23,1,False,UNKNOWN,record,532
1.0,-12.7597125,58.59642499999998,ResearchRun,GROSS_REFERENCE_PROXY,BLOCK_DATA_FEE_SLIPPAGE_LIQUIDITY,pairwise,0.925,1078,1613,1613,0.014182579045257283,22.876499999999997,OBSERVED_VALUE,all_training_conditions,21.9515,0.9720775371442447,0.10878912108789121,FDR_NOT_SIGNIFICANT,path_high_lt_0.51__and__elapsed_seconds_ge_-38,1,False,UNKNOWN,record,535
1.0,-21.9422875,51.53909999999999,ResearchRun,GROSS_REFERENCE_PROXY,BLOCK_DATA_FEE_SLIPPAGE_LIQUIDITY,pairwise,0.915,1123,1686,1686,0.008871886120996444,14.958000000000006,OBSERVED_VALUE,all_training_conditions,14.043,0.9720775371442447,0.21437856214378562,FDR_NOT_SIGNIFICANT,path_high_lt_0.51__and__elapsed_seconds_ge_-4388,1,False,UNKNOWN,record,563
1.0,-14.056525,56.78212500000001,ResearchRun,GROSS_REFERENCE_PROXY,BLOCK_DATA_FEE_SLIPPAGE_LIQUIDITY,pairwise,0.925,1090,1630,1630,0.012915950920245407,21.05300000000001,OBSERVED_VALUE,all_training_conditions,20.128000000000004,0.9720775371442447,0.12808719128087193,FDR_NOT_SIGNIFICANT,path_high_lt_0.51__and__elapsed_seconds_ge_-52,1,False,UNKNOWN,record,540
1.0,-14.906487499999985,55.73413749999999,ResearchRun,GROSS_REFERENCE_PROXY,BLOCK_DATA_FEE_SLIPPAGE_LIQUIDITY,pairwise,0.925,1079,1609,1609,0.012483840894965811,20.08649999999999,OBSERVED_VALUE,all_training_conditions,19.1615,0.9720775371442447,0.13258674132586742,FDR_NOT_SIGNIFICANT,path_high_lt_0.51__and__elapsed_seconds_ge_300,1,False,UNKNOWN,record,530
1.0,-23.621325,48.87704999999999,ResearchRun,GROSS_REFERENCE_PROXY,BLOCK_DATA_FEE_SLIPPAGE_LIQUIDITY,pairwise,0.915,1102,1652,1652,0.007998184019370462,13.213000000000003,OBSERVED_VALUE,all_training_conditions,12.297999999999998,0.9720775371442447,0.23997600239976002,FDR_NOT_SIGNIFICANT,path_high_lt_0.51__and__elapsed_seconds_lt_-23,1,False,UNKNOWN,record,550
1.0,-23.785487499999984,46.6676875,ResearchRun,GROSS_REFERENCE_PROXY,BLOCK_DATA_FEE_SLIPPAGE_LIQUIDITY,pairwise,0.915,1059,1585,1585,0.0072958990536277565,11.563999999999995,OBSERVED_VALUE,all_training_conditions,10.648999999999997,0.9720775371442447,0.2653734626537346,FDR_NOT_SIGNIFICANT,path_high_lt_0.51__and__elapsed_seconds_lt_-38,1,False,UNKNOWN,record,526
1.0,-24.55994999999999,40.5862125,ResearchRun,GROSS_REFERENCE_PROXY,BLOCK_DATA_FEE_SLIPPAGE_LIQUIDITY,pairwise,0.915,889,1330,1330,0.006031203007518794,8.021499999999996,OBSERVED_VALUE,all_training_conditions,7.106500000000001,0.9720775371442447,0.3070692930706929,FDR_NOT_SIGNIFICANT,path_high_lt_0.51__and__elapsed_seconds_lt_-52,1,False,UNKNOWN,record,441
1.0,-21.411449999999984,51.2526125,ResearchRun,GROSS_REFERENCE_PROXY,BLOCK_DATA_FEE_SLIPPAGE_LIQUIDITY,pairwise,0.915,1123,1686,1686,0.008871886120996444,14.958000000000006,OBSERVED_VALUE,all_training_conditions,14.043,0.9720775371442447,0.21277872212778723,FDR_NOT_SIGNIFICANT,path_high_lt_0.51__and__elapsed_seconds_lt_300,1,False,UNKNOWN,record,563
1.0,-16.233387499999996,41.73037499999998,ResearchRun,GROSS_REFERENCE_PROXY,BLOCK_DATA_FEE_SLIPPAGE_LIQUIDITY,pairwise,0.905,681,1031,1031,0.012340931134820553,12.72349999999999,OBSERVED_VALUE,all_training_conditions,11.818500000000006,0.9720775371442447,0.19738026197380262,FDR_NOT_SIGNIFICANT,path_high_lt_0.51__and__level_eq_ATP,1,False,UNKNOWN,record,350
1.0,-20.53063749999999,25.215787499999994,ResearchRun,GROSS_REFERENCE_PROXY,BLOCK_DATA_FEE_SLIPPAGE_LIQUIDITY,pairwise,0.915,442,655,655,0.0034114503816793924,2.234500000000002,OBSERVED_VALUE,all_training_conditions,1.3195000000000006,0.9720775371442447,0.42245775422457754,FDR_NOT_SIGNIFICANT,path_high_lt_0.51__and__level_eq_WTA,1,False,UNKNOWN,record,213
1.0,-63.8373,8.9073875,ResearchRun,GROSS_REFERENCE_PROXY,BLOCK_DATA_FEE_SLIPPAGE_LIQUIDITY,path_behavior,0.915,896,1686,1686,-0.016078291814946643,-27.10800000000004,OBSERVED_VALUE,all_training_conditions,-28.02299999999999,0.9830077598300776,0.9266073392660734,FDR_NOT_SIGNIFICANT,path_high_lt_0.7315,1,False,UNKNOWN,record,790
1.0,-62.67662499999999,9.284724999999993,ResearchRun,GROSS_REFERENCE_PROXY,BLOCK_DATA_FEE_SLIPPAGE_LIQUIDITY,pairwise,0.925,938,1684,1684,-0.016066211401425192,-27.055500000000023,OBSERVED_VALUE,all_training_conditions,-27.980499999999996,0.9830077598300776,0.9297070292970703,FDR_NOT_SIGNIFICANT,path_high_lt_0.7315__and__elapsed_seconds_ge_-23,1,False,UNKNOWN,record,746
1.0,-60.44796249999999,10.718874999999972,ResearchRun,GROSS_REFERENCE_PROXY,BLOCK_DATA_FEE_SLIPPAGE_LIQUIDITY,pairwise,0.925,934,1684,1684,-0.014777612826603333,-24.885500000000015,OBSERVED_VALUE,all_training_conditions,-25.810499999999994,0.9830077598300776,0.912008799120088,FDR_NOT_SIGNIFICANT,path_high_lt_0.7315__and__elapsed_seconds_ge_-38,1,False,UNKNOWN,record,750
1.0,-63.458012499999995,8.823612500000003,ResearchRun,GROSS_REFERENCE_PROXY,BLOCK_DATA_FEE_SLIPPAGE_LIQUIDITY,pairwise,0.915,896,1686,1686,-0.016078291814946643,-27.10800000000004,OBSERVED_VALUE,all_training_conditions,-28.02299999999999,0.9830077598300776,0.9237076292370763,FDR_NOT_SIGNIFICANT,path_high_lt_0.7315__and__elapsed_seconds_ge_-4388,1,False,UNKNOWN,record,790
1.0,-59.1593,14.99682499999999,ResearchRun,GROSS_REFERENCE_PROXY,BLOCK_DATA_FEE_SLIPPAGE_LIQUIDITY,pairwise,0.925,925,1686,1686,-0.013132858837485177,-22.14200000000001,OBSERVED_VALUE,all_training_conditions,-23.067,0.9799762880854771,0.8845115488451155,FDR_NOT_SIGNIFICANT,path_high_lt_0.7315__and__elapsed_seconds_ge_-52,1,False,UNKNOWN,record,761
1.0,-61.64947499999999,11.113462499999992,ResearchRun,GROSS_REFERENCE_PROXY,BLOCK_DATA_FEE_SLIPPAGE_LIQUIDITY,pairwise,0.925,938,1684,1684,-0.015003266033254175,-25.26550000000003,OBSERVED_VALUE,all_training_conditions,-26.190499999999997,0.9830077598300776,0.9128087191280871,FDR_NOT_SIGNIFICANT,path_high_lt_0.7315__and__elapsed_seconds_ge_300,1,False,UNKNOWN,record,746
1.0,-60.877874999999975,10.867249999999995,ResearchRun,GROSS_REFERENCE_PROXY,BLOCK_DATA_FEE_SLIPPAGE_LIQUIDITY,pairwise,0.915,879,1652,1652,-0.015716101694915278,-25.963000000000036,OBSERVED_VALUE,all_training_conditions,-26.877999999999993,0.9830077598300776,0.923007699230077,FDR_NOT_SIGNIFICANT,path_high_lt_0.7315__and__elapsed_seconds_lt_-23,1,False,UNKNOWN,record,773
1.0,-56.63251249999999,15.70351249999999,ResearchRun,GROSS_REFERENCE_PROXY,BLOCK_DATA_FEE_SLIPPAGE_LIQUIDITY,pairwise,0.915,839,1585,1585,-0.01310536277602524,-20.772000000000006,OBSERVED_VALUE,all_training_conditions,-21.686999999999998,0.9799762880854771,0.8701129887011299,FDR_NOT_SIGNIFICANT,path_high_lt_0.7315__and__elapsed_seconds_lt_-38,1,False,UNKNOWN,record,746
1.0,-51.170399999999994,15.421799999999994,ResearchRun,GROSS_REFERENCE_PROXY,BLOCK_DATA_FEE_SLIPPAGE_LIQUIDITY,pairwise,0.915,705,1330,1330,-0.01326729323308271,-17.645500000000006,OBSERVED_VALUE,all_training_conditions,-18.560500000000005,0.9799762880854771,0.851014898510149,FDR_NOT_SIGNIFICANT,path_high_lt_0.7315__and__elapsed_seconds_lt_-52,1,False,UNKNOWN,record,625
1.0,-63.944212499999985,8.750887499999953,ResearchRun,GROSS_REFERENCE_PROXY,BLOCK_DATA_FEE_SLIPPAGE_LIQUIDITY,pairwise,0.915,896,1686,1686,-0.016078291814946643,-27.10800000000004,OBSERVED_VALUE,all_training_conditions,-28.02299999999999,0.9830077598300776,0.9295070492950704,FDR_NOT_SIGNIFICANT,path_high_lt_0.7315__and__elapsed_seconds_lt_300,1,False,UNKNOWN,record,790
1.0,-51.336212499999995,5.957449999999992,ResearchRun,GROSS_REFERENCE_PROXY,BLOCK_DATA_FEE_SLIPPAGE_LIQUIDITY,pairwise,0.905,550,1031,1031,-0.0218074684772066,-22.483500000000006,OBSERVED_VALUE,all_training_conditions,-23.388500000000004,0.9830077598300776,0.9383061693830617,FDR_NOT_SIGNIFICANT,path_high_lt_0.7315__and__level_eq_ATP,1,False,UNKNOWN,record,481
1.0,-26.836124999999992,17.972524999999983,ResearchRun,GROSS_REFERENCE_PROXY,BLOCK_DATA_FEE_SLIPPAGE_LIQUIDITY,pairwise,0.915,346,655,655,-0.007060305343511433,-4.624499999999989,OBSERVED_VALUE,all_training_conditions,-5.539500000000001,0.9720775371442447,0.6538346165383462,FDR_NOT_SIGNIFICANT,path_high_lt_0.7315__and__level_eq_WTA,1,False,UNKNOWN,record,309
1.0,-52.64521250000001,21.163512499999996,ResearchRun,GROSS_REFERENCE_PROXY,BLOCK_DATA_FEE_SLIPPAGE_LIQUIDITY,path_behavior,-0.915,563,1686,1686,-0.00904982206405693,-15.257999999999985,OBSERVED_VALUE,all_training_conditions,-14.343,0.9720775371442447,0.7965203479652034,FDR_NOT_SIGNIFICANT,path_high_lt_0.989,1,False,UNKNOWN,record,1123
1.0,-48.60292499999999,23.8950625,ResearchRun,GROSS_REFERENCE_PROXY,BLOCK_DATA_FEE_SLIPPAGE_LIQUIDITY,pairwise,-0.925,555,1684,1684,-0.006820368171021373,-11.485499999999991,OBSERVED_VALUE,all_training_conditions,-10.560499999999998,0.9720775371442447,0.7401259874012599,FDR_NOT_SIGNIFICANT,path_high_lt_0.989__and__elapsed_seconds_ge_-23,1,False,UNKNOWN,record,1129
1.0,-48.2270125,24.892587499999998,ResearchRun,GROSS_REFERENCE_PROXY,BLOCK_DATA_FEE_SLIPPAGE_LIQUIDITY,pairwise,-0.925,555,1684,1684,-0.006814429928741089,-11.475499999999993,OBSERVED_VALUE,all_training_conditions,-10.550499999999996,0.9720775371442447,0.7307269273072693,FDR_NOT_SIGNIFICANT,path_high_lt_0.989__and__elapsed_seconds_ge_-38,1,False,UNKNOWN,record,1129
1.0,-51.382999999999996,21.043899999999987,ResearchRun,GROSS_REFERENCE_PROXY,BLOCK_DATA_FEE_SLIPPAGE_LIQUIDITY,pairwise,-0.915,563,1686,1686,-0.00904982206405693,-15.257999999999985,OBSERVED_VALUE,all_training_conditions,-14.343,0.9720775371442447,0.7945205479452054,FDR_NOT_SIGNIFICANT,path_high_lt_0.989__and__elapsed_seconds_ge_-4388,1,False,UNKNOWN,record,1123
1.0,-43.802075,27.572,ResearchRun,GROSS_REFERENCE_PROXY,BLOCK_DATA_FEE_SLIPPAGE_LIQUIDITY,pairwise,-0.925,552,1686,1686,-0.004642348754448408,-7.827000000000016,OBSERVED_VALUE,all_training_conditions,-6.901999999999998,0.9720775371442447,0.6606339366063394,FDR_NOT_SIGNIFICANT,path_high_lt_0.989__and__elapsed_seconds_ge_-52,1,False,UNKNOWN,record,1134
1.0,-48.77110000000001,23.67528749999996,ResearchRun,GROSS_REFERENCE_PROXY,BLOCK_DATA_FEE_SLIPPAGE_LIQUIDITY,pairwise,-0.925,555,1684,1684,-0.007057897862232775,-11.885499999999993,OBSERVED_VALUE,all_training_conditions,-10.960499999999996,0.9720775371442447,0.7372262773722628,FDR_NOT_SIGNIFICANT,path_high_lt_0.989__and__elapsed_seconds_ge_300,1,False,UNKNOWN,record,1129
1.0,-50.1553125,22.02563749999998,ResearchRun,GROSS_REFERENCE_PROXY,BLOCK_DATA_FEE_SLIPPAGE_LIQUIDITY,pairwise,-0.915,551,1652,1652,-0.008779055690072634,-14.50299999999999,OBSERVED_VALUE,all_training_conditions,-13.587999999999997,0.9720775371442447,0.7833216678332167,FDR_NOT_SIGNIFICANT,path_high_lt_0.989__and__elapsed_seconds_lt_-23,1,False,UNKNOWN,record,1101
1.0,-48.92375,21.91767499999996,ResearchRun,GROSS_REFERENCE_PROXY,BLOCK_DATA_FEE_SLIPPAGE_LIQUIDITY,pairwise,-0.915,528,1585,1585,-0.008734384858044156,-13.843999999999987,OBSERVED_VALUE,all_training_conditions,-12.928999999999998,0.9720775371442447,0.7814218578142186,FDR_NOT_SIGNIFICANT,path_high_lt_0.989__and__elapsed_seconds_lt_-38,1,False,UNKNOWN,record,1057
1.0,-42.643887499999984,21.457212499999986,ResearchRun,GROSS_REFERENCE_PROXY,BLOCK_DATA_FEE_SLIPPAGE_LIQUIDITY,pairwise,-0.915,443,1330,1330,-0.007730451127819553,-10.281500000000005,OBSERVED_VALUE,all_training_conditions,-9.366499999999998,0.9720775371442447,0.7281271872812719,FDR_NOT_SIGNIFICANT,path_high_lt_0.989__and__elapsed_seconds_lt_-52,1,False,UNKNOWN,record,887
1.0,-51.31359999999999,20.78242499999993,ResearchRun,GROSS_REFERENCE_PROXY,BLOCK_DATA_FEE_SLIPPAGE_LIQUIDITY,pairwise,-0.915,563,1686,1686,-0.00904982206405693,-15.257999999999985,OBSERVED_VALUE,all_training_conditions,-14.343,0.9720775371442447,0.7893210678932107,FDR_NOT_SIGNIFICANT,path_high_lt_0.989__and__elapsed_seconds_lt_300,1,False,UNKNOWN,record,1123
1.0,-39.82037499999999,17.560212499999974,ResearchRun,GROSS_REFERENCE_PROXY,BLOCK_DATA_FEE_SLIPPAGE_LIQUIDITY,pairwise,-0.905,348,1031,1031,-0.010561105722599412,-10.888499999999993,OBSERVED_VALUE,all_training_conditions,-9.983499999999998,0.9720775371442447,0.7729227077292271,FDR_NOT_SIGNIFICANT,path_high_lt_0.989__and__level_eq_ATP,1,False,UNKNOWN,record,683
1.0,-26.651949999999996,17.9135125,ResearchRun,GROSS_REFERENCE_PROXY,BLOCK_DATA_FEE_SLIPPAGE_LIQUIDITY,pairwise,-0.915,215,655,655,-0.00667099236641222,-4.369500000000004,OBSERVED_VALUE,all_training_conditions,-3.4545000000000003,0.9720775371442447,0.6548345165483451,FDR_NOT_SIGNIFICANT,path_high_lt_0.989__and__level_eq_WTA,1,False,UNKNOWN,record,440
1.0,-50.72467499999997,21.323050000000006,ResearchRun,GROSS_REFERENCE_PROXY,BLOCK_DATA_FEE_SLIPPAGE_LIQUIDITY,path_behavior,-0.915,563,1686,1686,-0.00904982206405693,-15.257999999999985,OBSERVED_VALUE,all_training_conditions,-14.343,0.9720775371442447,0.7941205879412059,FDR_NOT_SIGNIFICANT,path_low_ge_0.011,1,False,UNKNOWN,record,1123
1.0,-47.700625,25.00215,ResearchRun,GROSS_REFERENCE_PROXY,BLOCK_DATA_FEE_SLIPPAGE_LIQUIDITY,pairwise,-0.925,554,1684,1684,-0.006807304038004746,-11.463499999999993,OBSERVED_VALUE,all_training_conditions,-10.538499999999996,0.9720775371442447,0.7366263373662634,FDR_NOT_SIGNIFICANT,path_low_ge_0.011__and__elapsed_seconds_ge_-23,1,False,UNKNOWN,record,1130
1.0,-47.338912500000006,24.363849999999992,ResearchRun,GROSS_REFERENCE_PROXY,BLOCK_DATA_FEE_SLIPPAGE_LIQUIDITY,pairwise,-0.925,554,1684,1684,-0.006801365795724462,-11.453499999999995,OBSERVED_VALUE,all_training_conditions,-10.528499999999998,0.9720775371442447,0.7293270672932707,FDR_NOT_SIGNIFICANT,path_low_ge_0.011__and__elapsed_seconds_ge_-38,1,False,UNKNOWN,record,1130
1.0,-52.326162499999995,20.190087499999994,ResearchRun,GROSS_REFERENCE_PROXY,BLOCK_DATA_FEE_SLIPPAGE_LIQUIDITY,pairwise,-0.915,563,1686,1686,-0.00904982206405693,-15.257999999999985,OBSERVED_VALUE,all_training_conditions,-14.343,0.9720775371442447,0.793020697930207,FDR_NOT_SIGNIFICANT,path_low_ge_0.011__and__elapsed_seconds_ge_-4388,1,False,UNKNOWN,record,1123
1.0,-44.459687499999994,29.488787499999997,ResearchRun,GROSS_REFERENCE_PROXY,BLOCK_DATA_FEE_SLIPPAGE_LIQUIDITY,pairwise,-0.925,551,1686,1686,-0.004629300118623972,-7.8050000000000175,OBSERVED_VALUE,all_training_conditions,-6.88,0.9720775371442447,0.6595340465953404,FDR_NOT_SIGNIFICANT,path_low_ge_0.011__and__elapsed_seconds_ge_-52,1,False,UNKNOWN,record,1135
1.0,-48.593625,25.43581249999999,ResearchRun,GROSS_REFERENCE_PROXY,BLOCK_DATA_FEE_SLIPPAGE_LIQUIDITY,pairwise,-0.925,554,1684,1684,-0.007044833729216149,-11.863499999999995,OBSERVED_VALUE,all_training_conditions,-10.938499999999998,0.9720775371442447,0.7345265473452655,FDR_NOT_SIGNIFICANT,path_low_ge_0.011__and__elapsed_seconds_ge_300,1,False,UNKNOWN,record,1130
1.0,-50.85527499999999,20.977037499999998,ResearchRun,GROSS_REFERENCE_PROXY,BLOCK_DATA_FEE_SLIPPAGE_LIQUIDITY,pairwise,-0.915,551,1652,1652,-0.008779055690072634,-14.50299999999999,OBSERVED_VALUE,all_training_conditions,-13.587999999999997,0.9720775371442447,0.7829217078292171,FDR_NOT_SIGNIFICANT,path_low_ge_0.011__and__elapsed_seconds_lt_-23,1,False,UNKNOWN,record,1101
1.0,-48.751312500000004,21.386562499999982,ResearchRun,GROSS_REFERENCE_PROXY,BLOCK_DATA_FEE_SLIPPAGE_LIQUIDITY,pairwise,-0.915,528,1585,1585,-0.008734384858044156,-13.843999999999987,OBSERVED_VALUE,all_training_conditions,-12.928999999999998,0.9720775371442447,0.7801219878012199,FDR_NOT_SIGNIFICANT,path_low_ge_0.011__and__elapsed_seconds_lt_-38,1,False,UNKNOWN,record,1057
1.0,-43.352512499999996,21.52409999999999,ResearchRun,GROSS_REFERENCE_PROXY,BLOCK_DATA_FEE_SLIPPAGE_LIQUIDITY,pairwise,-0.915,443,1330,1330,-0.007730451127819553,-10.281500000000005,OBSERVED_VALUE,all_training_conditions,-9.366499999999998,0.9720775371442447,0.7318268173182682,FDR_NOT_SIGNIFICANT,path_low_ge_0.011__and__elapsed_seconds_lt_-52,1,False,UNKNOWN,record,887
1.0,-51.88015,20.9251,ResearchRun,GROSS_REFERENCE_PROXY,BLOCK_DATA_FEE_SLIPPAGE_LIQUIDITY,pairwise,-0.915,563,1686,1686,-0.00904982206405693,-15.257999999999985,OBSERVED_VALUE,all_training_conditions,-14.343,0.9720775371442447,0.7874212578742126,FDR_NOT_SIGNIFICANT,path_low_ge_0.011__and__elapsed_seconds_lt_300,1,False,UNKNOWN,record,1123
1.0,-39.52042499999999,18.040862499999996,ResearchRun,GROSS_REFERENCE_PROXY,BLOCK_DATA_FEE_SLIPPAGE_LIQUIDITY,pairwise,-0.905,348,1031,1031,-0.010561105722599412,-10.888499999999993,OBSERVED_VALUE,all_training_conditions,-9.983499999999998,0.9720775371442447,0.7718228177182281,FDR_NOT_SIGNIFICANT,path_low_ge_0.011__and__level_eq_ATP,1,False,UNKNOWN,record,683
1.0,-26.957525000000004,18.055862499999996,ResearchRun,GROSS_REFERENCE_PROXY,BLOCK_DATA_FEE_SLIPPAGE_LIQUIDITY,pairwise,-0.915,215,655,655,-0.00667099236641222,-4.369500000000004,OBSERVED_VALUE,all_training_conditions,-3.4545000000000003,0.9720775371442447,0.644035596440356,FDR_NOT_SIGNIFICANT,path_low_ge_0.011__and__level_eq_WTA,1,False,UNKNOWN,record,440
1.0,-52.007149999999974,21.07149999999999,ResearchRun,GROSS_REFERENCE_PROXY,BLOCK_DATA_FEE_SLIPPAGE_LIQUIDITY,path_behavior,-0.915,563,1686,1686,-0.00904982206405693,-15.257999999999985,OBSERVED_VALUE,all_training_conditions,-14.343,0.9720775371442447,0.7888211178882112,FDR_NOT_SIGNIFICANT,path_low_ge_0.2665,1,False,UNKNOWN,record,1123
1.0,-48.7121,24.990974999999995,ResearchRun,GROSS_REFERENCE_PROXY,BLOCK_DATA_FEE_SLIPPAGE_LIQUIDITY,pairwise,-0.925,554,1684,1684,-0.006807304038004746,-11.463499999999993,OBSERVED_VALUE,all_training_conditions,-10.538499999999996,0.9720775371442447,0.7312268773122688,FDR_NOT_SIGNIFICANT,path_low_ge_0.2665__and__elapsed_seconds_ge_-23,1,False,UNKNOWN,record,1130
1.0,-48.94764999999999,24.31207499999999,ResearchRun,GROSS_REFERENCE_PROXY,BLOCK_DATA_FEE_SLIPPAGE_LIQUIDITY,pairwise,-0.925,554,1684,1684,-0.006801365795724462,-11.453499999999995,OBSERVED_VALUE,all_training_conditions,-10.528499999999998,0.9720775371442447,0.7278272172782722,FDR_NOT_SIGNIFICANT,path_low_ge_0.2665__and__elapsed_seconds_ge_-38,1,False,UNKNOWN,record,1130
1.0,-51.327612499999994,21.245537499999983,ResearchRun,GROSS_REFERENCE_PROXY,BLOCK_DATA_FEE_SLIPPAGE_LIQUIDITY,pairwise,-0.915,563,1686,1686,-0.00904982206405693,-15.257999999999985,OBSERVED_VALUE,all_training_conditions,-14.343,0.9720775371442447,0.7963203679632037,FDR_NOT_SIGNIFICANT,path_low_ge_0.2665__and__elapsed_seconds_ge_-4388,1,False,UNKNOWN,record,1123
1.0,-44.5757875,28.834600000000005,ResearchRun,GROSS_REFERENCE_PROXY,BLOCK_DATA_FEE_SLIPPAGE_LIQUIDITY,pairwise,-0.925,551,1686,1686,-0.004629300118623972,-7.8050000000000175,OBSERVED_VALUE,all_training_conditions,-6.88,0.9720775371442447,0.658034196580342,FDR_NOT_SIGNIFICANT,path_low_ge_0.2665__and__elapsed_seconds_ge_-52,1,False,UNKNOWN,record,1135
1.0,-48.440525,24.989649999999976,ResearchRun,GROSS_REFERENCE_PROXY,BLOCK_DATA_FEE_SLIPPAGE_LIQUIDITY,pairwise,-0.925,554,1684,1684,-0.007044833729216149,-11.863499999999995,OBSERVED_VALUE,all_training_conditions,-10.938499999999998,0.9720775371442447,0.7416258374162584,FDR_NOT_SIGNIFICANT,path_low_ge_0.2665__and__elapsed_seconds_ge_300,1,False,UNKNOWN,record,1130
1.0,-50.322775,21.376325,ResearchRun,GROSS_REFERENCE_PROXY,BLOCK_DATA_FEE_SLIPPAGE_LIQUIDITY,pairwise,-0.915,551,1652,1652,-0.008779055690072634,-14.50299999999999,OBSERVED_VALUE,all_training_conditions,-13.587999999999997,0.9720775371442447,0.7846215378462154,FDR_NOT_SIGNIFICANT,path_low_ge_0.2665__and__elapsed_seconds_lt_-23,1,False,UNKNOWN,record,1101
1.0,-50.05343749999999,21.61911249999995,ResearchRun,GROSS_REFERENCE_PROXY,BLOCK_DATA_FEE_SLIPPAGE_LIQUIDITY,pairwise,-0.915,528,1585,1585,-0.008734384858044156,-13.843999999999987,OBSERVED_VALUE,all_training_conditions,-12.928999999999998,0.9720775371442447,0.7762223777622238,FDR_NOT_SIGNIFICANT,path_low_ge_0.2665__and__elapsed_seconds_lt_-38,1,False,UNKNOWN,record,1057
1.0,-43.62467499999999,22.946799999999985,ResearchRun,GROSS_REFERENCE_PROXY,BLOCK_DATA_FEE_SLIPPAGE_LIQUIDITY,pairwise,-0.915,443,1330,1330,-0.007730451127819553,-10.281500000000005,OBSERVED_VALUE,all_training_conditions,-9.366499999999998,0.9720775371442447,0.7330266973302669,FDR_NOT_SIGNIFICANT,path_low_ge_0.2665__and__elapsed_seconds_lt_-52,1,False,UNKNOWN,record,887
1.0,-51.37601249999998,21.242237499999973,ResearchRun,GROSS_REFERENCE_PROXY,BLOCK_DATA_FEE_SLIPPAGE_LIQUIDITY,pairwise,-0.915,563,1686,1686,-0.00904982206405693,-15.257999999999985,OBSERVED_VALUE,all_training_conditions,-14.343,0.9720775371442447,0.7951204879512048,FDR_NOT_SIGNIFICANT,path_low_ge_0.2665__and__elapsed_seconds_lt_300,1,False,UNKNOWN,record,1123
1.0,-39.03838749999999,17.932325,ResearchRun,GROSS_REFERENCE_PROXY,BLOCK_DATA_FEE_SLIPPAGE_LIQUIDITY,pairwise,-0.905,348,1031,1031,-0.010561105722599412,-10.888499999999993,OBSERVED_VALUE,all_training_conditions,-9.983499999999998,0.9720775371442447,0.775922407759224,FDR_NOT_SIGNIFICANT,path_low_ge_0.2665__and__level_eq_ATP,1,False,UNKNOWN,record,683
1.0,-27.34613749999999,17.677449999999993,ResearchRun,GROSS_REFERENCE_PROXY,BLOCK_DATA_FEE_SLIPPAGE_LIQUIDITY,pairwise,-0.915,215,655,655,-0.00667099236641222,-4.369500000000004,OBSERVED_VALUE,all_training_conditions,-3.4545000000000003,0.9720775371442447,0.6418358164183582,FDR_NOT_SIGNIFICANT,path_low_ge_0.2665__and__level_eq_WTA,1,False,UNKNOWN,record,440
1.0,-52.61479999999998,20.969037499999985,ResearchRun,GROSS_REFERENCE_PROXY,BLOCK_DATA_FEE_SLIPPAGE_LIQUIDITY,path_behavior,-0.915,563,1686,1686,-0.00904982206405693,-15.257999999999985,OBSERVED_VALUE,all_training_conditions,-14.343,0.9720775371442447,0.7901209879012099,FDR_NOT_SIGNIFICANT,path_low_ge_0.49,1,False,UNKNOWN,record,1123
1.0,-51.29744999999998,20.363924999999988,ResearchRun,GROSS_REFERENCE_PROXY,BLOCK_DATA_FEE_SLIPPAGE_LIQUIDITY,pairwise,-0.925,529,1617,1617,-0.009206555349412483,-14.886999999999984,OBSERVED_VALUE,all_training_conditions,-13.961999999999998,0.9720775371442447,0.7902209779022098,FDR_NOT_SIGNIFICANT,path_low_ge_0.49__and__elapsed_seconds_ge_-23,1,False,UNKNOWN,record,1088
1.0,-49.814175000000006,20.818262499999978,ResearchRun,GROSS_REFERENCE_PROXY,BLOCK_DATA_FEE_SLIPPAGE_LIQUIDITY,pairwise,-0.925,530,1619,1619,-0.009232242124768373,-14.946999999999994,OBSERVED_VALUE,all_training_conditions,-14.021999999999998,0.9720775371442447,0.7941205879412059,FDR_NOT_SIGNIFICANT,path_low_ge_0.49__and__elapsed_seconds_ge_-38,1,False,UNKNOWN,record,1089
1.0,-51.8628375,21.821224999999984,ResearchRun,GROSS_REFERENCE_PROXY,BLOCK_DATA_FEE_SLIPPAGE_LIQUIDITY,pairwise,-0.915,563,1686,1686,-0.00904982206405693,-15.257999999999985,OBSERVED_VALUE,all_training_conditions,-14.343,0.9720775371442447,0.7953204679532047,FDR_NOT_SIGNIFICANT,path_low_ge_0.49__and__elapsed_seconds_ge_-4388,1,False,UNKNOWN,record,1123
1.0,-48.89202500000001,21.562274999999993,ResearchRun,GROSS_REFERENCE_PROXY,BLOCK_DATA_FEE_SLIPPAGE_LIQUIDITY,pairwise,-0.925,535,1636,1636,-0.00804003667481662,-13.15349999999999,OBSERVED_VALUE,all_training_conditions,-12.228500000000007,0.9720775371442447,0.7643235676432357,FDR_NOT_SIGNIFICANT,path_low_ge_0.49__and__elapsed_seconds_ge_-52,1,False,UNKNOWN,record,1101
1.0,-50.475874999999974,19.897299999999994,ResearchRun,GROSS_REFERENCE_PROXY,BLOCK_DATA_FEE_SLIPPAGE_LIQUIDITY,pairwise,-0.925,528,1615,1615,-0.009378947368421046,-15.14699999999999,OBSERVED_VALUE,all_training_conditions,-14.221999999999996,0.9725045307174116,0.8046195380461953,FDR_NOT_SIGNIFICANT,path_low_ge_0.49__and__elapsed_seconds_ge_300,1,False,UNKNOWN,record,1087
1.0,-50.58147499999998,22.03571249999999,ResearchRun,GROSS_REFERENCE_PROXY,BLOCK_DATA_FEE_SLIPPAGE_LIQUIDITY,pairwise,-0.915,551,1652,1652,-0.008779055690072634,-14.50299999999999,OBSERVED_VALUE,all_training_conditions,-13.587999999999997,0.9720775371442447,0.786021397860214,FDR_NOT_SIGNIFICANT,path_low_ge_0.49__and__elapsed_seconds_lt_-23,1,False,UNKNOWN,record,1101
1.0,-49.69477499999999,21.693224999999988,ResearchRun,GROSS_REFERENCE_PROXY,BLOCK_DATA_FEE_SLIPPAGE_LIQUIDITY,pairwise,-0.915,528,1585,1585,-0.008734384858044156,-13.843999999999987,OBSERVED_VALUE,all_training_conditions,-12.928999999999998,0.9720775371442447,0.7736226377362264,FDR_NOT_SIGNIFICANT,path_low_ge_0.49__and__elapsed_seconds_lt_-38,1,False,UNKNOWN,record,1057
1.0,-44.0331,21.947100000000002,ResearchRun,GROSS_REFERENCE_PROXY,BLOCK_DATA_FEE_SLIPPAGE_LIQUIDITY,pairwise,-0.915,443,1330,1330,-0.007730451127819553,-10.281500000000005,OBSERVED_VALUE,all_training_conditions,-9.366499999999998,0.9720775371442447,0.7318268173182682,FDR_NOT_SIGNIFICANT,path_low_ge_0.49__and__elapsed_seconds_lt_-52,1,False,UNKNOWN,record,887
1.0,-51.329025,20.945499999999956,ResearchRun,GROSS_REFERENCE_PROXY,BLOCK_DATA_FEE_SLIPPAGE_LIQUIDITY,pairwise,-0.915,563,1686,1686,-0.00904982206405693,-15.257999999999985,OBSERVED_VALUE,all_training_conditions,-14.343,0.9720775371442447,0.7901209879012099,FDR_NOT_SIGNIFICANT,path_low_ge_0.49__and__elapsed_seconds_lt_300,1,False,UNKNOWN,record,1123
1.0,-39.97065,17.33226249999999,ResearchRun,GROSS_REFERENCE_PROXY,BLOCK_DATA_FEE_SLIPPAGE_LIQUIDITY,pairwise,-0.905,348,1031,1031,-0.010561105722599412,-10.888499999999993,OBSERVED_VALUE,all_training_conditions,-9.983499999999998,0.9720775371442447,0.7709229077092291,FDR_NOT_SIGNIFICANT,path_low_ge_0.49__and__level_eq_ATP,1,False,UNKNOWN,record,683
1.0,-26.980612499999996,18.098462499999993,ResearchRun,GROSS_REFERENCE_PROXY,BLOCK_DATA_FEE_SLIPPAGE_LIQUIDITY,pairwise,-0.915,215,655,655,-0.00667099236641222,-4.369500000000004,OBSERVED_VALUE,all_training_conditions,-3.4545000000000003,0.9720775371442447,0.639036096390361,FDR_NOT_SIGNIFICANT,path_low_ge_0.49__and__level_eq_WTA,1,False,UNKNOWN,record,440
1.0,-11.983612499999992,24.8678125,ResearchRun,GROSS_REFERENCE_PROXY,BLOCK_DATA_FEE_SLIPPAGE_LIQUIDITY,path_behavior,-0.915,113,606,606,0.011052805280528096,6.698000000000026,OBSERVED_VALUE,all_training_conditions,7.6129999999999995,0.9720775371442447,0.23977602239776022,FDR_NOT_SIGNIFICANT,path_low_ge_0.7095,1,False,UNKNOWN,record,493
1.0,-13.898600000000002,19.61865,ResearchRun,GROSS_REFERENCE_PROXY,BLOCK_DATA_FEE_SLIPPAGE_LIQUIDITY,pairwise,-0.925,94,528,528,0.005849431818181817,3.0884999999999994,OBSERVED_VALUE,all_training_conditions,4.013500000000001,0.9720775371442447,0.36396360363963604,FDR_NOT_SIGNIFICANT,path_low_ge_0.7095__and__elapsed_seconds_ge_-23,1,False,UNKNOWN,record,434
1.0,-12.881449999999997,20.6195375,ResearchRun,GROSS_REFERENCE_PROXY,BLOCK_DATA_FEE_SLIPPAGE_LIQUIDITY,pairwise,-0.925,94,531,531,0.007388888888888884,3.9234999999999975,OBSERVED_VALUE,all_training_conditions,4.8485000000000005,0.9720775371442447,0.3277672232776722,FDR_NOT_SIGNIFICANT,path_low_ge_0.7095__and__elapsed_seconds_ge_-38,1,False,UNKNOWN,record,437
1.0,-12.307787499999987,25.200987499999993,ResearchRun,GROSS_REFERENCE_PROXY,BLOCK_DATA_FEE_SLIPPAGE_LIQUIDITY,pairwise,-0.915,113,606,606,0.011052805280528096,6.698000000000026,OBSERVED_VALUE,all_training_conditions,7.6129999999999995,0.9720775371442447,0.24137586241375864,FDR_NOT_SIGNIFICANT,path_low_ge_0.7095__and__elapsed_seconds_ge_-4388,1,False,UNKNOWN,record,493
1.0,-13.026149999999996,21.583287499999994,ResearchRun,GROSS_REFERENCE_PROXY,BLOCK_DATA_FEE_SLIPPAGE_LIQUIDITY,pairwise,-0.925,97,548,548,0.008334854014598535,4.567499999999997,OBSERVED_VALUE,all_training_conditions,5.492499999999999,0.9720775371442447,0.3027697230276972,FDR_NOT_SIGNIFICANT,path_low_ge_0.7095__and__elapsed_seconds_ge_-52,1,False,UNKNOWN,record,451
1.0,-14.368125,19.732075,ResearchRun,GROSS_REFERENCE_PROXY,BLOCK_DATA_FEE_SLIPPAGE_LIQUIDITY,pairwise,-0.925,94,528,528,0.005622159090909094,2.968500000000002,OBSERVED_VALUE,all_training_conditions,3.8934999999999995,0.9720775371442447,0.3595640435956404,FDR_NOT_SIGNIFICANT,path_low_ge_0.7095__and__elapsed_seconds_ge_300,1,False,UNKNOWN,record,434
1.0,-10.608674999999998,26.0926,ResearchRun,GROSS_REFERENCE_PROXY,BLOCK_DATA_FEE_SLIPPAGE_LIQUIDITY,pairwise,-0.915,108,590,590,0.013649152542372919,8.053000000000022,OBSERVED_VALUE,all_training_conditions,8.968,0.9720775371442447,0.2004799520047995,FDR_NOT_SIGNIFICANT,path_low_ge_0.7095__and__elapsed_seconds_lt_-23,1,False,UNKNOWN,record,482
1.0,-11.921612499999997,23.56016249999999,ResearchRun,GROSS_REFERENCE_PROXY,BLOCK_DATA_FEE_SLIPPAGE_LIQUIDITY,pairwise,-0.915,106,567,567,0.010021164021164052,5.682000000000017,OBSERVED_VALUE,all_training_conditions,6.597000000000003,0.9720775371442447,0.26747325267473254,FDR_NOT_SIGNIFICANT,path_low_ge_0.7095__and__elapsed_seconds_lt_-38,1,False,UNKNOWN,record,461
1.0,-11.65091249999999,20.825325,ResearchRun,GROSS_REFERENCE_PROXY,BLOCK_DATA_FEE_SLIPPAGE_LIQUIDITY,pairwise,-0.915,89,473,473,0.009704016913319234,4.589999999999997,OBSERVED_VALUE,all_training_conditions,5.505000000000001,0.9720775371442447,0.29027097290270976,FDR_NOT_SIGNIFICANT,path_low_ge_0.7095__and__elapsed_seconds_lt_-52,1,False,UNKNOWN,record,384
1.0,-11.662824999999994,25.2896625,ResearchRun,GROSS_REFERENCE_PROXY,BLOCK_DATA_FEE_SLIPPAGE_LIQUIDITY,pairwise,-0.915,111,600,600,0.011830000000000042,7.098000000000025,OBSERVED_VALUE,all_training_conditions,8.013000000000002,0.9720775371442447,0.22957704229577042,FDR_NOT_SIGNIFICANT,path_low_ge_0.7095__and__elapsed_seconds_lt_300,1,False,UNKNOWN,record,489
1.0,-9.133,19.733712499999996,ResearchRun,GROSS_REFERENCE_PROXY,BLOCK_DATA_FEE_SLIPPAGE_LIQUIDITY,pairwise,-0.905,69,367,367,0.014919618528610401,5.475500000000017,OBSERVED_VALUE,all_training_conditions,6.380500000000003,0.9720775371442447,0.2338766123387661,FDR_NOT_SIGNIFICANT,path_low_ge_0.7095__and__level_eq_ATP,1,False,UNKNOWN,record,298
1.0,-10.580737499999998,12.610512499999999,ResearchRun,GROSS_REFERENCE_PROXY,BLOCK_DATA_FEE_SLIPPAGE_LIQUIDITY,pairwise,-0.915,44,239,239,0.005115062761506277,1.2225000000000004,OBSERVED_VALUE,all_training_conditions,2.1375,0.9720775371442447,0.42075792420757924,FDR_NOT_SIGNIFICANT,path_low_ge_0.7095__and__level_eq_WTA,1,False,UNKNOWN,record,195
1.0,0.012499999999999956,0.012499999999999956,ResearchRun,GROSS_REFERENCE_PROXY,BLOCK_DATA_FEE_SLIPPAGE_LIQUIDITY,path_behavior,0.012499999999999956,0,1,1,0.012499999999999956,0.012499999999999956,OBSERVED_VALUE,all_training_conditions,0.0,0.9720775371442447,0.49975002499750026,FDR_NOT_SIGNIFICANT,path_low_ge_0.9875,1,False,UNKNOWN,record,1
,,,ResearchRun,GROSS_REFERENCE_PROXY,BLOCK_DATA_FEE_SLIPPAGE_LIQUIDITY,pairwise,,0,0,0,,0.0,OBSERVED_VALUE,all_training_conditions,0.0,,,ZERO_MATCHES,path_low_ge_0.9875__and__elapsed_seconds_ge_-23,1,False,UNKNOWN,record,0
,,,ResearchRun,GROSS_REFERENCE_PROXY,BLOCK_DATA_FEE_SLIPPAGE_LIQUIDITY,pairwise,,0,0,0,,0.0,OBSERVED_VALUE,all_training_conditions,0.0,,,ZERO_MATCHES,path_low_ge_0.9875__and__elapsed_seconds_ge_-38,1,False,UNKNOWN,record,0
1.0,0.012499999999999956,0.012499999999999956,ResearchRun,GROSS_REFERENCE_PROXY,BLOCK_DATA_FEE_SLIPPAGE_LIQUIDITY,pairwise,0.012499999999999956,0,1,1,0.012499999999999956,0.012499999999999956,OBSERVED_VALUE,all_training_conditions,0.0,0.9720775371442447,0.5075492450754925,FDR_NOT_SIGNIFICANT,path_low_ge_0.9875__and__elapsed_seconds_ge_-4388,1,False,UNKNOWN,record,1
1.0,0.012499999999999956,0.012499999999999956,ResearchRun,GROSS_REFERENCE_PROXY,BLOCK_DATA_FEE_SLIPPAGE_LIQUIDITY,pairwise,0.012499999999999956,0,1,1,0.012499999999999956,0.012499999999999956,OBSERVED_VALUE,all_training_conditions,0.0,0.9720775371442447,0.5002499750024998,FDR_NOT_SIGNIFICANT,path_low_ge_0.9875__and__elapsed_seconds_ge_-52,1,False,UNKNOWN,record,1
,,,ResearchRun,GROSS_REFERENCE_PROXY,BLOCK_DATA_FEE_SLIPPAGE_LIQUIDITY,pairwise,,0,0,0,,0.0,OBSERVED_VALUE,all_training_conditions,0.0,,,ZERO_MATCHES,path_low_ge_0.9875__and__elapsed_seconds_ge_300,1,False,UNKNOWN,record,0
1.0,0.012499999999999956,0.012499999999999956,ResearchRun,GROSS_REFERENCE_PROXY,BLOCK_DATA_FEE_SLIPPAGE_LIQUIDITY,pairwise,0.012499999999999956,0,1,1,0.012499999999999956,0.012499999999999956,OBSERVED_VALUE,all_training_conditions,0.0,0.9720775371442447,0.5028497150284972,FDR_NOT_SIGNIFICANT,path_low_ge_0.9875__and__elapsed_seconds_lt_-23,1,False,UNKNOWN,record,1
1.0,0.012499999999999956,0.012499999999999956,ResearchRun,GROSS_REFERENCE_PROXY,BLOCK_DATA_FEE_SLIPPAGE_LIQUIDITY,pairwise,0.012499999999999956,0,1,1,0.012499999999999956,0.012499999999999956,OBSERVED_VALUE,all_training_conditions,0.0,0.9720775371442447,0.48975102489751027,FDR_NOT_SIGNIFICANT,path_low_ge_0.9875__and__elapsed_seconds_lt_-38,1,False,UNKNOWN,record,1
,,,ResearchRun,GROSS_REFERENCE_PROXY,BLOCK_DATA_FEE_SLIPPAGE_LIQUIDITY,pairwise,,0,0,0,,0.0,OBSERVED_VALUE,all_training_conditions,0.0,,,ZERO_MATCHES,path_low_ge_0.9875__and__elapsed_seconds_lt_-52,1,False,UNKNOWN,record,0
1.0,0.012499999999999956,0.012499999999999956,ResearchRun,GROSS_REFERENCE_PROXY,BLOCK_DATA_FEE_SLIPPAGE_LIQUIDITY,pairwise,0.012499999999999956,0,1,1,0.012499999999999956,0.012499999999999956,OBSERVED_VALUE,all_training_conditions,0.0,0.9720775371442447,0.5008499150084992,FDR_NOT_SIGNIFICANT,path_low_ge_0.9875__and__elapsed_seconds_lt_300,1,False,UNKNOWN,record,1
,,,ResearchRun,GROSS_REFERENCE_PROXY,BLOCK_DATA_FEE_SLIPPAGE_LIQUIDITY,pairwise,,0,0,0,,0.0,OBSERVED_VALUE,all_training_conditions,0.0,,,ZERO_MATCHES,path_low_ge_0.9875__and__level_eq_ATP,1,False,UNKNOWN,record,0
1.0,0.012499999999999956,0.012499999999999956,ResearchRun,GROSS_REFERENCE_PROXY,BLOCK_DATA_FEE_SLIPPAGE_LIQUIDITY,pairwise,0.012499999999999956,0,1,1,0.012499999999999956,0.012499999999999956,OBSERVED_VALUE,all_training_conditions,0.0,0.9720775371442447,0.5016498350164984,FDR_NOT_SIGNIFICANT,path_low_ge_0.9875__and__level_eq_WTA,1,False,UNKNOWN,record,1
,,,ResearchRun,GROSS_REFERENCE_PROXY,BLOCK_DATA_FEE_SLIPPAGE_LIQUIDITY,path_behavior,,0,0,0,,0.0,OBSERVED_VALUE,all_training_conditions,0.0,,,ZERO_MATCHES,path_low_lt_0.011,1,False,UNKNOWN,record,0
1.0,-27.492399999999993,9.111774999999982,ResearchRun,GROSS_REFERENCE_PROXY,BLOCK_DATA_FEE_SLIPPAGE_LIQUIDITY,path_behavior,0.915,501,610,610,-0.0154114754098361,-9.401000000000021,OBSERVED_VALUE,all_training_conditions,-10.315999999999999,0.9799762880854771,0.8459154084591541,FDR_NOT_SIGNIFICANT,path_low_lt_0.2665,1,False,UNKNOWN,record,109
1.0,-24.660037499999998,11.0801,ResearchRun,GROSS_REFERENCE_PROXY,BLOCK_DATA_FEE_SLIPPAGE_LIQUIDITY,pairwise,0.925,492,601,601,-0.01182529118136438,-7.106999999999992,OBSERVED_VALUE,all_training_conditions,-8.032,0.9720775371442447,0.7794220577942206,FDR_NOT_SIGNIFICANT,path_low_lt_0.2665__and__elapsed_seconds_ge_-23,1,False,UNKNOWN,record,109
1.0,-24.52415,11.36884999999999,ResearchRun,GROSS_REFERENCE_PROXY,BLOCK_DATA_FEE_SLIPPAGE_LIQUIDITY,pairwise,0.925,492,601,601,-0.011584026622296158,-6.961999999999991,OBSERVED_VALUE,all_training_conditions,-7.887,0.9720775371442447,0.7822217778222178,FDR_NOT_SIGNIFICANT,path_low_lt_0.2665__and__elapsed_seconds_ge_-38,1,False,UNKNOWN,record,109
1.0,-27.34895,8.856562499999999,ResearchRun,GROSS_REFERENCE_PROXY,BLOCK_DATA_FEE_SLIPPAGE_LIQUIDITY,pairwise,0.915,501,610,610,-0.0154114754098361,-9.401000000000021,OBSERVED_VALUE,all_training_conditions,-10.315999999999999,0.9799762880854771,0.8500149985001499,FDR_NOT_SIGNIFICANT,path_low_lt_0.2665__and__elapsed_seconds_ge_-4388,1,False,UNKNOWN,record,109
1.0,-25.192349999999994,10.9141125,ResearchRun,GROSS_REFERENCE_PROXY,BLOCK_DATA_FEE_SLIPPAGE_LIQUIDITY,pairwise,0.925,496,605,605,-0.01229917355371901,-7.441000000000001,OBSERVED_VALUE,all_training_conditions,-8.366000000000003,0.9720775371442447,0.7935206479352065,FDR_NOT_SIGNIFICANT,path_low_lt_0.2665__and__elapsed_seconds_ge_-52,1,False,UNKNOWN,record,109
1.0,-24.527924999999996,11.412224999999996,ResearchRun,GROSS_REFERENCE_PROXY,BLOCK_DATA_FEE_SLIPPAGE_LIQUIDITY,pairwise,0.925,492,601,601,-0.011667221297836927,-7.011999999999993,OBSERVED_VALUE,all_training_conditions,-7.9369999999999985,0.9720775371442447,0.7763223677632237,FDR_NOT_SIGNIFICANT,path_low_lt_0.2665__and__elapsed_seconds_ge_300,1,False,UNKNOWN,record,109
1.0,-21.120824999999996,11.12152499999999,ResearchRun,GROSS_REFERENCE_PROXY,BLOCK_DATA_FEE_SLIPPAGE_LIQUIDITY,pairwise,0.915,410,494,494,-0.010513157894736844,-5.193500000000001,OBSERVED_VALUE,all_training_conditions,-6.1085,0.9720775371442447,0.7338266173382662,FDR_NOT_SIGNIFICANT,path_low_lt_0.2665__and__elapsed_seconds_lt_-23,1,False,UNKNOWN,record,84
1.0,-18.421249999999997,13.068050000000001,ResearchRun,GROSS_REFERENCE_PROXY,BLOCK_DATA_FEE_SLIPPAGE_LIQUIDITY,pairwise,0.915,392,475,475,-0.0061631578947368175,-2.9274999999999882,OBSERVED_VALUE,all_training_conditions,-3.8424999999999994,0.9720775371442447,0.6394360563943605,FDR_NOT_SIGNIFICANT,path_low_lt_0.2665__and__elapsed_seconds_lt_-38,1,False,UNKNOWN,record,83
1.0,-17.7726125,12.173374999999993,ResearchRun,GROSS_REFERENCE_PROXY,BLOCK_DATA_FEE_SLIPPAGE_LIQUIDITY,pairwise,0.915,330,400,400,-0.007863749999999997,-3.145499999999999,OBSERVED_VALUE,all_training_conditions,-4.060500000000001,0.9720775371442447,0.6634336566343366,FDR_NOT_SIGNIFICANT,path_low_lt_0.2665__and__elapsed_seconds_lt_-52,1,False,UNKNOWN,record,70
1.0,-21.404437499999993,11.032337499999992,ResearchRun,GROSS_REFERENCE_PROXY,BLOCK_DATA_FEE_SLIPPAGE_LIQUIDITY,pairwise,0.915,416,501,501,-0.010755489021956091,-5.388500000000001,OBSERVED_VALUE,all_training_conditions,-6.303500000000001,0.9720775371442447,0.7396260373962604,FDR_NOT_SIGNIFICANT,path_low_lt_0.2665__and__elapsed_seconds_lt_300,1,False,UNKNOWN,record,85
1.0,-20.008625000000002,9.146549999999998,ResearchRun,GROSS_REFERENCE_PROXY,BLOCK_DATA_FEE_SLIPPAGE_LIQUIDITY,pairwise,0.905,300,367,367,-0.015557220708446874,-5.709500000000003,OBSERVED_VALUE,all_training_conditions,-6.614500000000002,0.9720775371442447,0.7742225777422258,FDR_NOT_SIGNIFICANT,path_low_lt_0.2665__and__level_eq_ATP,1,False,UNKNOWN,record,67
1.0,-14.5240375,7.642399999999995,ResearchRun,GROSS_REFERENCE_PROXY,BLOCK_DATA_FEE_SLIPPAGE_LIQUIDITY,pairwise,0.915,201,243,243,-0.01519135802469135,-3.6914999999999982,OBSERVED_VALUE,all_training_conditions,-4.6065000000000005,0.9720775371442447,0.7398260173982601,FDR_NOT_SIGNIFICANT,path_low_lt_0.2665__and__level_eq_WTA,1,False,UNKNOWN,record,42
1.0,-23.468449999999994,49.49914999999994,ResearchRun,GROSS_REFERENCE_PROXY,BLOCK_DATA_FEE_SLIPPAGE_LIQUIDITY,path_behavior,0.915,1121,1676,1676,0.007591587112171836,12.723499999999998,OBSERVED_VALUE,all_training_conditions,11.808499999999999,0.9720775371442447,0.2576742325767423,FDR_NOT_SIGNIFICANT,path_low_lt_0.49,1,False,UNKNOWN,record,555
1.0,-14.218549999999997,56.2733,ResearchRun,GROSS_REFERENCE_PROXY,BLOCK_DATA_FEE_SLIPPAGE_LIQUIDITY,pairwise,0.925,1102,1667,1667,0.012531493701259742,20.88999999999999,OBSERVED_VALUE,all_training_conditions,19.965000000000003,0.9720775371442447,0.12718728127187282,FDR_NOT_SIGNIFICANT,path_low_lt_0.49__and__elapsed_seconds_ge_-23,1,False,UNKNOWN,record,565
1.0,-12.948125,57.64646249999998,ResearchRun,GROSS_REFERENCE_PROXY,BLOCK_DATA_FEE_SLIPPAGE_LIQUIDITY,pairwise,0.925,1102,1668,1668,0.012943645083932857,21.590000000000007,OBSERVED_VALUE,all_training_conditions,20.665000000000003,0.9720775371442447,0.11948805119488051,FDR_NOT_SIGNIFICANT,path_low_lt_0.49__and__elapsed_seconds_ge_-38,1,False,UNKNOWN,record,566
1.0,-22.853024999999995,49.15694999999998,ResearchRun,GROSS_REFERENCE_PROXY,BLOCK_DATA_FEE_SLIPPAGE_LIQUIDITY,pairwise,0.915,1121,1676,1676,0.007591587112171836,12.723499999999998,OBSERVED_VALUE,all_training_conditions,11.808499999999999,0.9720775371442447,0.24707529247075294,FDR_NOT_SIGNIFICANT,path_low_lt_0.49__and__elapsed_seconds_ge_-4388,1,False,UNKNOWN,record,555
1.0,-15.364999999999995,57.2394125,ResearchRun,GROSS_REFERENCE_PROXY,BLOCK_DATA_FEE_SLIPPAGE_LIQUIDITY,pairwise,0.925,1108,1672,1672,0.012315490430622016,20.59150000000001,OBSERVED_VALUE,all_training_conditions,19.666500000000003,0.9720775371442447,0.1341865813418658,FDR_NOT_SIGNIFICANT,path_low_lt_0.49__and__elapsed_seconds_ge_-52,1,False,UNKNOWN,record,564
1.0,-14.62761249999998,56.5175625,ResearchRun,GROSS_REFERENCE_PROXY,BLOCK_DATA_FEE_SLIPPAGE_LIQUIDITY,pairwise,0.925,1102,1666,1666,0.012316926770708279,20.519999999999992,OBSERVED_VALUE,all_training_conditions,19.595000000000002,0.9720775371442447,0.13308669133086692,FDR_NOT_SIGNIFICANT,path_low_lt_0.49__and__elapsed_seconds_ge_300,1,False,UNKNOWN,record,564
1.0,-24.084237500000004,47.353275,ResearchRun,GROSS_REFERENCE_PROXY,BLOCK_DATA_FEE_SLIPPAGE_LIQUIDITY,pairwise,0.915,1087,1619,1619,0.007299567634342189,11.818000000000003,OBSERVED_VALUE,all_training_conditions,10.902999999999999,0.9720775371442447,0.26507349265073493,FDR_NOT_SIGNIFICANT,path_low_lt_0.49__and__elapsed_seconds_lt_-23,1,False,UNKNOWN,record,532
1.0,-23.327087499999998,45.84589999999999,ResearchRun,GROSS_REFERENCE_PROXY,BLOCK_DATA_FEE_SLIPPAGE_LIQUIDITY,pairwise,0.915,1044,1554,1554,0.007190476190476196,11.174000000000008,OBSERVED_VALUE,all_training_conditions,10.259,0.9720775371442447,0.28057194280571945,FDR_NOT_SIGNIFICANT,path_low_lt_0.49__and__elapsed_seconds_lt_-38,1,False,UNKNOWN,record,510
1.0,-24.49579999999999,40.773199999999996,ResearchRun,GROSS_REFERENCE_PROXY,BLOCK_DATA_FEE_SLIPPAGE_LIQUIDITY,pairwise,0.915,875,1301,1301,0.005858186010760958,7.6215000000000055,OBSERVED_VALUE,all_training_conditions,6.706499999999994,0.9720775371442447,0.3220677932206779,FDR_NOT_SIGNIFICANT,path_low_lt_0.49__and__elapsed_seconds_lt_-52,1,False,UNKNOWN,record,426
1.0,-23.049912500000005,49.48372499999999,ResearchRun,GROSS_REFERENCE_PROXY,BLOCK_DATA_FEE_SLIPPAGE_LIQUIDITY,pairwise,0.915,1108,1652,1652,0.007910411622276023,13.06799999999999,OBSERVED_VALUE,all_training_conditions,12.152999999999995,0.9720775371442447,0.24297570242975702,FDR_NOT_SIGNIFICANT,path_low_lt_0.49__and__elapsed_seconds_lt_300,1,False,UNKNOWN,record,544
1.0,-18.059087499999997,39.119499999999995,ResearchRun,GROSS_REFERENCE_PROXY,BLOCK_DATA_FEE_SLIPPAGE_LIQUIDITY,pairwise,0.905,681,1025,1025,0.009860975609756089,10.107499999999991,OBSERVED_VALUE,all_training_conditions,9.2025,0.9720775371442447,0.25047495250474955,FDR_NOT_SIGNIFICANT,path_low_lt_0.49__and__level_eq_ATP,1,False,UNKNOWN,record,344
1.0,-19.634987499999998,25.406887499999975,ResearchRun,GROSS_REFERENCE_PROXY,BLOCK_DATA_FEE_SLIPPAGE_LIQUIDITY,pairwise,0.915,440,651,651,0.0040184331797235,2.6159999999999983,OBSERVED_VALUE,all_training_conditions,1.7009999999999987,0.9720775371442447,0.41955804419558046,FDR_NOT_SIGNIFICANT,path_low_lt_0.49__and__level_eq_WTA,1,False,UNKNOWN,record,211
1.0,-66.77960000000002,8.237062499999997,ResearchRun,GROSS_REFERENCE_PROXY,BLOCK_DATA_FEE_SLIPPAGE_LIQUIDITY,path_behavior,0.915,941,1686,1686,-0.017469750889679697,-29.453999999999972,OBSERVED_VALUE,all_training_conditions,-30.368999999999993,0.9830077598300776,0.948905109489051,FDR_NOT_SIGNIFICANT,path_low_lt_0.7095,1,False,UNKNOWN,record,745
1.0,-53.85015,19.46103749999999,ResearchRun,GROSS_REFERENCE_PROXY,BLOCK_DATA_FEE_SLIPPAGE_LIQUIDITY,pairwise,0.925,894,1684,1684,-0.010466745843230424,-17.626000000000033,OBSERVED_VALUE,all_training_conditions,-18.551,0.9799762880854771,0.8274172582741726,FDR_NOT_SIGNIFICANT,path_low_lt_0.7095__and__elapsed_seconds_ge_-23,1,False,UNKNOWN,record,790
1.0,-56.35364999999999,16.376462499999995,ResearchRun,GROSS_REFERENCE_PROXY,BLOCK_DATA_FEE_SLIPPAGE_LIQUIDITY,pairwise,0.925,897,1684,1684,-0.011452494061757721,-19.286,OBSERVED_VALUE,all_training_conditions,-20.211000000000002,0.9799762880854771,0.8502149785021498,FDR_NOT_SIGNIFICANT,path_low_lt_0.7095__and__elapsed_seconds_ge_-38,1,False,UNKNOWN,record,787
1.0,-65.95783750000001,6.7746749999999984,ResearchRun,GROSS_REFERENCE_PROXY,BLOCK_DATA_FEE_SLIPPAGE_LIQUIDITY,pairwise,0.915,941,1686,1686,-0.017469750889679697,-29.453999999999972,OBSERVED_VALUE,all_training_conditions,-30.368999999999993,0.9830077598300776,0.9488051194880512,FDR_NOT_SIGNIFICANT,path_low_lt_0.7095__and__elapsed_seconds_ge_-4388,1,False,UNKNOWN,record,745
1.0,-52.554275,20.744249999999997,ResearchRun,GROSS_REFERENCE_PROXY,BLOCK_DATA_FEE_SLIPPAGE_LIQUIDITY,pairwise,0.925,903,1686,1686,-0.00941577698695139,-15.875000000000043,OBSERVED_VALUE,all_training_conditions,-16.799999999999997,0.9769416959193534,0.8093190680931907,FDR_NOT_SIGNIFICANT,path_low_lt_0.7095__and__elapsed_seconds_ge_-52,1,False,UNKNOWN,record,783
1.0,-53.88154999999999,18.304575000000007,ResearchRun,GROSS_REFERENCE_PROXY,BLOCK_DATA_FEE_SLIPPAGE_LIQUIDITY,pairwise,0.925,894,1684,1684,-0.010561757719714982,-17.78600000000003,OBSERVED_VALUE,all_training_conditions,-18.710999999999995,0.9799762880854771,0.8309169083091691,FDR_NOT_SIGNIFICANT,path_low_lt_0.7095__and__elapsed_seconds_ge_300,1,False,UNKNOWN,record,790
1.0,-66.7904125,6.288087499999999,ResearchRun,GROSS_REFERENCE_PROXY,BLOCK_DATA_FEE_SLIPPAGE_LIQUIDITY,pairwise,0.915,925,1652,1652,-0.018528450363196104,-30.608999999999963,OBSERVED_VALUE,all_training_conditions,-31.524,0.9830077598300776,0.950904909509049,FDR_NOT_SIGNIFICANT,path_low_lt_0.7095__and__elapsed_seconds_lt_-23,1,False,UNKNOWN,record,727
1.0,-60.52447499999999,10.207924999999962,ResearchRun,GROSS_REFERENCE_PROXY,BLOCK_DATA_FEE_SLIPPAGE_LIQUIDITY,pairwise,0.915,883,1585,1585,-0.015904100946372225,-25.207999999999974,OBSERVED_VALUE,all_training_conditions,-26.123,0.9830077598300776,0.923007699230077,FDR_NOT_SIGNIFICANT,path_low_lt_0.7095__and__elapsed_seconds_lt_-38,1,False,UNKNOWN,record,702
1.0,-51.68171249999997,13.453987499999984,ResearchRun,GROSS_REFERENCE_PROXY,BLOCK_DATA_FEE_SLIPPAGE_LIQUIDITY,pairwise,0.915,738,1330,1330,-0.014632706766917256,-19.46149999999995,OBSERVED_VALUE,all_training_conditions,-20.3765,0.9799762880854771,0.8778122187781222,FDR_NOT_SIGNIFICANT,path_low_lt_0.7095__and__elapsed_seconds_lt_-52,1,False,UNKNOWN,record,592
1.0,-66.297575,6.678774999999983,ResearchRun,GROSS_REFERENCE_PROXY,BLOCK_DATA_FEE_SLIPPAGE_LIQUIDITY,pairwise,0.915,941,1686,1686,-0.017469750889679697,-29.453999999999972,OBSERVED_VALUE,all_training_conditions,-30.368999999999993,0.9830077598300776,0.940905909409059,FDR_NOT_SIGNIFICANT,path_low_lt_0.7095__and__elapsed_seconds_lt_300,1,False,UNKNOWN,record,745
1.0,-50.41335,6.445562499999992,ResearchRun,GROSS_REFERENCE_PROXY,BLOCK_DATA_FEE_SLIPPAGE_LIQUIDITY,pairwise,0.905,576,1031,1031,-0.021532007759456805,-22.199499999999965,OBSERVED_VALUE,all_training_conditions,-23.10450000000001,0.9830077598300776,0.9313068693130687,FDR_NOT_SIGNIFICANT,path_low_lt_0.7095__and__level_eq_ATP,1,False,UNKNOWN,record,455
1.0,-29.985075000000002,15.5045125,ResearchRun,GROSS_REFERENCE_PROXY,BLOCK_DATA_FEE_SLIPPAGE_LIQUIDITY,pairwise,0.915,365,655,655,-0.011075572519083981,-7.254500000000008,OBSERVED_VALUE,all_training_conditions,-8.1695,0.9720775371442447,0.7375262473752625,FDR_NOT_SIGNIFICANT,path_low_lt_0.7095__and__level_eq_WTA,1,False,UNKNOWN,record,290
1.0,-52.21044999999997,21.259575,ResearchRun,GROSS_REFERENCE_PROXY,BLOCK_DATA_FEE_SLIPPAGE_LIQUIDITY,path_behavior,-0.915,564,1686,1686,-0.009064650059311976,-15.28299999999999,OBSERVED_VALUE,all_training_conditions,-14.367999999999999,0.9720775371442447,0.797920207979202,FDR_NOT_SIGNIFICANT,path_low_lt_0.9875,1,False,UNKNOWN,record,1122
1.0,-47.975612499999976,24.422112499999987,ResearchRun,GROSS_REFERENCE_PROXY,BLOCK_DATA_FEE_SLIPPAGE_LIQUIDITY,pairwise,-0.925,554,1684,1684,-0.006807304038004746,-11.463499999999993,OBSERVED_VALUE,all_training_conditions,-10.538499999999996,0.9720775371442447,0.7330266973302669,FDR_NOT_SIGNIFICANT,path_low_lt_0.9875__and__elapsed_seconds_ge_-23,1,False,UNKNOWN,record,1130
1.0,-48.49965,24.986012499999994,ResearchRun,GROSS_REFERENCE_PROXY,BLOCK_DATA_FEE_SLIPPAGE_LIQUIDITY,pairwise,-0.925,554,1684,1684,-0.006801365795724462,-11.453499999999995,OBSERVED_VALUE,all_training_conditions,-10.528499999999998,0.9720775371442447,0.7341265873412659,FDR_NOT_SIGNIFICANT,path_low_lt_0.9875__and__elapsed_seconds_ge_-38,1,False,UNKNOWN,record,1130
1.0,-52.29717499999998,20.792049999999982,ResearchRun,GROSS_REFERENCE_PROXY,BLOCK_DATA_FEE_SLIPPAGE_LIQUIDITY,pairwise,-0.915,564,1686,1686,-0.009064650059311976,-15.28299999999999,OBSERVED_VALUE,all_training_conditions,-14.367999999999999,0.9720775371442447,0.7923207679232077,FDR_NOT_SIGNIFICANT,path_low_lt_0.9875__and__elapsed_seconds_ge_-4388,1,False,UNKNOWN,record,1122
1.0,-43.885125,28.85413749999999,ResearchRun,GROSS_REFERENCE_PROXY,BLOCK_DATA_FEE_SLIPPAGE_LIQUIDITY,pairwise,-0.925,552,1686,1686,-0.0046441281138790156,-7.83000000000002,OBSERVED_VALUE,all_training_conditions,-6.905000000000002,0.9720775371442447,0.6642335766423357,FDR_NOT_SIGNIFICANT,path_low_lt_0.9875__and__elapsed_seconds_ge_-52,1,False,UNKNOWN,record,1134
1.0,-48.797250000000005,25.086137500000007,ResearchRun,GROSS_REFERENCE_PROXY,BLOCK_DATA_FEE_SLIPPAGE_LIQUIDITY,pairwise,-0.925,554,1684,1684,-0.007044833729216149,-11.863499999999995,OBSERVED_VALUE,all_training_conditions,-10.938499999999998,0.9720775371442447,0.7364263573642635,FDR_NOT_SIGNIFICANT,path_low_lt_0.9875__and__elapsed_seconds_ge_300,1,False,UNKNOWN,record,1130
1.0,-50.34752500000001,21.538237499999973,ResearchRun,GROSS_REFERENCE_PROXY,BLOCK_DATA_FEE_SLIPPAGE_LIQUIDITY,pairwise,-0.915,552,1652,1652,-0.008794188861985465,-14.527999999999988,OBSERVED_VALUE,all_training_conditions,-13.613,0.9720775371442447,0.7777222277772223,FDR_NOT_SIGNIFICANT,path_low_lt_0.9875__and__elapsed_seconds_lt_-23,1,False,UNKNOWN,record,1100
1.0,-50.07932499999998,21.146812499999992,ResearchRun,GROSS_REFERENCE_PROXY,BLOCK_DATA_FEE_SLIPPAGE_LIQUIDITY,pairwise,-0.915,529,1585,1585,-0.00875015772870662,-13.868999999999993,OBSERVED_VALUE,all_training_conditions,-12.954,0.9720775371442447,0.7813218678132187,FDR_NOT_SIGNIFICANT,path_low_lt_0.9875__and__elapsed_seconds_lt_-38,1,False,UNKNOWN,record,1056
1.0,-43.3555875,22.468987499999983,ResearchRun,GROSS_REFERENCE_PROXY,BLOCK_DATA_FEE_SLIPPAGE_LIQUIDITY,pairwise,-0.915,443,1330,1330,-0.007730451127819553,-10.281500000000005,OBSERVED_VALUE,all_training_conditions,-9.366499999999998,0.9720775371442447,0.7351264873512648,FDR_NOT_SIGNIFICANT,path_low_lt_0.9875__and__elapsed_seconds_lt_-52,1,False,UNKNOWN,record,887
1.0,-52.0330375,20.695912499999995,ResearchRun,GROSS_REFERENCE_PROXY,BLOCK_DATA_FEE_SLIPPAGE_LIQUIDITY,pairwise,-0.915,564,1686,1686,-0.009064650059311976,-15.28299999999999,OBSERVED_VALUE,all_training_conditions,-14.367999999999999,0.9720775371442447,0.7981201879812019,FDR_NOT_SIGNIFICANT,path_low_lt_0.9875__and__elapsed_seconds_lt_300,1,False,UNKNOWN,record,1122
1.0,-40.4117125,18.133975,ResearchRun,GROSS_REFERENCE_PROXY,BLOCK_DATA_FEE_SLIPPAGE_LIQUIDITY,pairwise,-0.905,348,1031,1031,-0.010561105722599412,-10.888499999999993,OBSERVED_VALUE,all_training_conditions,-9.983499999999998,0.9720775371442447,0.7704229577042295,FDR_NOT_SIGNIFICANT,path_low_lt_0.9875__and__level_eq_ATP,1,False,UNKNOWN,record,683
1.0,-27.211574999999993,18.644474999999996,ResearchRun,GROSS_REFERENCE_PROXY,BLOCK_DATA_FEE_SLIPPAGE_LIQUIDITY,pairwise,-0.915,216,655,655,-0.006709160305343516,-4.3945000000000025,OBSERVED_VALUE,all_training_conditions,-3.4795,0.9720775371442447,0.654034596540346,FDR_NOT_SIGNIFICANT,path_low_lt_0.9875__and__level_eq_WTA,1,False,UNKNOWN,record,439
1.0,-49.45373749999999,23.685274999999987,ResearchRun,GROSS_REFERENCE_PROXY,BLOCK_DATA_FEE_SLIPPAGE_LIQUIDITY,path_behavior,-0.925,553,1678,1678,-0.007606376638855783,-12.763500000000004,OBSERVED_VALUE,all_training_conditions,-11.838499999999996,0.9720775371442447,0.7570242975702429,FDR_NOT_SIGNIFICANT,realized_volatility_ge_0,1,False,UNKNOWN,record,1125
1.0,-57.574324999999995,4.394962499999963,ResearchRun,GROSS_REFERENCE_PROXY,BLOCK_DATA_FEE_SLIPPAGE_LIQUIDITY,path_behavior,-0.925,607,1276,1276,-0.02089694357366768,-26.66449999999996,OBSERVED_VALUE,all_training_conditions,-25.7395,0.9830077598300776,0.9559044095590441,FDR_NOT_SIGNIFICANT,realized_volatility_ge_0.0138682417455,1,False,UNKNOWN,record,669
1.0,-57.6908875,4.2208124999999805,ResearchRun,GROSS_REFERENCE_PROXY,BLOCK_DATA_FEE_SLIPPAGE_LIQUIDITY,pairwise,-0.925,607,1276,1276,-0.02089694357366768,-26.66449999999996,OBSERVED_VALUE,all_training_conditions,-25.7395,0.9830077598300776,0.9542045795420458,FDR_NOT_SIGNIFICANT,realized_volatility_ge_0.0138682417455__and__elapsed_seconds_ge_-23,1,False,UNKNOWN,record,669
1.0,-58.622674999999994,4.7077125,ResearchRun,GROSS_REFERENCE_PROXY,BLOCK_DATA_FEE_SLIPPAGE_LIQUIDITY,pairwise,-0.925,607,1276,1276,-0.02089694357366768,-26.66449999999996,OBSERVED_VALUE,all_training_conditions,-25.7395,0.9830077598300776,0.9561043895610439,FDR_NOT_SIGNIFICANT,realized_volatility_ge_0.0138682417455__and__elapsed_seconds_ge_-38,1,False,UNKNOWN,record,669
1.0,-58.765074999999996,4.118874999999977,ResearchRun,GROSS_REFERENCE_PROXY,BLOCK_DATA_FEE_SLIPPAGE_LIQUIDITY,pairwise,-0.925,607,1276,1276,-0.02089694357366768,-26.66449999999996,OBSERVED_VALUE,all_training_conditions,-25.7395,0.9830077598300776,0.9541045895410459,FDR_NOT_SIGNIFICANT,realized_volatility_ge_0.0138682417455__and__elapsed_seconds_ge_-4388,1,False,UNKNOWN,record,669
1.0,-58.174624999999985,4.42103749999999,ResearchRun,GROSS_REFERENCE_PROXY,BLOCK_DATA_FEE_SLIPPAGE_LIQUIDITY,pairwise,-0.925,607,1276,1276,-0.02089694357366768,-26.66449999999996,OBSERVED_VALUE,all_training_conditions,-25.7395,0.9830077598300776,0.9544045595440456,FDR_NOT_SIGNIFICANT,realized_volatility_ge_0.0138682417455__and__elapsed_seconds_ge_-52,1,False,UNKNOWN,record,669
1.0,-58.04871249999996,4.941562499999996,ResearchRun,GROSS_REFERENCE_PROXY,BLOCK_DATA_FEE_SLIPPAGE_LIQUIDITY,pairwise,-0.925,607,1276,1276,-0.02089694357366768,-26.66449999999996,OBSERVED_VALUE,all_training_conditions,-25.7395,0.9830077598300776,0.9547045295470453,FDR_NOT_SIGNIFICANT,realized_volatility_ge_0.0138682417455__and__elapsed_seconds_ge_300,1,False,UNKNOWN,record,669
,,,ResearchRun,GROSS_REFERENCE_PROXY,BLOCK_DATA_FEE_SLIPPAGE_LIQUIDITY,pairwise,,0,0,0,,0.0,OBSERVED_VALUE,all_training_conditions,0.0,,,ZERO_MATCHES,realized_volatility_ge_0.0138682417455__and__elapsed_seconds_lt_-23,1,False,UNKNOWN,record,0
,,,ResearchRun,GROSS_REFERENCE_PROXY,BLOCK_DATA_FEE_SLIPPAGE_LIQUIDITY,pairwise,,0,0,0,,0.0,OBSERVED_VALUE,all_training_conditions,0.0,,,ZERO_MATCHES,realized_volatility_ge_0.0138682417455__and__elapsed_seconds_lt_-38,1,False,UNKNOWN,record,0
,,,ResearchRun,GROSS_REFERENCE_PROXY,BLOCK_DATA_FEE_SLIPPAGE_LIQUIDITY,pairwise,,0,0,0,,0.0,OBSERVED_VALUE,all_training_conditions,0.0,,,ZERO_MATCHES,realized_volatility_ge_0.0138682417455__and__elapsed_seconds_lt_-52,1,False,UNKNOWN,record,0
,,,ResearchRun,GROSS_REFERENCE_PROXY,BLOCK_DATA_FEE_SLIPPAGE_LIQUIDITY,pairwise,,0,0,0,,0.0,OBSERVED_VALUE,all_training_conditions,0.0,,,ZERO_MATCHES,realized_volatility_ge_0.0138682417455__and__elapsed_seconds_lt_300,1,False,UNKNOWN,record,0
1.0,-45.64562499999999,3.5889499999999837,ResearchRun,GROSS_REFERENCE_PROXY,BLOCK_DATA_FEE_SLIPPAGE_LIQUIDITY,pairwise,-0.925,374,766,766,-0.026849216710182765,-20.566499999999998,OBSERVED_VALUE,all_training_conditions,-19.6415,0.9830077598300776,0.9481051894810519,FDR_NOT_SIGNIFICANT,realized_volatility_ge_0.0138682417455__and__level_eq_ATP,1,False,UNKNOWN,record,392
1.0,-25.661899999999992,12.600562499999995,ResearchRun,GROSS_REFERENCE_PROXY,BLOCK_DATA_FEE_SLIPPAGE_LIQUIDITY,pairwise,-0.905,233,510,510,-0.011956862745098053,-6.098000000000007,OBSERVED_VALUE,all_training_conditions,-5.192999999999997,0.9720775371442447,0.7266273372662734,FDR_NOT_SIGNIFICANT,realized_volatility_ge_0.0138682417455__and__level_eq_WTA,1,False,UNKNOWN,record,277
1.0,-35.870775,17.45836249999998,ResearchRun,GROSS_REFERENCE_PROXY,BLOCK_DATA_FEE_SLIPPAGE_LIQUIDITY,path_behavior,0.925,524,936,936,-0.009852029914529931,-9.221500000000015,OBSERVED_VALUE,all_training_conditions,-10.146500000000003,0.9720775371442447,0.7510248975102489,FDR_NOT_SIGNIFICANT,realized_volatility_ge_0.0332983334177,1,False,UNKNOWN,record,412
1.0,-35.49453749999999,17.4050375,ResearchRun,GROSS_REFERENCE_PROXY,BLOCK_DATA_FEE_SLIPPAGE_LIQUIDITY,pairwise,0.925,524,936,936,-0.009852029914529931,-9.221500000000015,OBSERVED_VALUE,all_training_conditions,-10.146500000000003,0.9720775371442447,0.7565243475652434,FDR_NOT_SIGNIFICANT,realized_volatility_ge_0.0332983334177__and__elapsed_seconds_ge_-23,1,False,UNKNOWN,record,412
1.0,-35.84663749999999,16.754937499999986,ResearchRun,GROSS_REFERENCE_PROXY,BLOCK_DATA_FEE_SLIPPAGE_LIQUIDITY,pairwise,0.925,524,936,936,-0.009852029914529931,-9.221500000000015,OBSERVED_VALUE,all_training_conditions,-10.146500000000003,0.9720775371442447,0.7531246875312468,FDR_NOT_SIGNIFICANT,realized_volatility_ge_0.0332983334177__and__elapsed_seconds_ge_-38,1,False,UNKNOWN,record,412
1.0,-35.9729,16.49201249999999,ResearchRun,GROSS_REFERENCE_PROXY,BLOCK_DATA_FEE_SLIPPAGE_LIQUIDITY,pairwise,0.925,524,936,936,-0.009852029914529931,-9.221500000000015,OBSERVED_VALUE,all_training_conditions,-10.146500000000003,0.9720775371442447,0.7523247675232477,FDR_NOT_SIGNIFICANT,realized_volatility_ge_0.0332983334177__and__elapsed_seconds_ge_-4388,1,False,UNKNOWN,record,412
1.0,-35.835525000000004,17.2085375,ResearchRun,GROSS_REFERENCE_PROXY,BLOCK_DATA_FEE_SLIPPAGE_LIQUIDITY,pairwise,0.925,524,936,936,-0.009852029914529931,-9.221500000000015,OBSERVED_VALUE,all_training_conditions,-10.146500000000003,0.9720775371442447,0.7516248375162484,FDR_NOT_SIGNIFICANT,realized_volatility_ge_0.0332983334177__and__elapsed_seconds_ge_-52,1,False,UNKNOWN,record,412
1.0,-35.992599999999996,17.735062499999994,ResearchRun,GROSS_REFERENCE_PROXY,BLOCK_DATA_FEE_SLIPPAGE_LIQUIDITY,pairwise,0.925,524,936,936,-0.009852029914529931,-9.221500000000015,OBSERVED_VALUE,all_training_conditions,-10.146500000000003,0.9720775371442447,0.7533246675332467,FDR_NOT_SIGNIFICANT,realized_volatility_ge_0.0332983334177__and__elapsed_seconds_ge_300,1,False,UNKNOWN,record,412
,,,ResearchRun,GROSS_REFERENCE_PROXY,BLOCK_DATA_FEE_SLIPPAGE_LIQUIDITY,pairwise,,0,0,0,,0.0,OBSERVED_VALUE,all_training_conditions,0.0,,,ZERO_MATCHES,realized_volatility_ge_0.0332983334177__and__elapsed_seconds_lt_-23,1,False,UNKNOWN,record,0
,,,ResearchRun,GROSS_REFERENCE_PROXY,BLOCK_DATA_FEE_SLIPPAGE_LIQUIDITY,pairwise,,0,0,0,,0.0,OBSERVED_VALUE,all_training_conditions,0.0,,,ZERO_MATCHES,realized_volatility_ge_0.0332983334177__and__elapsed_seconds_lt_-38,1,False,UNKNOWN,record,0
,,,ResearchRun,GROSS_REFERENCE_PROXY,BLOCK_DATA_FEE_SLIPPAGE_LIQUIDITY,pairwise,,0,0,0,,0.0,OBSERVED_VALUE,all_training_conditions,0.0,,,ZERO_MATCHES,realized_volatility_ge_0.0332983334177__and__elapsed_seconds_lt_-52,1,False,UNKNOWN,record,0
,,,ResearchRun,GROSS_REFERENCE_PROXY,BLOCK_DATA_FEE_SLIPPAGE_LIQUIDITY,pairwise,,0,0,0,,0.0,OBSERVED_VALUE,all_training_conditions,0.0,,,ZERO_MATCHES,realized_volatility_ge_0.0332983334177__and__elapsed_seconds_lt_300,1,False,UNKNOWN,record,0
1.0,-26.9715875,13.178537500000001,ResearchRun,GROSS_REFERENCE_PROXY,BLOCK_DATA_FEE_SLIPPAGE_LIQUIDITY,pairwise,0.925,310,543,543,-0.012905156537753234,-7.007500000000006,OBSERVED_VALUE,all_training_conditions,-7.932499999999998,0.9720775371442447,0.7469253074692531,FDR_NOT_SIGNIFICANT,realized_volatility_ge_0.0332983334177__and__level_eq_ATP,1,False,UNKNOWN,record,233
1.0,-18.6570375,13.9695375,ResearchRun,GROSS_REFERENCE_PROXY,BLOCK_DATA_FEE_SLIPPAGE_LIQUIDITY,pairwise,-0.905,214,393,393,-0.005633587786259544,-2.214000000000001,OBSERVED_VALUE,all_training_conditions,-1.309,0.9720775371442447,0.6071392860713929,FDR_NOT_SIGNIFICANT,realized_volatility_ge_0.0332983334177__and__level_eq_WTA,1,False,UNKNOWN,record,179
1.0,-17.7176625,23.136087499999995,ResearchRun,GROSS_REFERENCE_PROXY,BLOCK_DATA_FEE_SLIPPAGE_LIQUIDITY,path_behavior,0.925,382,583,583,0.004589193825042877,2.6754999999999973,OBSERVED_VALUE,all_training_conditions,1.7505000000000013,0.9720775371442447,0.40745925407459255,FDR_NOT_SIGNIFICANT,realized_volatility_ge_0.0694710322181,1,False,UNKNOWN,record,201
1.0,-17.278499999999994,22.680224999999997,ResearchRun,GROSS_REFERENCE_PROXY,BLOCK_DATA_FEE_SLIPPAGE_LIQUIDITY,pairwise,0.925,382,583,583,0.004589193825042877,2.6754999999999973,OBSERVED_VALUE,all_training_conditions,1.7505000000000013,0.9720775371442447,0.40445955404459555,FDR_NOT_SIGNIFICANT,realized_volatility_ge_0.0694710322181__and__elapsed_seconds_ge_-23,1,False,UNKNOWN,record,201
1.0,-17.741574999999994,22.984137499999985,ResearchRun,GROSS_REFERENCE_PROXY,BLOCK_DATA_FEE_SLIPPAGE_LIQUIDITY,pairwise,0.925,382,583,583,0.004589193825042877,2.6754999999999973,OBSERVED_VALUE,all_training_conditions,1.7505000000000013,0.9720775371442447,0.40285971402859716,FDR_NOT_SIGNIFICANT,realized_volatility_ge_0.0694710322181__and__elapsed_seconds_ge_-38,1,False,UNKNOWN,record,201
1.0,-17.55434999999998,22.5856625,ResearchRun,GROSS_REFERENCE_PROXY,BLOCK_DATA_FEE_SLIPPAGE_LIQUIDITY,pairwise,0.925,382,583,583,0.004589193825042877,2.6754999999999973,OBSERVED_VALUE,all_training_conditions,1.7505000000000013,0.9720775371442447,0.402959704029597,FDR_NOT_SIGNIFICANT,realized_volatility_ge_0.0694710322181__and__elapsed_seconds_ge_-4388,1,False,UNKNOWN,record,201
1.0,-16.9975375,22.715562499999997,ResearchRun,GROSS_REFERENCE_PROXY,BLOCK_DATA_FEE_SLIPPAGE_LIQUIDITY,pairwise,0.925,382,583,583,0.004589193825042877,2.6754999999999973,OBSERVED_VALUE,all_training_conditions,1.7505000000000013,0.9720775371442447,0.401959804019598,FDR_NOT_SIGNIFICANT,realized_volatility_ge_0.0694710322181__and__elapsed_seconds_ge_-52,1,False,UNKNOWN,record,201
1.0,-17.7202125,22.770812499999995,ResearchRun,GROSS_REFERENCE_PROXY,BLOCK_DATA_FEE_SLIPPAGE_LIQUIDITY,pairwise,0.925,382,583,583,0.004589193825042877,2.6754999999999973,OBSERVED_VALUE,all_training_conditions,1.7505000000000013,0.9720775371442447,0.4022597740225977,FDR_NOT_SIGNIFICANT,realized_volatility_ge_0.0694710322181__and__elapsed_seconds_ge_300,1,False,UNKNOWN,record,201
,,,ResearchRun,GROSS_REFERENCE_PROXY,BLOCK_DATA_FEE_SLIPPAGE_LIQUIDITY,pairwise,,0,0,0,,0.0,OBSERVED_VALUE,all_training_conditions,0.0,,,ZERO_MATCHES,realized_volatility_ge_0.0694710322181__and__elapsed_seconds_lt_-23,1,False,UNKNOWN,record,0
,,,ResearchRun,GROSS_REFERENCE_PROXY,BLOCK_DATA_FEE_SLIPPAGE_LIQUIDITY,pairwise,,0,0,0,,0.0,OBSERVED_VALUE,all_training_conditions,0.0,,,ZERO_MATCHES,realized_volatility_ge_0.0694710322181__and__elapsed_seconds_lt_-38,1,False,UNKNOWN,record,0
,,,ResearchRun,GROSS_REFERENCE_PROXY,BLOCK_DATA_FEE_SLIPPAGE_LIQUIDITY,pairwise,,0,0,0,,0.0,OBSERVED_VALUE,all_training_conditions,0.0,,,ZERO_MATCHES,realized_volatility_ge_0.0694710322181__and__elapsed_seconds_lt_-52,1,False,UNKNOWN,record,0
,,,ResearchRun,GROSS_REFERENCE_PROXY,BLOCK_DATA_FEE_SLIPPAGE_LIQUIDITY,pairwise,,0,0,0,,0.0,OBSERVED_VALUE,all_training_conditions,0.0,,,ZERO_MATCHES,realized_volatility_ge_0.0694710322181__and__elapsed_seconds_lt_300,1,False,UNKNOWN,record,0
1.0,-9.2229,20.309124999999995,ResearchRun,GROSS_REFERENCE_PROXY,BLOCK_DATA_FEE_SLIPPAGE_LIQUIDITY,pairwise,0.925,197,310,310,0.017490322580645156,5.421999999999999,OBSERVED_VALUE,all_training_conditions,4.4970000000000026,0.9720775371442447,0.2415758424157584,FDR_NOT_SIGNIFICANT,realized_volatility_ge_0.0694710322181__and__level_eq_ATP,1,False,UNKNOWN,record,113
1.0,-16.093637499999996,10.972737499999988,ResearchRun,GROSS_REFERENCE_PROXY,BLOCK_DATA_FEE_SLIPPAGE_LIQUIDITY,pairwise,0.905,185,273,273,-0.010060439560439562,-2.7465000000000006,OBSERVED_VALUE,all_training_conditions,-3.6515000000000004,0.9720775371442447,0.6487351264873512,FDR_NOT_SIGNIFICANT,realized_volatility_ge_0.0694710322181__and__level_eq_WTA,1,False,UNKNOWN,record,88
1.0,-49.35851249999999,23.41359999999999,ResearchRun,GROSS_REFERENCE_PROXY,BLOCK_DATA_FEE_SLIPPAGE_LIQUIDITY,pairwise,-0.925,553,1678,1678,-0.007606376638855783,-12.763500000000004,OBSERVED_VALUE,all_training_conditions,-11.838499999999996,0.9720775371442447,0.7556244375562444,FDR_NOT_SIGNIFICANT,realized_volatility_ge_0__and__elapsed_seconds_ge_-23,1,False,UNKNOWN,record,1125
1.0,-49.036925,23.04904999999998,ResearchRun,GROSS_REFERENCE_PROXY,BLOCK_DATA_FEE_SLIPPAGE_LIQUIDITY,pairwise,-0.925,553,1678,1678,-0.007606376638855783,-12.763500000000004,OBSERVED_VALUE,all_training_conditions,-11.838499999999996,0.9720775371442447,0.7514248575142486,FDR_NOT_SIGNIFICANT,realized_volatility_ge_0__and__elapsed_seconds_ge_-38,1,False,UNKNOWN,record,1125
1.0,-48.7003125,23.0748625,ResearchRun,GROSS_REFERENCE_PROXY,BLOCK_DATA_FEE_SLIPPAGE_LIQUIDITY,pairwise,-0.925,553,1678,1678,-0.007606376638855783,-12.763500000000004,OBSERVED_VALUE,all_training_conditions,-11.838499999999996,0.9720775371442447,0.7631236876312368,FDR_NOT_SIGNIFICANT,realized_volatility_ge_0__and__elapsed_seconds_ge_-4388,1,False,UNKNOWN,record,1125
1.0,-49.625525,23.187112499999994,ResearchRun,GROSS_REFERENCE_PROXY,BLOCK_DATA_FEE_SLIPPAGE_LIQUIDITY,pairwise,-0.925,553,1678,1678,-0.007606376638855783,-12.763500000000004,OBSERVED_VALUE,all_training_conditions,-11.838499999999996,0.9720775371442447,0.7643235676432357,FDR_NOT_SIGNIFICANT,realized_volatility_ge_0__and__elapsed_seconds_ge_-52,1,False,UNKNOWN,record,1125
1.0,-49.71479999999999,23.388574999999985,ResearchRun,GROSS_REFERENCE_PROXY,BLOCK_DATA_FEE_SLIPPAGE_LIQUIDITY,pairwise,-0.925,553,1678,1678,-0.007606376638855783,-12.763500000000004,OBSERVED_VALUE,all_training_conditions,-11.838499999999996,0.9720775371442447,0.7644235576442355,FDR_NOT_SIGNIFICANT,realized_volatility_ge_0__and__elapsed_seconds_ge_300,1,False,UNKNOWN,record,1125
,,,ResearchRun,GROSS_REFERENCE_PROXY,BLOCK_DATA_FEE_SLIPPAGE_LIQUIDITY,pairwise,,0,0,0,,0.0,OBSERVED_VALUE,all_training_conditions,0.0,,,ZERO_MATCHES,realized_volatility_ge_0__and__elapsed_seconds_lt_-23,1,False,UNKNOWN,record,0
,,,ResearchRun,GROSS_REFERENCE_PROXY,BLOCK_DATA_FEE_SLIPPAGE_LIQUIDITY,pairwise,,0,0,0,,0.0,OBSERVED_VALUE,all_training_conditions,0.0,,,ZERO_MATCHES,realized_volatility_ge_0__and__elapsed_seconds_lt_-38,1,False,UNKNOWN,record,0
,,,ResearchRun,GROSS_REFERENCE_PROXY,BLOCK_DATA_FEE_SLIPPAGE_LIQUIDITY,pairwise,,0,0,0,,0.0,OBSERVED_VALUE,all_training_conditions,0.0,,,ZERO_MATCHES,realized_volatility_ge_0__and__elapsed_seconds_lt_-52,1,False,UNKNOWN,record,0
,,,ResearchRun,GROSS_REFERENCE_PROXY,BLOCK_DATA_FEE_SLIPPAGE_LIQUIDITY,pairwise,,0,0,0,,0.0,OBSERVED_VALUE,all_training_conditions,0.0,,,ZERO_MATCHES,realized_volatility_ge_0__and__elapsed_seconds_lt_300,1,False,UNKNOWN,record,0
1.0,-36.2594375,21.07968749999999,ResearchRun,GROSS_REFERENCE_PROXY,BLOCK_DATA_FEE_SLIPPAGE_LIQUIDITY,pairwise,-0.925,339,1026,1026,-0.007627680311890848,-7.826000000000009,OBSERVED_VALUE,all_training_conditions,-6.900999999999999,0.9720775371442447,0.7041295870412959,FDR_NOT_SIGNIFICANT,realized_volatility_ge_0__and__level_eq_ATP,1,False,UNKNOWN,record,687
1.0,-27.4633625,17.436024999999994,ResearchRun,GROSS_REFERENCE_PROXY,BLOCK_DATA_FEE_SLIPPAGE_LIQUIDITY,pairwise,-0.905,214,652,652,-0.0075728527607361994,-4.937500000000002,OBSERVED_VALUE,all_training_conditions,-4.032500000000001,0.9720775371442447,0.6752324767523248,FDR_NOT_SIGNIFICANT,realized_volatility_ge_0__and__level_eq_WTA,1,False,UNKNOWN,record,438
1.0,-0.0795,-0.0795,ResearchRun,GROSS_REFERENCE_PROXY,BLOCK_DATA_FEE_SLIPPAGE_LIQUIDITY,path_behavior,-0.0795,1,1,1,-0.0795,-0.0795,OBSERVED_VALUE,all_training_conditions,0.0,1.0,1.0,FDR_NOT_SIGNIFICANT,realized_volatility_ge_2.32041788338,1,False,UNKNOWN,record,0
1.0,-0.0795,-0.0795,ResearchRun,GROSS_REFERENCE_PROXY,BLOCK_DATA_FEE_SLIPPAGE_LIQUIDITY,pairwise,-0.0795,1,1,1,-0.0795,-0.0795,OBSERVED_VALUE,all_training_conditions,0.0,1.0,1.0,FDR_NOT_SIGNIFICANT,realized_volatility_ge_2.32041788338__and__elapsed_seconds_ge_-23,1,False,UNKNOWN,record,0
1.0,-0.0795,-0.0795,ResearchRun,GROSS_REFERENCE_PROXY,BLOCK_DATA_FEE_SLIPPAGE_LIQUIDITY,pairwise,-0.0795,1,1,1,-0.0795,-0.0795,OBSERVED_VALUE,all_training_conditions,0.0,1.0,1.0,FDR_NOT_SIGNIFICANT,realized_volatility_ge_2.32041788338__and__elapsed_seconds_ge_-38,1,False,UNKNOWN,record,0
1.0,-0.0795,-0.0795,ResearchRun,GROSS_REFERENCE_PROXY,BLOCK_DATA_FEE_SLIPPAGE_LIQUIDITY,pairwise,-0.0795,1,1,1,-0.0795,-0.0795,OBSERVED_VALUE,all_training_conditions,0.0,1.0,1.0,FDR_NOT_SIGNIFICANT,realized_volatility_ge_2.32041788338__and__elapsed_seconds_ge_-4388,1,False,UNKNOWN,record,0
1.0,-0.0795,-0.0795,ResearchRun,GROSS_REFERENCE_PROXY,BLOCK_DATA_FEE_SLIPPAGE_LIQUIDITY,pairwise,-0.0795,1,1,1,-0.0795,-0.0795,OBSERVED_VALUE,all_training_conditions,0.0,1.0,1.0,FDR_NOT_SIGNIFICANT,realized_volatility_ge_2.32041788338__and__elapsed_seconds_ge_-52,1,False,UNKNOWN,record,0
1.0,-0.0795,-0.0795,ResearchRun,GROSS_REFERENCE_PROXY,BLOCK_DATA_FEE_SLIPPAGE_LIQUIDITY,pairwise,-0.0795,1,1,1,-0.0795,-0.0795,OBSERVED_VALUE,all_training_conditions,0.0,1.0,1.0,FDR_NOT_SIGNIFICANT,realized_volatility_ge_2.32041788338__and__elapsed_seconds_ge_300,1,False,UNKNOWN,record,0
,,,ResearchRun,GROSS_REFERENCE_PROXY,BLOCK_DATA_FEE_SLIPPAGE_LIQUIDITY,pairwise,,0,0,0,,0.0,OBSERVED_VALUE,all_training_conditions,0.0,,,ZERO_MATCHES,realized_volatility_ge_2.32041788338__and__elapsed_seconds_lt_-23,1,False,UNKNOWN,record,0
,,,ResearchRun,GROSS_REFERENCE_PROXY,BLOCK_DATA_FEE_SLIPPAGE_LIQUIDITY,pairwise,,0,0,0,,0.0,OBSERVED_VALUE,all_training_conditions,0.0,,,ZERO_MATCHES,realized_volatility_ge_2.32041788338__and__elapsed_seconds_lt_-38,1,False,UNKNOWN,record,0
,,,ResearchRun,GROSS_REFERENCE_PROXY,BLOCK_DATA_FEE_SLIPPAGE_LIQUIDITY,pairwise,,0,0,0,,0.0,OBSERVED_VALUE,all_training_conditions,0.0,,,ZERO_MATCHES,realized_volatility_ge_2.32041788338__and__elapsed_seconds_lt_-52,1,False,UNKNOWN,record,0
,,,ResearchRun,GROSS_REFERENCE_PROXY,BLOCK_DATA_FEE_SLIPPAGE_LIQUIDITY,pairwise,,0,0,0,,0.0,OBSERVED_VALUE,all_training_conditions,0.0,,,ZERO_MATCHES,realized_volatility_ge_2.32041788338__and__elapsed_seconds_lt_300,1,False,UNKNOWN,record,0
1.0,-0.0795,-0.0795,ResearchRun,GROSS_REFERENCE_PROXY,BLOCK_DATA_FEE_SLIPPAGE_LIQUIDITY,pairwise,-0.0795,1,1,1,-0.0795,-0.0795,OBSERVED_VALUE,all_training_conditions,0.0,1.0,1.0,FDR_NOT_SIGNIFICANT,realized_volatility_ge_2.32041788338__and__level_eq_ATP,1,False,UNKNOWN,record,0
,,,ResearchRun,GROSS_REFERENCE_PROXY,BLOCK_DATA_FEE_SLIPPAGE_LIQUIDITY,pairwise,,0,0,0,,0.0,OBSERVED_VALUE,all_training_conditions,0.0,,,ZERO_MATCHES,realized_volatility_ge_2.32041788338__and__level_eq_WTA,1,False,UNKNOWN,record,0
,,,ResearchRun,GROSS_REFERENCE_PROXY,BLOCK_DATA_FEE_SLIPPAGE_LIQUIDITY,path_behavior,,0,0,0,,0.0,OBSERVED_VALUE,all_training_conditions,0.0,,,ZERO_MATCHES,realized_volatility_lt_0,1,False,UNKNOWN,record,0
1.0,-13.220449999999982,35.01786249999999,ResearchRun,GROSS_REFERENCE_PROXY,BLOCK_DATA_FEE_SLIPPAGE_LIQUIDITY,path_behavior,-0.91,223,762,762,0.014198818897637801,10.819500000000005,OBSERVED_VALUE,all_training_conditions,11.729499999999998,0.9720775371442447,0.18298170182981702,FDR_NOT_SIGNIFICANT,realized_volatility_lt_0.0138682417455,1,False,UNKNOWN,record,539
1.0,-13.406624999999988,34.47681249999999,ResearchRun,GROSS_REFERENCE_PROXY,BLOCK_DATA_FEE_SLIPPAGE_LIQUIDITY,pairwise,-0.91,223,762,762,0.014198818897637801,10.819500000000005,OBSERVED_VALUE,all_training_conditions,11.729499999999998,0.9720775371442447,0.1902809719028097,FDR_NOT_SIGNIFICANT,realized_volatility_lt_0.0138682417455__and__elapsed_seconds_ge_-23,1,False,UNKNOWN,record,539
1.0,-13.232799999999996,34.565675,ResearchRun,GROSS_REFERENCE_PROXY,BLOCK_DATA_FEE_SLIPPAGE_LIQUIDITY,pairwise,-0.91,223,762,762,0.014198818897637801,10.819500000000005,OBSERVED_VALUE,all_training_conditions,11.729499999999998,0.9720775371442447,0.18268173182681732,FDR_NOT_SIGNIFICANT,realized_volatility_lt_0.0138682417455__and__elapsed_seconds_ge_-38,1,False,UNKNOWN,record,539
1.0,-13.755262499999997,34.169200000000004,ResearchRun,GROSS_REFERENCE_PROXY,BLOCK_DATA_FEE_SLIPPAGE_LIQUIDITY,pairwise,-0.91,223,762,762,0.014198818897637801,10.819500000000005,OBSERVED_VALUE,all_training_conditions,11.729499999999998,0.9720775371442447,0.1790820917908209,FDR_NOT_SIGNIFICANT,realized_volatility_lt_0.0138682417455__and__elapsed_seconds_ge_-4388,1,False,UNKNOWN,record,539
1.0,-12.876662499999998,34.740525000000005,ResearchRun,GROSS_REFERENCE_PROXY,BLOCK_DATA_FEE_SLIPPAGE_LIQUIDITY,pairwise,-0.91,223,762,762,0.014198818897637801,10.819500000000005,OBSERVED_VALUE,all_training_conditions,11.729499999999998,0.9720775371442447,0.19038096190380963,FDR_NOT_SIGNIFICANT,realized_volatility_lt_0.0138682417455__and__elapsed_seconds_ge_-52,1,False,UNKNOWN,record,539
1.0,-13.469912499999992,34.698074999999996,ResearchRun,GROSS_REFERENCE_PROXY,BLOCK_DATA_FEE_SLIPPAGE_LIQUIDITY,pairwise,-0.91,223,762,762,0.014198818897637801,10.819500000000005,OBSERVED_VALUE,all_training_conditions,11.729499999999998,0.9720775371442447,0.18668133186681332,FDR_NOT_SIGNIFICANT,realized_volatility_lt_0.0138682417455__and__elapsed_seconds_ge_300,1,False,UNKNOWN,record,539
,,,ResearchRun,GROSS_REFERENCE_PROXY,BLOCK_DATA_FEE_SLIPPAGE_LIQUIDITY,pairwise,,0,0,0,,0.0,OBSERVED_VALUE,all_training_conditions,0.0,,,ZERO_MATCHES,realized_volatility_lt_0.0138682417455__and__elapsed_seconds_lt_-23,1,False,UNKNOWN,record,0
,,,ResearchRun,GROSS_REFERENCE_PROXY,BLOCK_DATA_FEE_SLIPPAGE_LIQUIDITY,pairwise,,0,0,0,,0.0,OBSERVED_VALUE,all_training_conditions,0.0,,,ZERO_MATCHES,realized_volatility_lt_0.0138682417455__and__elapsed_seconds_lt_-38,1,False,UNKNOWN,record,0
,,,ResearchRun,GROSS_REFERENCE_PROXY,BLOCK_DATA_FEE_SLIPPAGE_LIQUIDITY,pairwise,,0,0,0,,0.0,OBSERVED_VALUE,all_training_conditions,0.0,,,ZERO_MATCHES,realized_volatility_lt_0.0138682417455__and__elapsed_seconds_lt_-52,1,False,UNKNOWN,record,0
,,,ResearchRun,GROSS_REFERENCE_PROXY,BLOCK_DATA_FEE_SLIPPAGE_LIQUIDITY,pairwise,,0,0,0,,0.0,OBSERVED_VALUE,all_training_conditions,0.0,,,ZERO_MATCHES,realized_volatility_lt_0.0138682417455__and__elapsed_seconds_lt_300,1,False,UNKNOWN,record,0
1.0,-8.736549999999998,29.258037499999993,ResearchRun,GROSS_REFERENCE_PROXY,BLOCK_DATA_FEE_SLIPPAGE_LIQUIDITY,pairwise,-0.91,141,490,490,0.021691836734693895,10.629000000000008,OBSERVED_VALUE,all_training_conditions,11.539,0.9720775371442447,0.1346865313468653,FDR_NOT_SIGNIFICANT,realized_volatility_lt_0.0138682417455__and__level_eq_ATP,1,False,UNKNOWN,record,349
1.0,-14.189212499999991,14.730112499999995,ResearchRun,GROSS_REFERENCE_PROXY,BLOCK_DATA_FEE_SLIPPAGE_LIQUIDITY,pairwise,-0.885,82,272,272,0.0007003676470588293,0.19050000000000156,OBSERVED_VALUE,all_training_conditions,1.0755000000000001,0.9720775371442447,0.49075092490750927,FDR_NOT_SIGNIFICANT,realized_volatility_lt_0.0138682417455__and__level_eq_WTA,1,False,UNKNOWN,record,190
1.0,-28.447549999999996,30.229625,ResearchRun,GROSS_REFERENCE_PROXY,BLOCK_DATA_FEE_SLIPPAGE_LIQUIDITY,path_behavior,-0.925,358,1172,1172,0.0010213310580204666,1.1969999999999867,OBSERVED_VALUE,all_training_conditions,2.121999999999999,0.9720775371442447,0.46665333466653336,FDR_NOT_SIGNIFICANT,realized_volatility_lt_0.0332983334177,1,False,UNKNOWN,record,814
1.0,-28.880512500000002,30.662162500000004,ResearchRun,GROSS_REFERENCE_PROXY,BLOCK_DATA_FEE_SLIPPAGE_LIQUIDITY,pairwise,-0.925,358,1172,1172,0.0010213310580204666,1.1969999999999867,OBSERVED_VALUE,all_training_conditions,2.121999999999999,0.9720775371442447,0.46435356464353567,FDR_NOT_SIGNIFICANT,realized_volatility_lt_0.0332983334177__and__elapsed_seconds_ge_-23,1,False,UNKNOWN,record,814
1.0,-28.41814999999999,31.272612499999976,ResearchRun,GROSS_REFERENCE_PROXY,BLOCK_DATA_FEE_SLIPPAGE_LIQUIDITY,pairwise,-0.925,358,1172,1172,0.0010213310580204666,1.1969999999999867,OBSERVED_VALUE,all_training_conditions,2.121999999999999,0.9720775371442447,0.46395360463953605,FDR_NOT_SIGNIFICANT,realized_volatility_lt_0.0332983334177__and__elapsed_seconds_ge_-38,1,False,UNKNOWN,record,814
1.0,-28.4951625,30.375212499999996,ResearchRun,GROSS_REFERENCE_PROXY,BLOCK_DATA_FEE_SLIPPAGE_LIQUIDITY,pairwise,-0.925,358,1172,1172,0.0010213310580204666,1.1969999999999867,OBSERVED_VALUE,all_training_conditions,2.121999999999999,0.9720775371442447,0.46965303469653036,FDR_NOT_SIGNIFICANT,realized_volatility_lt_0.0332983334177__and__elapsed_seconds_ge_-4388,1,False,UNKNOWN,record,814
1.0,-28.466799999999985,30.823525,ResearchRun,GROSS_REFERENCE_PROXY,BLOCK_DATA_FEE_SLIPPAGE_LIQUIDITY,pairwise,-0.925,358,1172,1172,0.0010213310580204666,1.1969999999999867,OBSERVED_VALUE,all_training_conditions,2.121999999999999,0.9720775371442447,0.45965403459654036,FDR_NOT_SIGNIFICANT,realized_volatility_lt_0.0332983334177__and__elapsed_seconds_ge_-52,1,False,UNKNOWN,record,814
1.0,-29.147100000000002,30.382012500000002,ResearchRun,GROSS_REFERENCE_PROXY,BLOCK_DATA_FEE_SLIPPAGE_LIQUIDITY,pairwise,-0.925,358,1172,1172,0.0010213310580204666,1.1969999999999867,OBSERVED_VALUE,all_training_conditions,2.121999999999999,0.9720775371442447,0.46455354464553544,FDR_NOT_SIGNIFICANT,realized_volatility_lt_0.0332983334177__and__elapsed_seconds_ge_300,1,False,UNKNOWN,record,814
,,,ResearchRun,GROSS_REFERENCE_PROXY,BLOCK_DATA_FEE_SLIPPAGE_LIQUIDITY,pairwise,,0,0,0,,0.0,OBSERVED_VALUE,all_training_conditions,0.0,,,ZERO_MATCHES,realized_volatility_lt_0.0332983334177__and__elapsed_seconds_lt_-23,1,False,UNKNOWN,record,0
,,,ResearchRun,GROSS_REFERENCE_PROXY,BLOCK_DATA_FEE_SLIPPAGE_LIQUIDITY,pairwise,,0,0,0,,0.0,OBSERVED_VALUE,all_training_conditions,0.0,,,ZERO_MATCHES,realized_volatility_lt_0.0332983334177__and__elapsed_seconds_lt_-38,1,False,UNKNOWN,record,0
,,,ResearchRun,GROSS_REFERENCE_PROXY,BLOCK_DATA_FEE_SLIPPAGE_LIQUIDITY,pairwise,,0,0,0,,0.0,OBSERVED_VALUE,all_training_conditions,0.0,,,ZERO_MATCHES,realized_volatility_lt_0.0332983334177__and__elapsed_seconds_lt_-52,1,False,UNKNOWN,record,0
,,,ResearchRun,GROSS_REFERENCE_PROXY,BLOCK_DATA_FEE_SLIPPAGE_LIQUIDITY,pairwise,,0,0,0,,0.0,OBSERVED_VALUE,all_training_conditions,0.0,,,ZERO_MATCHES,realized_volatility_lt_0.0332983334177__and__elapsed_seconds_lt_300,1,False,UNKNOWN,record,0
1.0,-20.17555,27.656137499999993,ResearchRun,GROSS_REFERENCE_PROXY,BLOCK_DATA_FEE_SLIPPAGE_LIQUIDITY,pairwise,-0.925,232,756,756,0.004915343915343932,3.7160000000000126,OBSERVED_VALUE,all_training_conditions,4.641000000000001,0.9720775371442447,0.38206179382061795,FDR_NOT_SIGNIFICANT,realized_volatility_lt_0.0332983334177__and__level_eq_ATP,1,False,UNKNOWN,record,524
1.0,-20.250424999999982,15.464812499999999,ResearchRun,GROSS_REFERENCE_PROXY,BLOCK_DATA_FEE_SLIPPAGE_LIQUIDITY,pairwise,-0.895,126,416,416,-0.0060552884615384574,-2.5189999999999984,OBSERVED_VALUE,all_training_conditions,-1.6239999999999988,0.9720775371442447,0.6177382261773823,FDR_NOT_SIGNIFICANT,realized_volatility_lt_0.0332983334177__and__level_eq_WTA,1,False,UNKNOWN,record,290
1.0,-49.20171249999999,20.96319999999999,ResearchRun,GROSS_REFERENCE_PROXY,BLOCK_DATA_FEE_SLIPPAGE_LIQUIDITY,path_behavior,-0.925,504,1542,1542,-0.009284695201037585,-14.316999999999956,OBSERVED_VALUE,all_training_conditions,-13.392000000000007,0.9720775371442447,0.7953204679532047,FDR_NOT_SIGNIFICANT,realized_volatility_lt_0.0694710322181,1,False,UNKNOWN,record,1038
1.0,-49.15855,20.035787499999987,ResearchRun,GROSS_REFERENCE_PROXY,BLOCK_DATA_FEE_SLIPPAGE_LIQUIDITY,pairwise,-0.925,504,1542,1542,-0.009284695201037585,-14.316999999999956,OBSERVED_VALUE,all_training_conditions,-13.392000000000007,0.9720775371442447,0.7946205379462054,FDR_NOT_SIGNIFICANT,realized_volatility_lt_0.0694710322181__and__elapsed_seconds_ge_-23,1,False,UNKNOWN,record,1038
1.0,-47.91827499999999,20.4020125,ResearchRun,GROSS_REFERENCE_PROXY,BLOCK_DATA_FEE_SLIPPAGE_LIQUIDITY,pairwise,-0.925,504,1542,1542,-0.009284695201037585,-14.316999999999956,OBSERVED_VALUE,all_training_conditions,-13.392000000000007,0.9720775371442447,0.7886211378862114,FDR_NOT_SIGNIFICANT,realized_volatility_lt_0.0694710322181__and__elapsed_seconds_ge_-38,1,False,UNKNOWN,record,1038
1.0,-48.34388749999999,19.866399999999985,ResearchRun,GROSS_REFERENCE_PROXY,BLOCK_DATA_FEE_SLIPPAGE_LIQUIDITY,pairwise,-0.925,504,1542,1542,-0.009284695201037585,-14.316999999999956,OBSERVED_VALUE,all_training_conditions,-13.392000000000007,0.9720775371442447,0.7833216678332167,FDR_NOT_SIGNIFICANT,realized_volatility_lt_0.0694710322181__and__elapsed_seconds_ge_-4388,1,False,UNKNOWN,record,1038
1.0,-48.9013125,19.932124999999967,ResearchRun,GROSS_REFERENCE_PROXY,BLOCK_DATA_FEE_SLIPPAGE_LIQUIDITY,pairwise,-0.925,504,1542,1542,-0.009284695201037585,-14.316999999999956,OBSERVED_VALUE,all_training_conditions,-13.392000000000007,0.9720775371442447,0.7884211578842116,FDR_NOT_SIGNIFICANT,realized_volatility_lt_0.0694710322181__and__elapsed_seconds_ge_-52,1,False,UNKNOWN,record,1038
1.0,-49.4792625,20.363024999999997,ResearchRun,GROSS_REFERENCE_PROXY,BLOCK_DATA_FEE_SLIPPAGE_LIQUIDITY,pairwise,-0.925,504,1542,1542,-0.009284695201037585,-14.316999999999956,OBSERVED_VALUE,all_training_conditions,-13.392000000000007,0.9720775371442447,0.7929207079292071,FDR_NOT_SIGNIFICANT,realized_volatility_lt_0.0694710322181__and__elapsed_seconds_ge_300,1,False,UNKNOWN,record,1038
,,,ResearchRun,GROSS_REFERENCE_PROXY,BLOCK_DATA_FEE_SLIPPAGE_LIQUIDITY,pairwise,,0,0,0,,0.0,OBSERVED_VALUE,all_training_conditions,0.0,,,ZERO_MATCHES,realized_volatility_lt_0.0694710322181__and__elapsed_seconds_lt_-23,1,False,UNKNOWN,record,0
,,,ResearchRun,GROSS_REFERENCE_PROXY,BLOCK_DATA_FEE_SLIPPAGE_LIQUIDITY,pairwise,,0,0,0,,0.0,OBSERVED_VALUE,all_training_conditions,0.0,,,ZERO_MATCHES,realized_volatility_lt_0.0694710322181__and__elapsed_seconds_lt_-38,1,False,UNKNOWN,record,0
,,,ResearchRun,GROSS_REFERENCE_PROXY,BLOCK_DATA_FEE_SLIPPAGE_LIQUIDITY,pairwise,,0,0,0,,0.0,OBSERVED_VALUE,all_training_conditions,0.0,,,ZERO_MATCHES,realized_volatility_lt_0.0694710322181__and__elapsed_seconds_lt_-52,1,False,UNKNOWN,record,0
,,,ResearchRun,GROSS_REFERENCE_PROXY,BLOCK_DATA_FEE_SLIPPAGE_LIQUIDITY,pairwise,,0,0,0,,0.0,OBSERVED_VALUE,all_training_conditions,0.0,,,ZERO_MATCHES,realized_volatility_lt_0.0694710322181__and__elapsed_seconds_lt_300,1,False,UNKNOWN,record,0
1.0,-38.464375,16.877837499999988,ResearchRun,GROSS_REFERENCE_PROXY,BLOCK_DATA_FEE_SLIPPAGE_LIQUIDITY,pairwise,-0.925,312,945,945,-0.010965608465608487,-10.36250000000002,OBSERVED_VALUE,all_training_conditions,-9.437499999999993,0.9720775371442447,0.7787221277872213,FDR_NOT_SIGNIFICANT,realized_volatility_lt_0.0694710322181__and__level_eq_ATP,1,False,UNKNOWN,record,633
1.0,-25.898449999999997,17.150312499999995,ResearchRun,GROSS_REFERENCE_PROXY,BLOCK_DATA_FEE_SLIPPAGE_LIQUIDITY,pairwise,-0.905,192,597,597,-0.006623953098827471,-3.9545,OBSERVED_VALUE,all_training_conditions,-3.049499999999999,0.9720775371442447,0.6361363863613638,FDR_NOT_SIGNIFICANT,realized_volatility_lt_0.0694710322181__and__level_eq_WTA,1,False,UNKNOWN,record,405
1.0,-49.368075,24.000024999999994,ResearchRun,GROSS_REFERENCE_PROXY,BLOCK_DATA_FEE_SLIPPAGE_LIQUIDITY,path_behavior,-0.925,553,1678,1678,-0.007606376638855783,-12.763500000000004,OBSERVED_VALUE,all_training_conditions,-11.838499999999996,0.9720775371442447,0.7541245875412459,FDR_NOT_SIGNIFICANT,realized_volatility_lt_2.32041788338,1,False,UNKNOWN,record,1125
1.0,-50.43039999999998,23.9335,ResearchRun,GROSS_REFERENCE_PROXY,BLOCK_DATA_FEE_SLIPPAGE_LIQUIDITY,pairwise,-0.925,553,1678,1678,-0.007606376638855783,-12.763500000000004,OBSERVED_VALUE,all_training_conditions,-11.838499999999996,0.9720775371442447,0.7548245175482452,FDR_NOT_SIGNIFICANT,realized_volatility_lt_2.32041788338__and__elapsed_seconds_ge_-23,1,False,UNKNOWN,record,1125
1.0,-48.369274999999995,22.246037499999996,ResearchRun,GROSS_REFERENCE_PROXY,BLOCK_DATA_FEE_SLIPPAGE_LIQUIDITY,pairwise,-0.925,553,1678,1678,-0.007606376638855783,-12.763500000000004,OBSERVED_VALUE,all_training_conditions,-11.838499999999996,0.9720775371442447,0.7541245875412459,FDR_NOT_SIGNIFICANT,realized_volatility_lt_2.32041788338__and__elapsed_seconds_ge_-38,1,False,UNKNOWN,record,1125
1.0,-49.298625,23.542487499999975,ResearchRun,GROSS_REFERENCE_PROXY,BLOCK_DATA_FEE_SLIPPAGE_LIQUIDITY,pairwise,-0.925,553,1678,1678,-0.007606376638855783,-12.763500000000004,OBSERVED_VALUE,all_training_conditions,-11.838499999999996,0.9720775371442447,0.7579242075792421,FDR_NOT_SIGNIFICANT,realized_volatility_lt_2.32041788338__and__elapsed_seconds_ge_-4388,1,False,UNKNOWN,record,1125
1.0,-49.457349999999984,23.111412499999986,ResearchRun,GROSS_REFERENCE_PROXY,BLOCK_DATA_FEE_SLIPPAGE_LIQUIDITY,pairwise,-0.925,553,1678,1678,-0.007606376638855783,-12.763500000000004,OBSERVED_VALUE,all_training_conditions,-11.838499999999996,0.9720775371442447,0.7602239776022398,FDR_NOT_SIGNIFICANT,realized_volatility_lt_2.32041788338__and__elapsed_seconds_ge_-52,1,False,UNKNOWN,record,1125
1.0,-48.786249999999995,23.388949999999983,ResearchRun,GROSS_REFERENCE_PROXY,BLOCK_DATA_FEE_SLIPPAGE_LIQUIDITY,pairwise,-0.925,553,1678,1678,-0.007606376638855783,-12.763500000000004,OBSERVED_VALUE,all_training_conditions,-11.838499999999996,0.9720775371442447,0.7543245675432457,FDR_NOT_SIGNIFICANT,realized_volatility_lt_2.32041788338__and__elapsed_seconds_ge_300,1,False,UNKNOWN,record,1125
,,,ResearchRun,GROSS_REFERENCE_PROXY,BLOCK_DATA_FEE_SLIPPAGE_LIQUIDITY,pairwise,,0,0,0,,0.0,OBSERVED_VALUE,all_training_conditions,0.0,,,ZERO_MATCHES,realized_volatility_lt_2.32041788338__and__elapsed_seconds_lt_-23,1,False,UNKNOWN,record,0
,,,ResearchRun,GROSS_REFERENCE_PROXY,BLOCK_DATA_FEE_SLIPPAGE_LIQUIDITY,pairwise,,0,0,0,,0.0,OBSERVED_VALUE,all_training_conditions,0.0,,,ZERO_MATCHES,realized_volatility_lt_2.32041788338__and__elapsed_seconds_lt_-38,1,False,UNKNOWN,record,0
,,,ResearchRun,GROSS_REFERENCE_PROXY,BLOCK_DATA_FEE_SLIPPAGE_LIQUIDITY,pairwise,,0,0,0,,0.0,OBSERVED_VALUE,all_training_conditions,0.0,,,ZERO_MATCHES,realized_volatility_lt_2.32041788338__and__elapsed_seconds_lt_-52,1,False,UNKNOWN,record,0
,,,ResearchRun,GROSS_REFERENCE_PROXY,BLOCK_DATA_FEE_SLIPPAGE_LIQUIDITY,pairwise,,0,0,0,,0.0,OBSERVED_VALUE,all_training_conditions,0.0,,,ZERO_MATCHES,realized_volatility_lt_2.32041788338__and__elapsed_seconds_lt_300,1,False,UNKNOWN,record,0
1.0,-36.486574999999995,20.749337499999992,ResearchRun,GROSS_REFERENCE_PROXY,BLOCK_DATA_FEE_SLIPPAGE_LIQUIDITY,pairwise,-0.925,339,1026,1026,-0.007627680311890848,-7.826000000000009,OBSERVED_VALUE,all_training_conditions,-6.900999999999999,0.9720775371442447,0.7086291370862914,FDR_NOT_SIGNIFICANT,realized_volatility_lt_2.32041788338__and__level_eq_ATP,1,False,UNKNOWN,record,687
1.0,-27.3595125,17.343574999999987,ResearchRun,GROSS_REFERENCE_PROXY,BLOCK_DATA_FEE_SLIPPAGE_LIQUIDITY,pairwise,-0.905,214,652,652,-0.0075728527607361994,-4.937500000000002,OBSERVED_VALUE,all_training_conditions,-4.032500000000001,0.9720775371442447,0.6735326467353264,FDR_NOT_SIGNIFICANT,realized_volatility_lt_2.32041788338__and__level_eq_WTA,1,False,UNKNOWN,record,438
1.0,-51.89847499999999,20.41841249999997,ResearchRun,GROSS_REFERENCE_PROXY,BLOCK_DATA_FEE_SLIPPAGE_LIQUIDITY,path_behavior,-0.915,563,1686,1686,-0.00904982206405693,-15.257999999999985,OBSERVED_VALUE,all_training_conditions,-14.343,0.9720775371442447,0.7933206679332067,FDR_NOT_SIGNIFICANT,relative_change_ge_-0.00186219739292,1,False,UNKNOWN,record,1123
1.0,-23.5393625,47.49394999999995,ResearchRun,GROSS_REFERENCE_PROXY,BLOCK_DATA_FEE_SLIPPAGE_LIQUIDITY,pairwise,-0.925,712,1684,1684,0.007151128266033254,12.0425,OBSERVED_VALUE,all_training_conditions,12.967500000000008,0.9720775371442447,0.2608739126087391,FDR_NOT_SIGNIFICANT,relative_change_ge_-0.00186219739292__and__elapsed_seconds_ge_-23,1,False,UNKNOWN,record,972
1.0,-19.60782499999999,52.96884999999998,ResearchRun,GROSS_REFERENCE_PROXY,BLOCK_DATA_FEE_SLIPPAGE_LIQUIDITY,pairwise,-0.925,701,1684,1684,0.009483669833729228,15.970500000000019,OBSERVED_VALUE,all_training_conditions,16.895500000000006,0.9720775371442447,0.18788121187881213,FDR_NOT_SIGNIFICANT,relative_change_ge_-0.00186219739292__and__elapsed_seconds_ge_-38,1,False,UNKNOWN,record,983
1.0,-52.415150000000004,20.164549999999995,ResearchRun,GROSS_REFERENCE_PROXY,BLOCK_DATA_FEE_SLIPPAGE_LIQUIDITY,pairwise,-0.915,563,1686,1686,-0.00904982206405693,-15.257999999999985,OBSERVED_VALUE,all_training_conditions,-14.343,0.9720775371442447,0.7896210378962104,FDR_NOT_SIGNIFICANT,relative_change_ge_-0.00186219739292__and__elapsed_seconds_ge_-4388,1,False,UNKNOWN,record,1123
1.0,-23.639274999999948,50.12368749999999,ResearchRun,GROSS_REFERENCE_PROXY,BLOCK_DATA_FEE_SLIPPAGE_LIQUIDITY,pairwise,-0.925,673,1686,1686,0.008110320284697523,13.674000000000024,OBSERVED_VALUE,all_training_conditions,14.599000000000007,0.9720775371442447,0.23177682231776822,FDR_NOT_SIGNIFICANT,relative_change_ge_-0.00186219739292__and__elapsed_seconds_ge_-52,1,False,UNKNOWN,record,1013
1.0,-22.803112499999994,49.262312499999986,ResearchRun,GROSS_REFERENCE_PROXY,BLOCK_DATA_FEE_SLIPPAGE_LIQUIDITY,pairwise,-0.925,714,1684,1684,0.008083432304038,13.61249999999999,OBSERVED_VALUE,all_training_conditions,14.537500000000009,0.9720775371442447,0.23477652234776522,FDR_NOT_SIGNIFICANT,relative_change_ge_-0.00186219739292__and__elapsed_seconds_ge_300,1,False,UNKNOWN,record,970
1.0,-50.57707500000001,22.104212499999985,ResearchRun,GROSS_REFERENCE_PROXY,BLOCK_DATA_FEE_SLIPPAGE_LIQUIDITY,pairwise,-0.915,551,1652,1652,-0.008779055690072634,-14.50299999999999,OBSERVED_VALUE,all_training_conditions,-13.587999999999997,0.9720775371442447,0.779022097790221,FDR_NOT_SIGNIFICANT,relative_change_ge_-0.00186219739292__and__elapsed_seconds_lt_-23,1,False,UNKNOWN,record,1101
1.0,-49.30668749999999,21.665012499999982,ResearchRun,GROSS_REFERENCE_PROXY,BLOCK_DATA_FEE_SLIPPAGE_LIQUIDITY,pairwise,-0.915,528,1585,1585,-0.008734384858044156,-13.843999999999987,OBSERVED_VALUE,all_training_conditions,-12.928999999999998,0.9720775371442447,0.7821217878212179,FDR_NOT_SIGNIFICANT,relative_change_ge_-0.00186219739292__and__elapsed_seconds_lt_-38,1,False,UNKNOWN,record,1057
1.0,-42.72627499999999,22.0982,ResearchRun,GROSS_REFERENCE_PROXY,BLOCK_DATA_FEE_SLIPPAGE_LIQUIDITY,pairwise,-0.915,443,1330,1330,-0.007730451127819553,-10.281500000000005,OBSERVED_VALUE,all_training_conditions,-9.366499999999998,0.9720775371442447,0.7251274872512748,FDR_NOT_SIGNIFICANT,relative_change_ge_-0.00186219739292__and__elapsed_seconds_lt_-52,1,False,UNKNOWN,record,887
1.0,-52.8243125,21.01143749999999,ResearchRun,GROSS_REFERENCE_PROXY,BLOCK_DATA_FEE_SLIPPAGE_LIQUIDITY,pairwise,-0.915,563,1686,1686,-0.00904982206405693,-15.257999999999985,OBSERVED_VALUE,all_training_conditions,-14.343,0.9720775371442447,0.7964203579642036,FDR_NOT_SIGNIFICANT,relative_change_ge_-0.00186219739292__and__elapsed_seconds_lt_300,1,False,UNKNOWN,record,1123
1.0,-40.245999999999995,18.100324999999987,ResearchRun,GROSS_REFERENCE_PROXY,BLOCK_DATA_FEE_SLIPPAGE_LIQUIDITY,pairwise,-0.905,348,1031,1031,-0.010561105722599412,-10.888499999999993,OBSERVED_VALUE,all_training_conditions,-9.983499999999998,0.9720775371442447,0.7714228577142286,FDR_NOT_SIGNIFICANT,relative_change_ge_-0.00186219739292__and__level_eq_ATP,1,False,UNKNOWN,record,683
1.0,-26.4391,18.0953375,ResearchRun,GROSS_REFERENCE_PROXY,BLOCK_DATA_FEE_SLIPPAGE_LIQUIDITY,pairwise,-0.915,215,655,655,-0.00667099236641222,-4.369500000000004,OBSERVED_VALUE,all_training_conditions,-3.4545000000000003,0.9720775371442447,0.6471352864713529,FDR_NOT_SIGNIFICANT,relative_change_ge_-0.00186219739292__and__level_eq_WTA,1,False,UNKNOWN,record,440
1.0,-52.20575,21.49178749999999,ResearchRun,GROSS_REFERENCE_PROXY,BLOCK_DATA_FEE_SLIPPAGE_LIQUIDITY,path_behavior,-0.915,563,1686,1686,-0.00904982206405693,-15.257999999999985,OBSERVED_VALUE,all_training_conditions,-14.343,0.9720775371442447,0.7887211278872113,FDR_NOT_SIGNIFICANT,relative_change_ge_-0.0747663551402,1,False,UNKNOWN,record,1123
1.0,-37.95656249999999,34.86216249999999,ResearchRun,GROSS_REFERENCE_PROXY,BLOCK_DATA_FEE_SLIPPAGE_LIQUIDITY,pairwise,-0.925,569,1684,1684,-0.0006998218527315907,-1.1784999999999988,OBSERVED_VALUE,all_training_conditions,-0.2534999999999996,0.9720775371442447,0.5267473252674733,FDR_NOT_SIGNIFICANT,relative_change_ge_-0.0747663551402__and__elapsed_seconds_ge_-23,1,False,UNKNOWN,record,1115
1.0,-36.9055375,35.83183749999997,ResearchRun,GROSS_REFERENCE_PROXY,BLOCK_DATA_FEE_SLIPPAGE_LIQUIDITY,pairwise,-0.925,568,1684,1684,-0.0005097980997624683,-0.8584999999999966,OBSERVED_VALUE,all_training_conditions,0.06650000000000067,0.9720775371442447,0.5215478452154785,FDR_NOT_SIGNIFICANT,relative_change_ge_-0.0747663551402__and__elapsed_seconds_ge_-38,1,False,UNKNOWN,record,1116
1.0,-52.343199999999996,21.08896249999999,ResearchRun,GROSS_REFERENCE_PROXY,BLOCK_DATA_FEE_SLIPPAGE_LIQUIDITY,pairwise,-0.915,563,1686,1686,-0.00904982206405693,-15.257999999999985,OBSERVED_VALUE,all_training_conditions,-14.343,0.9720775371442447,0.7969203079692031,FDR_NOT_SIGNIFICANT,relative_change_ge_-0.0747663551402__and__elapsed_seconds_ge_-4388,1,False,UNKNOWN,record,1123
1.0,-44.14856249999998,28.677324999999996,ResearchRun,GROSS_REFERENCE_PROXY,BLOCK_DATA_FEE_SLIPPAGE_LIQUIDITY,pairwise,-0.925,571,1686,1686,-0.004421708185053393,-7.45500000000002,OBSERVED_VALUE,all_training_conditions,-6.5299999999999985,0.9720775371442447,0.6567343265673433,FDR_NOT_SIGNIFICANT,relative_change_ge_-0.0747663551402__and__elapsed_seconds_ge_-52,1,False,UNKNOWN,record,1115
1.0,-36.226724999999995,36.670637500000005,ResearchRun,GROSS_REFERENCE_PROXY,BLOCK_DATA_FEE_SLIPPAGE_LIQUIDITY,pairwise,-0.925,568,1684,1684,-9.412114014252623e-05,-0.15850000000001419,OBSERVED_VALUE,all_training_conditions,0.7665,0.9720775371442447,0.49625037496250374,FDR_NOT_SIGNIFICANT,relative_change_ge_-0.0747663551402__and__elapsed_seconds_ge_300,1,False,UNKNOWN,record,1116
1.0,-51.46189999999999,21.61611249999999,ResearchRun,GROSS_REFERENCE_PROXY,BLOCK_DATA_FEE_SLIPPAGE_LIQUIDITY,pairwise,-0.915,551,1652,1652,-0.008779055690072634,-14.50299999999999,OBSERVED_VALUE,all_training_conditions,-13.587999999999997,0.9720775371442447,0.7793220677932207,FDR_NOT_SIGNIFICANT,relative_change_ge_-0.0747663551402__and__elapsed_seconds_lt_-23,1,False,UNKNOWN,record,1101
1.0,-49.125662499999976,20.458049999999965,ResearchRun,GROSS_REFERENCE_PROXY,BLOCK_DATA_FEE_SLIPPAGE_LIQUIDITY,pairwise,-0.915,528,1585,1585,-0.008734384858044156,-13.843999999999987,OBSERVED_VALUE,all_training_conditions,-12.928999999999998,0.9720775371442447,0.7778222177782221,FDR_NOT_SIGNIFICANT,relative_change_ge_-0.0747663551402__and__elapsed_seconds_lt_-38,1,False,UNKNOWN,record,1057
1.0,-43.3067875,22.232587499999998,ResearchRun,GROSS_REFERENCE_PROXY,BLOCK_DATA_FEE_SLIPPAGE_LIQUIDITY,pairwise,-0.915,443,1330,1330,-0.007730451127819553,-10.281500000000005,OBSERVED_VALUE,all_training_conditions,-9.366499999999998,0.9720775371442447,0.7377262273772622,FDR_NOT_SIGNIFICANT,relative_change_ge_-0.0747663551402__and__elapsed_seconds_lt_-52,1,False,UNKNOWN,record,887
1.0,-51.12184999999998,21.051687499999982,ResearchRun,GROSS_REFERENCE_PROXY,BLOCK_DATA_FEE_SLIPPAGE_LIQUIDITY,pairwise,-0.915,563,1686,1686,-0.00904982206405693,-15.257999999999985,OBSERVED_VALUE,all_training_conditions,-14.343,0.9720775371442447,0.7931206879312068,FDR_NOT_SIGNIFICANT,relative_change_ge_-0.0747663551402__and__elapsed_seconds_lt_300,1,False,UNKNOWN,record,1123
1.0,-38.902775,17.85823749999999,ResearchRun,GROSS_REFERENCE_PROXY,BLOCK_DATA_FEE_SLIPPAGE_LIQUIDITY,pairwise,-0.905,348,1031,1031,-0.010561105722599412,-10.888499999999993,OBSERVED_VALUE,all_training_conditions,-9.983499999999998,0.9720775371442447,0.7676232376762324,FDR_NOT_SIGNIFICANT,relative_change_ge_-0.0747663551402__and__level_eq_ATP,1,False,UNKNOWN,record,683
1.0,-27.397575,18.003549999999997,ResearchRun,GROSS_REFERENCE_PROXY,BLOCK_DATA_FEE_SLIPPAGE_LIQUIDITY,pairwise,-0.915,215,655,655,-0.00667099236641222,-4.369500000000004,OBSERVED_VALUE,all_training_conditions,-3.4545000000000003,0.9720775371442447,0.648035196480352,FDR_NOT_SIGNIFICANT,relative_change_ge_-0.0747663551402__and__level_eq_WTA,1,False,UNKNOWN,record,440
1.0,-52.45825,21.71532499999998,ResearchRun,GROSS_REFERENCE_PROXY,BLOCK_DATA_FEE_SLIPPAGE_LIQUIDITY,path_behavior,-0.915,563,1686,1686,-0.00904982206405693,-15.257999999999985,OBSERVED_VALUE,all_training_conditions,-14.343,0.9720775371442447,0.7895210478952105,FDR_NOT_SIGNIFICANT,relative_change_ge_-0.708333333333,1,False,UNKNOWN,record,1123
1.0,-47.471624999999996,25.595849999999988,ResearchRun,GROSS_REFERENCE_PROXY,BLOCK_DATA_FEE_SLIPPAGE_LIQUIDITY,pairwise,-0.925,554,1684,1684,-0.006807304038004746,-11.463499999999993,OBSERVED_VALUE,all_training_conditions,-10.538499999999996,0.9720775371442447,0.7286271372862714,FDR_NOT_SIGNIFICANT,relative_change_ge_-0.708333333333__and__elapsed_seconds_ge_-23,1,False,UNKNOWN,record,1130
1.0,-48.034162499999994,26.17726249999999,ResearchRun,GROSS_REFERENCE_PROXY,BLOCK_DATA_FEE_SLIPPAGE_LIQUIDITY,pairwise,-0.925,554,1684,1684,-0.006801365795724462,-11.453499999999995,OBSERVED_VALUE,all_training_conditions,-10.528499999999998,0.9720775371442447,0.7278272172782722,FDR_NOT_SIGNIFICANT,relative_change_ge_-0.708333333333__and__elapsed_seconds_ge_-38,1,False,UNKNOWN,record,1130
1.0,-52.249624999999995,22.165062499999998,ResearchRun,GROSS_REFERENCE_PROXY,BLOCK_DATA_FEE_SLIPPAGE_LIQUIDITY,pairwise,-0.915,563,1686,1686,-0.00904982206405693,-15.257999999999985,OBSERVED_VALUE,all_training_conditions,-14.343,0.9720775371442447,0.7941205879412059,FDR_NOT_SIGNIFICANT,relative_change_ge_-0.708333333333__and__elapsed_seconds_ge_-4388,1,False,UNKNOWN,record,1123
1.0,-44.574274999999986,27.988437499999975,ResearchRun,GROSS_REFERENCE_PROXY,BLOCK_DATA_FEE_SLIPPAGE_LIQUIDITY,pairwise,-0.925,551,1686,1686,-0.004629300118623972,-7.8050000000000175,OBSERVED_VALUE,all_training_conditions,-6.88,0.9720775371442447,0.6565343465653435,FDR_NOT_SIGNIFICANT,relative_change_ge_-0.708333333333__and__elapsed_seconds_ge_-52,1,False,UNKNOWN,record,1135
1.0,-48.69671249999998,24.370762499999998,ResearchRun,GROSS_REFERENCE_PROXY,BLOCK_DATA_FEE_SLIPPAGE_LIQUIDITY,pairwise,-0.925,554,1684,1684,-0.007044833729216149,-11.863499999999995,OBSERVED_VALUE,all_training_conditions,-10.938499999999998,0.9720775371442447,0.7390260973902609,FDR_NOT_SIGNIFICANT,relative_change_ge_-0.708333333333__and__elapsed_seconds_ge_300,1,False,UNKNOWN,record,1130
1.0,-51.24362499999999,21.52592499999998,ResearchRun,GROSS_REFERENCE_PROXY,BLOCK_DATA_FEE_SLIPPAGE_LIQUIDITY,pairwise,-0.915,551,1652,1652,-0.008779055690072634,-14.50299999999999,OBSERVED_VALUE,all_training_conditions,-13.587999999999997,0.9720775371442447,0.7778222177782221,FDR_NOT_SIGNIFICANT,relative_change_ge_-0.708333333333__and__elapsed_seconds_lt_-23,1,False,UNKNOWN,record,1101
1.0,-49.32647499999999,21.094612499999997,ResearchRun,GROSS_REFERENCE_PROXY,BLOCK_DATA_FEE_SLIPPAGE_LIQUIDITY,pairwise,-0.915,528,1585,1585,-0.008734384858044156,-13.843999999999987,OBSERVED_VALUE,all_training_conditions,-12.928999999999998,0.9720775371442447,0.773922607739226,FDR_NOT_SIGNIFICANT,relative_change_ge_-0.708333333333__and__elapsed_seconds_lt_-38,1,False,UNKNOWN,record,1057
1.0,-42.98301249999999,22.784674999999986,ResearchRun,GROSS_REFERENCE_PROXY,BLOCK_DATA_FEE_SLIPPAGE_LIQUIDITY,pairwise,-0.915,443,1330,1330,-0.007730451127819553,-10.281500000000005,OBSERVED_VALUE,all_training_conditions,-9.366499999999998,0.9720775371442447,0.7319268073192681,FDR_NOT_SIGNIFICANT,relative_change_ge_-0.708333333333__and__elapsed_seconds_lt_-52,1,False,UNKNOWN,record,887
1.0,-52.15276249999997,20.192912499999974,ResearchRun,GROSS_REFERENCE_PROXY,BLOCK_DATA_FEE_SLIPPAGE_LIQUIDITY,pairwise,-0.915,563,1686,1686,-0.00904982206405693,-15.257999999999985,OBSERVED_VALUE,all_training_conditions,-14.343,0.9720775371442447,0.781921807819218,FDR_NOT_SIGNIFICANT,relative_change_ge_-0.708333333333__and__elapsed_seconds_lt_300,1,False,UNKNOWN,record,1123
1.0,-40.16589999999999,17.144399999999987,ResearchRun,GROSS_REFERENCE_PROXY,BLOCK_DATA_FEE_SLIPPAGE_LIQUIDITY,pairwise,-0.905,348,1031,1031,-0.010561105722599412,-10.888499999999993,OBSERVED_VALUE,all_training_conditions,-9.983499999999998,0.9720775371442447,0.7707229277072293,FDR_NOT_SIGNIFICANT,relative_change_ge_-0.708333333333__and__level_eq_ATP,1,False,UNKNOWN,record,683
1.0,-27.4655,17.955124999999995,ResearchRun,GROSS_REFERENCE_PROXY,BLOCK_DATA_FEE_SLIPPAGE_LIQUIDITY,pairwise,-0.915,215,655,655,-0.00667099236641222,-4.369500000000004,OBSERVED_VALUE,all_training_conditions,-3.4545000000000003,0.9720775371442447,0.6453354664533547,FDR_NOT_SIGNIFICANT,relative_change_ge_-0.708333333333__and__level_eq_WTA,1,False,UNKNOWN,record,440
1.0,-19.880312499999974,22.02908749999997,ResearchRun,GROSS_REFERENCE_PROXY,BLOCK_DATA_FEE_SLIPPAGE_LIQUIDITY,path_behavior,0.895,265,533,533,0.00208067542213884,1.1090000000000018,OBSERVED_VALUE,all_training_conditions,0.21400000000000086,0.9720775371442447,0.4597540245975402,FDR_NOT_SIGNIFICANT,relative_change_ge_0.0633802816901,1,False,UNKNOWN,record,268
1.0,-19.670587499999996,21.732049999999997,ResearchRun,GROSS_REFERENCE_PROXY,BLOCK_DATA_FEE_SLIPPAGE_LIQUIDITY,pairwise,0.895,265,533,533,0.00208067542213884,1.1090000000000018,OBSERVED_VALUE,all_training_conditions,0.21400000000000086,0.9720775371442447,0.45265473452654736,FDR_NOT_SIGNIFICANT,relative_change_ge_0.0633802816901__and__elapsed_seconds_ge_-23,1,False,UNKNOWN,record,268
1.0,-19.868262499999986,21.979874999999996,ResearchRun,GROSS_REFERENCE_PROXY,BLOCK_DATA_FEE_SLIPPAGE_LIQUIDITY,pairwise,0.895,265,533,533,0.00208067542213884,1.1090000000000018,OBSERVED_VALUE,all_training_conditions,0.21400000000000086,0.9720775371442447,0.46315368463153683,FDR_NOT_SIGNIFICANT,relative_change_ge_0.0633802816901__and__elapsed_seconds_ge_-38,1,False,UNKNOWN,record,268
1.0,-19.474925,21.674537499999996,ResearchRun,GROSS_REFERENCE_PROXY,BLOCK_DATA_FEE_SLIPPAGE_LIQUIDITY,pairwise,0.895,265,533,533,0.00208067542213884,1.1090000000000018,OBSERVED_VALUE,all_training_conditions,0.21400000000000086,0.9720775371442447,0.45965403459654036,FDR_NOT_SIGNIFICANT,relative_change_ge_0.0633802816901__and__elapsed_seconds_ge_-4388,1,False,UNKNOWN,record,268
1.0,-20.000262499999998,21.7481125,ResearchRun,GROSS_REFERENCE_PROXY,BLOCK_DATA_FEE_SLIPPAGE_LIQUIDITY,pairwise,0.895,265,533,533,0.00208067542213884,1.1090000000000018,OBSERVED_VALUE,all_training_conditions,0.21400000000000086,0.9720775371442447,0.45525447455254475,FDR_NOT_SIGNIFICANT,relative_change_ge_0.0633802816901__and__elapsed_seconds_ge_-52,1,False,UNKNOWN,record,268
1.0,-19.069462499999997,21.638912499999986,ResearchRun,GROSS_REFERENCE_PROXY,BLOCK_DATA_FEE_SLIPPAGE_LIQUIDITY,pairwise,0.895,265,533,533,0.00208067542213884,1.1090000000000018,OBSERVED_VALUE,all_training_conditions,0.21400000000000086,0.9720775371442447,0.45125487451254875,FDR_NOT_SIGNIFICANT,relative_change_ge_0.0633802816901__and__elapsed_seconds_ge_300,1,False,UNKNOWN,record,268
,,,ResearchRun,GROSS_REFERENCE_PROXY,BLOCK_DATA_FEE_SLIPPAGE_LIQUIDITY,pairwise,,0,0,0,,0.0,OBSERVED_VALUE,all_training_conditions,0.0,,,ZERO_MATCHES,relative_change_ge_0.0633802816901__and__elapsed_seconds_lt_-23,1,False,UNKNOWN,record,0
,,,ResearchRun,GROSS_REFERENCE_PROXY,BLOCK_DATA_FEE_SLIPPAGE_LIQUIDITY,pairwise,,0,0,0,,0.0,OBSERVED_VALUE,all_training_conditions,0.0,,,ZERO_MATCHES,relative_change_ge_0.0633802816901__and__elapsed_seconds_lt_-38,1,False,UNKNOWN,record,0
,,,ResearchRun,GROSS_REFERENCE_PROXY,BLOCK_DATA_FEE_SLIPPAGE_LIQUIDITY,pairwise,,0,0,0,,0.0,OBSERVED_VALUE,all_training_conditions,0.0,,,ZERO_MATCHES,relative_change_ge_0.0633802816901__and__elapsed_seconds_lt_-52,1,False,UNKNOWN,record,0
,,,ResearchRun,GROSS_REFERENCE_PROXY,BLOCK_DATA_FEE_SLIPPAGE_LIQUIDITY,pairwise,,0,0,0,,0.0,OBSERVED_VALUE,all_training_conditions,0.0,,,ZERO_MATCHES,relative_change_ge_0.0633802816901__and__elapsed_seconds_lt_300,1,False,UNKNOWN,record,0
1.0,-12.370987499999991,18.89283749999999,ResearchRun,GROSS_REFERENCE_PROXY,BLOCK_DATA_FEE_SLIPPAGE_LIQUIDITY,pairwise,0.895,138,290,290,0.011917241379310337,3.4559999999999977,OBSERVED_VALUE,all_training_conditions,2.5610000000000013,0.9720775371442447,0.3290670932906709,FDR_NOT_SIGNIFICANT,relative_change_ge_0.0633802816901__and__level_eq_ATP,1,False,UNKNOWN,record,152
1.0,-16.139525,11.352962499999993,ResearchRun,GROSS_REFERENCE_PROXY,BLOCK_DATA_FEE_SLIPPAGE_LIQUIDITY,pairwise,0.855,127,243,243,-0.009658436213991779,-2.347000000000002,OBSERVED_VALUE,all_training_conditions,-3.2019999999999995,0.9720775371442447,0.6333366663333667,FDR_NOT_SIGNIFICANT,relative_change_ge_0.0633802816901__and__level_eq_WTA,1,False,UNKNOWN,record,116
1.0,-0.038,-0.038,ResearchRun,GROSS_REFERENCE_PROXY,BLOCK_DATA_FEE_SLIPPAGE_LIQUIDITY,path_behavior,-0.038,1,1,1,-0.038,-0.038,OBSERVED_VALUE,all_training_conditions,0.0,1.0,1.0,FDR_NOT_SIGNIFICANT,relative_change_ge_1.81481481481,1,False,UNKNOWN,record,0
1.0,-0.038,-0.038,ResearchRun,GROSS_REFERENCE_PROXY,BLOCK_DATA_FEE_SLIPPAGE_LIQUIDITY,pairwise,-0.038,1,1,1,-0.038,-0.038,OBSERVED_VALUE,all_training_conditions,0.0,1.0,1.0,FDR_NOT_SIGNIFICANT,relative_change_ge_1.81481481481__and__elapsed_seconds_ge_-23,1,False,UNKNOWN,record,0
1.0,-0.038,-0.038,ResearchRun,GROSS_REFERENCE_PROXY,BLOCK_DATA_FEE_SLIPPAGE_LIQUIDITY,pairwise,-0.038,1,1,1,-0.038,-0.038,OBSERVED_VALUE,all_training_conditions,0.0,1.0,1.0,FDR_NOT_SIGNIFICANT,relative_change_ge_1.81481481481__and__elapsed_seconds_ge_-38,1,False,UNKNOWN,record,0
1.0,-0.038,-0.038,ResearchRun,GROSS_REFERENCE_PROXY,BLOCK_DATA_FEE_SLIPPAGE_LIQUIDITY,pairwise,-0.038,1,1,1,-0.038,-0.038,OBSERVED_VALUE,all_training_conditions,0.0,1.0,1.0,FDR_NOT_SIGNIFICANT,relative_change_ge_1.81481481481__and__elapsed_seconds_ge_-4388,1,False,UNKNOWN,record,0
1.0,-0.038,-0.038,ResearchRun,GROSS_REFERENCE_PROXY,BLOCK_DATA_FEE_SLIPPAGE_LIQUIDITY,pairwise,-0.038,1,1,1,-0.038,-0.038,OBSERVED_VALUE,all_training_conditions,0.0,1.0,1.0,FDR_NOT_SIGNIFICANT,relative_change_ge_1.81481481481__and__elapsed_seconds_ge_-52,1,False,UNKNOWN,record,0
1.0,-0.038,-0.038,ResearchRun,GROSS_REFERENCE_PROXY,BLOCK_DATA_FEE_SLIPPAGE_LIQUIDITY,pairwise,-0.038,1,1,1,-0.038,-0.038,OBSERVED_VALUE,all_training_conditions,0.0,1.0,1.0,FDR_NOT_SIGNIFICANT,relative_change_ge_1.81481481481__and__elapsed_seconds_ge_300,1,False,UNKNOWN,record,0
,,,ResearchRun,GROSS_REFERENCE_PROXY,BLOCK_DATA_FEE_SLIPPAGE_LIQUIDITY,pairwise,,0,0,0,,0.0,OBSERVED_VALUE,all_training_conditions,0.0,,,ZERO_MATCHES,relative_change_ge_1.81481481481__and__elapsed_seconds_lt_-23,1,False,UNKNOWN,record,0
,,,ResearchRun,GROSS_REFERENCE_PROXY,BLOCK_DATA_FEE_SLIPPAGE_LIQUIDITY,pairwise,,0,0,0,,0.0,OBSERVED_VALUE,all_training_conditions,0.0,,,ZERO_MATCHES,relative_change_ge_1.81481481481__and__elapsed_seconds_lt_-38,1,False,UNKNOWN,record,0
,,,ResearchRun,GROSS_REFERENCE_PROXY,BLOCK_DATA_FEE_SLIPPAGE_LIQUIDITY,pairwise,,0,0,0,,0.0,OBSERVED_VALUE,all_training_conditions,0.0,,,ZERO_MATCHES,relative_change_ge_1.81481481481__and__elapsed_seconds_lt_-52,1,False,UNKNOWN,record,0
,,,ResearchRun,GROSS_REFERENCE_PROXY,BLOCK_DATA_FEE_SLIPPAGE_LIQUIDITY,pairwise,,0,0,0,,0.0,OBSERVED_VALUE,all_training_conditions,0.0,,,ZERO_MATCHES,relative_change_ge_1.81481481481__and__elapsed_seconds_lt_300,1,False,UNKNOWN,record,0
,,,ResearchRun,GROSS_REFERENCE_PROXY,BLOCK_DATA_FEE_SLIPPAGE_LIQUIDITY,pairwise,,0,0,0,,0.0,OBSERVED_VALUE,all_training_conditions,0.0,,,ZERO_MATCHES,relative_change_ge_1.81481481481__and__level_eq_ATP,1,False,UNKNOWN,record,0
1.0,-0.038,-0.038,ResearchRun,GROSS_REFERENCE_PROXY,BLOCK_DATA_FEE_SLIPPAGE_LIQUIDITY,pairwise,-0.038,1,1,1,-0.038,-0.038,OBSERVED_VALUE,all_training_conditions,0.0,1.0,1.0,FDR_NOT_SIGNIFICANT,relative_change_ge_1.81481481481__and__level_eq_WTA,1,False,UNKNOWN,record,0
1.0,-45.0521375,21.305262499999987,ResearchRun,GROSS_REFERENCE_PROXY,BLOCK_DATA_FEE_SLIPPAGE_LIQUIDITY,path_behavior,0.925,772,1394,1394,-0.008766140602582502,-12.220000000000008,OBSERVED_VALUE,all_training_conditions,-13.145000000000005,0.9720775371442447,0.7662233776622338,FDR_NOT_SIGNIFICANT,relative_change_lt_-0.00186219739292,1,False,UNKNOWN,record,622
1.0,-45.19986249999998,21.184049999999996,ResearchRun,GROSS_REFERENCE_PROXY,BLOCK_DATA_FEE_SLIPPAGE_LIQUIDITY,pairwise,0.925,772,1394,1394,-0.008766140602582502,-12.220000000000008,OBSERVED_VALUE,all_training_conditions,-13.145000000000005,0.9720775371442447,0.7647235276472353,FDR_NOT_SIGNIFICANT,relative_change_lt_-0.00186219739292__and__elapsed_seconds_ge_-23,1,False,UNKNOWN,record,622
1.0,-44.831175,20.55769999999999,ResearchRun,GROSS_REFERENCE_PROXY,BLOCK_DATA_FEE_SLIPPAGE_LIQUIDITY,pairwise,0.925,772,1394,1394,-0.008766140602582502,-12.220000000000008,OBSERVED_VALUE,all_training_conditions,-13.145000000000005,0.9720775371442447,0.771922807719228,FDR_NOT_SIGNIFICANT,relative_change_lt_-0.00186219739292__and__elapsed_seconds_ge_-38,1,False,UNKNOWN,record,622
1.0,-45.059324999999994,21.79327499999999,ResearchRun,GROSS_REFERENCE_PROXY,BLOCK_DATA_FEE_SLIPPAGE_LIQUIDITY,pairwise,0.925,772,1394,1394,-0.008766140602582502,-12.220000000000008,OBSERVED_VALUE,all_training_conditions,-13.145000000000005,0.9720775371442447,0.7612238776122388,FDR_NOT_SIGNIFICANT,relative_change_lt_-0.00186219739292__and__elapsed_seconds_ge_-4388,1,False,UNKNOWN,record,622
1.0,-45.254475,20.577562499999996,ResearchRun,GROSS_REFERENCE_PROXY,BLOCK_DATA_FEE_SLIPPAGE_LIQUIDITY,pairwise,0.925,772,1394,1394,-0.008766140602582502,-12.220000000000008,OBSERVED_VALUE,all_training_conditions,-13.145000000000005,0.9720775371442447,0.7609239076092391,FDR_NOT_SIGNIFICANT,relative_change_lt_-0.00186219739292__and__elapsed_seconds_ge_-52,1,False,UNKNOWN,record,622
1.0,-44.4840625,20.974762499999997,ResearchRun,GROSS_REFERENCE_PROXY,BLOCK_DATA_FEE_SLIPPAGE_LIQUIDITY,pairwise,0.925,772,1394,1394,-0.008766140602582502,-12.220000000000008,OBSERVED_VALUE,all_training_conditions,-13.145000000000005,0.9720775371442447,0.7611238876112388,FDR_NOT_SIGNIFICANT,relative_change_lt_-0.00186219739292__and__elapsed_seconds_ge_300,1,False,UNKNOWN,record,622
,,,ResearchRun,GROSS_REFERENCE_PROXY,BLOCK_DATA_FEE_SLIPPAGE_LIQUIDITY,pairwise,,0,0,0,,0.0,OBSERVED_VALUE,all_training_conditions,0.0,,,ZERO_MATCHES,relative_change_lt_-0.00186219739292__and__elapsed_seconds_lt_-23,1,False,UNKNOWN,record,0
,,,ResearchRun,GROSS_REFERENCE_PROXY,BLOCK_DATA_FEE_SLIPPAGE_LIQUIDITY,pairwise,,0,0,0,,0.0,OBSERVED_VALUE,all_training_conditions,0.0,,,ZERO_MATCHES,relative_change_lt_-0.00186219739292__and__elapsed_seconds_lt_-38,1,False,UNKNOWN,record,0
,,,ResearchRun,GROSS_REFERENCE_PROXY,BLOCK_DATA_FEE_SLIPPAGE_LIQUIDITY,pairwise,,0,0,0,,0.0,OBSERVED_VALUE,all_training_conditions,0.0,,,ZERO_MATCHES,relative_change_lt_-0.00186219739292__and__elapsed_seconds_lt_-52,1,False,UNKNOWN,record,0
,,,ResearchRun,GROSS_REFERENCE_PROXY,BLOCK_DATA_FEE_SLIPPAGE_LIQUIDITY,pairwise,,0,0,0,,0.0,OBSERVED_VALUE,all_training_conditions,0.0,,,ZERO_MATCHES,relative_change_lt_-0.00186219739292__and__elapsed_seconds_lt_300,1,False,UNKNOWN,record,0
1.0,-41.962999999999994,10.268824999999987,ResearchRun,GROSS_REFERENCE_PROXY,BLOCK_DATA_FEE_SLIPPAGE_LIQUIDITY,pairwise,0.925,477,841,841,-0.018346611177170055,-15.429500000000017,OBSERVED_VALUE,all_training_conditions,-16.354499999999998,0.9799762880854771,0.8757124287571243,FDR_NOT_SIGNIFICANT,relative_change_lt_-0.00186219739292__and__level_eq_ATP,1,False,UNKNOWN,record,364
1.0,-16.99984999999999,23.794762499999994,ResearchRun,GROSS_REFERENCE_PROXY,BLOCK_DATA_FEE_SLIPPAGE_LIQUIDITY,pairwise,0.905,295,553,553,0.005803797468354442,3.2095000000000065,OBSERVED_VALUE,all_training_conditions,2.304499999999999,0.9720775371442447,0.37666233376662334,FDR_NOT_SIGNIFICANT,relative_change_lt_-0.00186219739292__and__level_eq_WTA,1,False,UNKNOWN,record,258
1.0,-20.520462499999997,19.27766249999999,ResearchRun,GROSS_REFERENCE_PROXY,BLOCK_DATA_FEE_SLIPPAGE_LIQUIDITY,path_behavior,0.925,348,532,532,-0.001390977443609018,-0.7399999999999977,OBSERVED_VALUE,all_training_conditions,-1.665000000000002,0.9720775371442447,0.5264473552644735,FDR_NOT_SIGNIFICANT,relative_change_lt_-0.0747663551402,1,False,UNKNOWN,record,184
1.0,-20.7491125,19.81091249999999,ResearchRun,GROSS_REFERENCE_PROXY,BLOCK_DATA_FEE_SLIPPAGE_LIQUIDITY,pairwise,0.925,348,532,532,-0.001390977443609018,-0.7399999999999977,OBSERVED_VALUE,all_training_conditions,-1.665000000000002,0.9720775371442447,0.5337466253374663,FDR_NOT_SIGNIFICANT,relative_change_lt_-0.0747663551402__and__elapsed_seconds_ge_-23,1,False,UNKNOWN,record,184
1.0,-20.527162499999996,19.1460375,ResearchRun,GROSS_REFERENCE_PROXY,BLOCK_DATA_FEE_SLIPPAGE_LIQUIDITY,pairwise,0.925,348,532,532,-0.001390977443609018,-0.7399999999999977,OBSERVED_VALUE,all_training_conditions,-1.665000000000002,0.9720775371442447,0.5294470552944706,FDR_NOT_SIGNIFICANT,relative_change_lt_-0.0747663551402__and__elapsed_seconds_ge_-38,1,False,UNKNOWN,record,184
1.0,-20.936299999999996,19.175624999999997,ResearchRun,GROSS_REFERENCE_PROXY,BLOCK_DATA_FEE_SLIPPAGE_LIQUIDITY,pairwise,0.925,348,532,532,-0.001390977443609018,-0.7399999999999977,OBSERVED_VALUE,all_training_conditions,-1.665000000000002,0.9720775371442447,0.5334466553344666,FDR_NOT_SIGNIFICANT,relative_change_lt_-0.0747663551402__and__elapsed_seconds_ge_-4388,1,False,UNKNOWN,record,184
1.0,-20.443812499999996,19.070424999999993,ResearchRun,GROSS_REFERENCE_PROXY,BLOCK_DATA_FEE_SLIPPAGE_LIQUIDITY,pairwise,0.925,348,532,532,-0.001390977443609018,-0.7399999999999977,OBSERVED_VALUE,all_training_conditions,-1.665000000000002,0.9720775371442447,0.5357464253574643,FDR_NOT_SIGNIFICANT,relative_change_lt_-0.0747663551402__and__elapsed_seconds_ge_-52,1,False,UNKNOWN,record,184
1.0,-21.1529125,19.38283749999999,ResearchRun,GROSS_REFERENCE_PROXY,BLOCK_DATA_FEE_SLIPPAGE_LIQUIDITY,pairwise,0.925,348,532,532,-0.001390977443609018,-0.7399999999999977,OBSERVED_VALUE,all_training_conditions,-1.665000000000002,0.9720775371442447,0.5306469353064693,FDR_NOT_SIGNIFICANT,relative_change_lt_-0.0747663551402__and__elapsed_seconds_ge_300,1,False,UNKNOWN,record,184
,,,ResearchRun,GROSS_REFERENCE_PROXY,BLOCK_DATA_FEE_SLIPPAGE_LIQUIDITY,pairwise,,0,0,0,,0.0,OBSERVED_VALUE,all_training_conditions,0.0,,,ZERO_MATCHES,relative_change_lt_-0.0747663551402__and__elapsed_seconds_lt_-23,1,False,UNKNOWN,record,0
,,,ResearchRun,GROSS_REFERENCE_PROXY,BLOCK_DATA_FEE_SLIPPAGE_LIQUIDITY,pairwise,,0,0,0,,0.0,OBSERVED_VALUE,all_training_conditions,0.0,,,ZERO_MATCHES,relative_change_lt_-0.0747663551402__and__elapsed_seconds_lt_-38,1,False,UNKNOWN,record,0
,,,ResearchRun,GROSS_REFERENCE_PROXY,BLOCK_DATA_FEE_SLIPPAGE_LIQUIDITY,pairwise,,0,0,0,,0.0,OBSERVED_VALUE,all_training_conditions,0.0,,,ZERO_MATCHES,relative_change_lt_-0.0747663551402__and__elapsed_seconds_lt_-52,1,False,UNKNOWN,record,0
,,,ResearchRun,GROSS_REFERENCE_PROXY,BLOCK_DATA_FEE_SLIPPAGE_LIQUIDITY,pairwise,,0,0,0,,0.0,OBSERVED_VALUE,all_training_conditions,0.0,,,ZERO_MATCHES,relative_change_lt_-0.0747663551402__and__elapsed_seconds_lt_300,1,False,UNKNOWN,record,0
1.0,-17.034212499999995,12.791187499999989,ResearchRun,GROSS_REFERENCE_PROXY,BLOCK_DATA_FEE_SLIPPAGE_LIQUIDITY,pairwise,0.925,198,293,293,-0.007619453924914679,-2.232500000000001,OBSERVED_VALUE,all_training_conditions,-3.1575000000000006,0.9720775371442447,0.6071392860713929,FDR_NOT_SIGNIFICANT,relative_change_lt_-0.0747663551402__and__level_eq_ATP,1,False,UNKNOWN,record,95
1.0,-12.1915375,14.772724999999998,ResearchRun,GROSS_REFERENCE_PROXY,BLOCK_DATA_FEE_SLIPPAGE_LIQUIDITY,pairwise,0.905,150,239,239,0.006244769874476986,1.4924999999999997,OBSERVED_VALUE,all_training_conditions,0.5874999999999995,0.9720775371442447,0.41085891410858916,FDR_NOT_SIGNIFICANT,relative_change_lt_-0.0747663551402__and__level_eq_WTA,1,False,UNKNOWN,record,89
,,,ResearchRun,GROSS_REFERENCE_PROXY,BLOCK_DATA_FEE_SLIPPAGE_LIQUIDITY,path_behavior,,0,0,0,,0.0,OBSERVED_VALUE,all_training_conditions,0.0,,,ZERO_MATCHES,relative_change_lt_-0.708333333333,1,False,UNKNOWN,record,0
1.0,-52.65214999999999,21.889862499999992,ResearchRun,GROSS_REFERENCE_PROXY,BLOCK_DATA_FEE_SLIPPAGE_LIQUIDITY,path_behavior,-0.915,563,1686,1686,-0.00904982206405693,-15.257999999999985,OBSERVED_VALUE,all_training_conditions,-14.343,0.9720775371442447,0.7902209779022098,FDR_NOT_SIGNIFICANT,relative_change_lt_0.0633802816901,1,False,UNKNOWN,record,1123
1.0,-33.517025,39.35071249999998,ResearchRun,GROSS_REFERENCE_PROXY,BLOCK_DATA_FEE_SLIPPAGE_LIQUIDITY,pairwise,-0.925,630,1684,1684,0.001961104513064136,3.302500000000005,OBSERVED_VALUE,all_training_conditions,4.2274999999999965,0.9720775371442447,0.4326567343265673,FDR_NOT_SIGNIFICANT,relative_change_lt_0.0633802816901__and__elapsed_seconds_ge_-23,1,False,UNKNOWN,record,1054
1.0,-30.181087499999997,42.23234999999998,ResearchRun,GROSS_REFERENCE_PROXY,BLOCK_DATA_FEE_SLIPPAGE_LIQUIDITY,pairwise,-0.925,624,1684,1684,0.00370694774346793,6.242499999999994,OBSERVED_VALUE,all_training_conditions,7.167499999999998,0.9720775371442447,0.3735626437356264,FDR_NOT_SIGNIFICANT,relative_change_lt_0.0633802816901__and__elapsed_seconds_ge_-38,1,False,UNKNOWN,record,1060
1.0,-52.20642499999999,21.036137499999988,ResearchRun,GROSS_REFERENCE_PROXY,BLOCK_DATA_FEE_SLIPPAGE_LIQUIDITY,pairwise,-0.915,563,1686,1686,-0.00904982206405693,-15.257999999999985,OBSERVED_VALUE,all_training_conditions,-14.343,0.9720775371442447,0.7907209279072093,FDR_NOT_SIGNIFICANT,relative_change_lt_0.0633802816901__and__elapsed_seconds_ge_-4388,1,False,UNKNOWN,record,1123
1.0,-38.356649999999995,35.47802499999998,ResearchRun,GROSS_REFERENCE_PROXY,BLOCK_DATA_FEE_SLIPPAGE_LIQUIDITY,pairwise,-0.925,619,1686,1686,-0.0006883155397390267,-1.160499999999999,OBSERVED_VALUE,all_training_conditions,-0.23549999999999716,0.9720775371442447,0.5261473852614739,FDR_NOT_SIGNIFICANT,relative_change_lt_0.0633802816901__and__elapsed_seconds_ge_-52,1,False,UNKNOWN,record,1067
1.0,-35.1880625,36.161599999999986,ResearchRun,GROSS_REFERENCE_PROXY,BLOCK_DATA_FEE_SLIPPAGE_LIQUIDITY,pairwise,-0.925,635,1684,1684,0.00034590261282660417,0.5825000000000015,OBSERVED_VALUE,all_training_conditions,1.507499999999996,0.9720775371442447,0.5037496250374962,FDR_NOT_SIGNIFICANT,relative_change_lt_0.0633802816901__and__elapsed_seconds_ge_300,1,False,UNKNOWN,record,1049
1.0,-49.676312499999995,22.061524999999982,ResearchRun,GROSS_REFERENCE_PROXY,BLOCK_DATA_FEE_SLIPPAGE_LIQUIDITY,pairwise,-0.915,551,1652,1652,-0.008779055690072634,-14.50299999999999,OBSERVED_VALUE,all_training_conditions,-13.587999999999997,0.9720775371442447,0.7833216678332167,FDR_NOT_SIGNIFICANT,relative_change_lt_0.0633802816901__and__elapsed_seconds_lt_-23,1,False,UNKNOWN,record,1101
1.0,-50.0245,21.405112499999987,ResearchRun,GROSS_REFERENCE_PROXY,BLOCK_DATA_FEE_SLIPPAGE_LIQUIDITY,pairwise,-0.915,528,1585,1585,-0.008734384858044156,-13.843999999999987,OBSERVED_VALUE,all_training_conditions,-12.928999999999998,0.9720775371442447,0.7749225077492251,FDR_NOT_SIGNIFICANT,relative_change_lt_0.0633802816901__and__elapsed_seconds_lt_-38,1,False,UNKNOWN,record,1057
1.0,-43.7332625,22.722099999999994,ResearchRun,GROSS_REFERENCE_PROXY,BLOCK_DATA_FEE_SLIPPAGE_LIQUIDITY,pairwise,-0.915,443,1330,1330,-0.007730451127819553,-10.281500000000005,OBSERVED_VALUE,all_training_conditions,-9.366499999999998,0.9720775371442447,0.7247275272472753,FDR_NOT_SIGNIFICANT,relative_change_lt_0.0633802816901__and__elapsed_seconds_lt_-52,1,False,UNKNOWN,record,887
1.0,-51.93708749999999,21.6137125,ResearchRun,GROSS_REFERENCE_PROXY,BLOCK_DATA_FEE_SLIPPAGE_LIQUIDITY,pairwise,-0.915,563,1686,1686,-0.00904982206405693,-15.257999999999985,OBSERVED_VALUE,all_training_conditions,-14.343,0.9720775371442447,0.7873212678732127,FDR_NOT_SIGNIFICANT,relative_change_lt_0.0633802816901__and__elapsed_seconds_lt_300,1,False,UNKNOWN,record,1123
1.0,-40.17116249999997,19.096212499999996,ResearchRun,GROSS_REFERENCE_PROXY,BLOCK_DATA_FEE_SLIPPAGE_LIQUIDITY,pairwise,-0.905,348,1031,1031,-0.010561105722599412,-10.888499999999993,OBSERVED_VALUE,all_training_conditions,-9.983499999999998,0.9720775371442447,0.7722227777222278,FDR_NOT_SIGNIFICANT,relative_change_lt_0.0633802816901__and__level_eq_ATP,1,False,UNKNOWN,record,683
1.0,-26.8071125,17.986937499999993,ResearchRun,GROSS_REFERENCE_PROXY,BLOCK_DATA_FEE_SLIPPAGE_LIQUIDITY,pairwise,-0.915,215,655,655,-0.00667099236641222,-4.369500000000004,OBSERVED_VALUE,all_training_conditions,-3.4545000000000003,0.9720775371442447,0.6545345465453455,FDR_NOT_SIGNIFICANT,relative_change_lt_0.0633802816901__and__level_eq_WTA,1,False,UNKNOWN,record,440
1.0,-52.7054875,21.6260375,ResearchRun,GROSS_REFERENCE_PROXY,BLOCK_DATA_FEE_SLIPPAGE_LIQUIDITY,path_behavior,-0.915,563,1686,1686,-0.00904982206405693,-15.257999999999985,OBSERVED_VALUE,all_training_conditions,-14.343,0.9720775371442447,0.7943205679432057,FDR_NOT_SIGNIFICANT,relative_change_lt_1.81481481481,1,False,UNKNOWN,record,1123
1.0,-47.73643749999997,24.680537499999996,ResearchRun,GROSS_REFERENCE_PROXY,BLOCK_DATA_FEE_SLIPPAGE_LIQUIDITY,pairwise,-0.925,554,1684,1684,-0.006807304038004746,-11.463499999999993,OBSERVED_VALUE,all_training_conditions,-10.538499999999996,0.9720775371442447,0.7390260973902609,FDR_NOT_SIGNIFICANT,relative_change_lt_1.81481481481__and__elapsed_seconds_ge_-23,1,False,UNKNOWN,record,1130
1.0,-47.0087,24.483549999999997,ResearchRun,GROSS_REFERENCE_PROXY,BLOCK_DATA_FEE_SLIPPAGE_LIQUIDITY,pairwise,-0.925,554,1684,1684,-0.006801365795724462,-11.453499999999995,OBSERVED_VALUE,all_training_conditions,-10.528499999999998,0.9720775371442447,0.7309269073092691,FDR_NOT_SIGNIFICANT,relative_change_lt_1.81481481481__and__elapsed_seconds_ge_-38,1,False,UNKNOWN,record,1130
1.0,-52.3788125,21.517324999999992,ResearchRun,GROSS_REFERENCE_PROXY,BLOCK_DATA_FEE_SLIPPAGE_LIQUIDITY,pairwise,-0.915,563,1686,1686,-0.00904982206405693,-15.257999999999985,OBSERVED_VALUE,all_training_conditions,-14.343,0.9720775371442447,0.7966203379662034,FDR_NOT_SIGNIFICANT,relative_change_lt_1.81481481481__and__elapsed_seconds_ge_-4388,1,False,UNKNOWN,record,1123
1.0,-44.0947,27.988412499999992,ResearchRun,GROSS_REFERENCE_PROXY,BLOCK_DATA_FEE_SLIPPAGE_LIQUIDITY,pairwise,-0.925,551,1686,1686,-0.004629300118623972,-7.8050000000000175,OBSERVED_VALUE,all_training_conditions,-6.88,0.9720775371442447,0.6652334766523348,FDR_NOT_SIGNIFICANT,relative_change_lt_1.81481481481__and__elapsed_seconds_ge_-52,1,False,UNKNOWN,record,1135
1.0,-47.8879125,24.200125,ResearchRun,GROSS_REFERENCE_PROXY,BLOCK_DATA_FEE_SLIPPAGE_LIQUIDITY,pairwise,-0.925,554,1684,1684,-0.007044833729216149,-11.863499999999995,OBSERVED_VALUE,all_training_conditions,-10.938499999999998,0.9720775371442447,0.7418258174182581,FDR_NOT_SIGNIFICANT,relative_change_lt_1.81481481481__and__elapsed_seconds_ge_300,1,False,UNKNOWN,record,1130
1.0,-50.621912499999986,20.936949999999985,ResearchRun,GROSS_REFERENCE_PROXY,BLOCK_DATA_FEE_SLIPPAGE_LIQUIDITY,pairwise,-0.915,551,1652,1652,-0.008779055690072634,-14.50299999999999,OBSERVED_VALUE,all_training_conditions,-13.587999999999997,0.9720775371442447,0.7832216778322167,FDR_NOT_SIGNIFICANT,relative_change_lt_1.81481481481__and__elapsed_seconds_lt_-23,1,False,UNKNOWN,record,1101
1.0,-49.330175,21.92919999999998,ResearchRun,GROSS_REFERENCE_PROXY,BLOCK_DATA_FEE_SLIPPAGE_LIQUIDITY,pairwise,-0.915,528,1585,1585,-0.008734384858044156,-13.843999999999987,OBSERVED_VALUE,all_training_conditions,-12.928999999999998,0.9720775371442447,0.7769223077692231,FDR_NOT_SIGNIFICANT,relative_change_lt_1.81481481481__and__elapsed_seconds_lt_-38,1,False,UNKNOWN,record,1057
1.0,-42.50904999999997,22.468224999999983,ResearchRun,GROSS_REFERENCE_PROXY,BLOCK_DATA_FEE_SLIPPAGE_LIQUIDITY,pairwise,-0.915,443,1330,1330,-0.007730451127819553,-10.281500000000005,OBSERVED_VALUE,all_training_conditions,-9.366499999999998,0.9720775371442447,0.7307269273072693,FDR_NOT_SIGNIFICANT,relative_change_lt_1.81481481481__and__elapsed_seconds_lt_-52,1,False,UNKNOWN,record,887
1.0,-51.7585,21.5237375,ResearchRun,GROSS_REFERENCE_PROXY,BLOCK_DATA_FEE_SLIPPAGE_LIQUIDITY,pairwise,-0.915,563,1686,1686,-0.00904982206405693,-15.257999999999985,OBSERVED_VALUE,all_training_conditions,-14.343,0.9720775371442447,0.7925207479252074,FDR_NOT_SIGNIFICANT,relative_change_lt_1.81481481481__and__elapsed_seconds_lt_300,1,False,UNKNOWN,record,1123
1.0,-39.3393125,18.035687499999998,ResearchRun,GROSS_REFERENCE_PROXY,BLOCK_DATA_FEE_SLIPPAGE_LIQUIDITY,pairwise,-0.905,348,1031,1031,-0.010561105722599412,-10.888499999999993,OBSERVED_VALUE,all_training_conditions,-9.983499999999998,0.9720775371442447,0.7762223777622238,FDR_NOT_SIGNIFICANT,relative_change_lt_1.81481481481__and__level_eq_ATP,1,False,UNKNOWN,record,683
1.0,-27.294999999999987,18.258737499999995,ResearchRun,GROSS_REFERENCE_PROXY,BLOCK_DATA_FEE_SLIPPAGE_LIQUIDITY,pairwise,-0.915,215,655,655,-0.00667099236641222,-4.369500000000004,OBSERVED_VALUE,all_training_conditions,-3.4545000000000003,0.9720775371442447,0.6479352064793521,FDR_NOT_SIGNIFICANT,relative_change_lt_1.81481481481__and__level_eq_WTA,1,False,UNKNOWN,record,440
,,,ResearchRun,NOT_EVALUATED,NOT_APPLICABLE,match_state,,0,0,0,,0.0,OBSERVED_VALUE,all_training_conditions,0.0,,,INADEQUATE_FIELD_COVERAGE,UNAVAILABLE_MATCH_STATE,1,False,UNKNOWN,record,0
,,,ResearchRun,NOT_EVALUATED,NOT_APPLICABLE,execution_feasibility,,0,0,0,,0.0,OBSERVED_VALUE,all_training_conditions,0.0,,,INADEQUATE_FIELD_COVERAGE,UNAVAILABLE_EXECUTION_FEASIBILITY,1,False,UNKNOWN,record,0
,,,ResearchRun,NOT_EVALUATED,NOT_APPLICABLE,input_validation,,0,0,0,,0.0,OBSERVED_VALUE,all_training_conditions,0.0,,,INVALID_ARITHMETIC,UNAVAILABLE_INVALID_ARITHMETIC,1,False,UNKNOWN,record,0
